Tournament ID,Year,Round,Location,Winner,Winner ID,Loser,Loser Id,Match Length,1st Set,2nd Set,3rd Set,4th Set,5th Set
339,2025,Final,brisbane_international_presented_by_evie,Jiri Lehecka,l0bv,Reilly Opelka,o522,00:13:09,-,-,-,-,-
339,2025,Semifinals,brisbane_international_presented_by_evie,Jiri Lehecka,l0bv,Grigor Dimitrov,d875,01:23:33, 6  -  4 , 4  -  4 ,-,-,-
339,2025,Semifinals,brisbane_international_presented_by_evie,Reilly Opelka,o522,Giovanni Mpetshi Perricard,m0gz,01:26:13, 6  -  3 , 7  -  6 4 ,-,-,-
339,2025,Quarterfinals,brisbane_international_presented_by_evie,Reilly Opelka,o522,Novak Djokovic,d643,01:40:11, 7  -  6 6 , 6  -  3 ,-,-,-
339,2025,Quarterfinals,brisbane_international_presented_by_evie,Grigor Dimitrov,d875,Jordan Thompson,tc61,00:43:03, 6  -  1 , 2  -  1 ,-,-,-
339,2025,Quarterfinals,brisbane_international_presented_by_evie,Jiri Lehecka,l0bv,Nicolas Jarry,j551,01:29:50, 6  -  4 , 6  -  4 ,-,-,-
339,2025,Quarterfinals,brisbane_international_presented_by_evie,Giovanni Mpetshi Perricard,m0gz,Jakub Mensik,m0ni,01:32:08, 7  -  5 , 7  -  6 5 ,-,-,-
339,2025,Round of 16,brisbane_international_presented_by_evie,Novak Djokovic,d643,Gael Monfils,mc65,01:12:49, 6  -  3 , 6  -  3 ,-,-,-
339,2025,Round of 16,brisbane_international_presented_by_evie,Giovanni Mpetshi Perricard,m0gz,Frances Tiafoe,td51,01:32:51, 6  -  4 , 7  -  6 4 ,-,-,-
339,2025,Round of 16,brisbane_international_presented_by_evie,Jakub Mensik,m0ni,Dusan Lajovic,l987,01:05:11, 6  -  3 , 6  -  2 ,-,-,-
339,2025,Round of 16,brisbane_international_presented_by_evie,Reilly Opelka,o522,Matteo Arnaldi,a0fc,01:56:38, 7  -  6 9 , 7  -  6 4 ,-,-,-
339,2025,Round of 16,brisbane_international_presented_by_evie,Grigor Dimitrov,d875,Aleksandar Vukic,v832,01:23:14, 6  -  2 , 7  -  6 5 ,-,-,-
339,2025,Round of 16,brisbane_international_presented_by_evie,Jordan Thompson,tc61,Alex Michelsen,m0qi,01:42:45, 7  -  5 , 6  -  3 ,-,-,-
339,2025,Round of 16,brisbane_international_presented_by_evie,Nicolas Jarry,j551,Benjamin Bonzi,bm95,01:05:59, 6  -  2 , 6  -  3 ,-,-,-
339,2025,Round of 16,brisbane_international_presented_by_evie,Jiri Lehecka,l0bv,Yoshihito Nishioka,n732,02:19:43, 6  -  2 , 6 5  -  7 , 6  -  4 ,-,-
339,2025,Round of 32,brisbane_international_presented_by_evie,Novak Djokovic,d643,Rinky Hijikata,h0bh,01:14:39, 6  -  3 , 6  -  3 ,-,-,-
339,2025,Round of 32,brisbane_international_presented_by_evie,Frances Tiafoe,td51,Adam Walton,w09e,01:30:47, 7  -  6 5 , 6  -  3 ,-,-,-
339,2025,Round of 32,brisbane_international_presented_by_evie,Matteo Arnaldi,a0fc,Alexei Popyrin,p09z,01:09:19, 6  -  3 , 6  -  2 ,-,-,-
339,2025,Round of 32,brisbane_international_presented_by_evie,Dusan Lajovic,l987,Arthur Cazaux,c0h0,01:41:37, 6  -  4 , 6  -  4 ,-,-,-
339,2025,Round of 32,brisbane_international_presented_by_evie,Jakub Mensik,m0ni,Mikhail Kukushkin,k926,01:34:19, 7  -  6 3 , 6  -  4 ,-,-,-
339,2025,Round of 32,brisbane_international_presented_by_evie,Gael Monfils,mc65,Nishesh Basavareddy,b0nn,01:49:42, 6  -  4 , 4  -  6 , 6  -  1 ,-,-
339,2025,Round of 32,brisbane_international_presented_by_evie,Giovanni Mpetshi Perricard,m0gz,Nick Kyrgios,ke17,02:27:14, 7  -  6 2 , 6 4  -  7 , 7  -  6 3 ,-,-
339,2025,Round of 32,brisbane_international_presented_by_evie,Reilly Opelka,o522,Federico Agustin Gomez,gj16,01:15:29, 7  -  5 , 6  -  4 ,-,-,-
339,2025,Round of 32,brisbane_international_presented_by_evie,Grigor Dimitrov,d875,Yannick Hanfmann,h997,01:47:44, 7  -  6 5 , 6  -  3 ,-,-,-
339,2025,Round of 32,brisbane_international_presented_by_evie,Jiri Lehecka,l0bv,Holger Rune,r0dg,01:24:42, 7  -  5 , 6  -  3 ,-,-,-
339,2025,Round of 32,brisbane_international_presented_by_evie,Benjamin Bonzi,bm95,Alejandro Tabilo,te30,02:48:51, 6 8  -  7 , 7  -  6 5 , 6  -  4 ,-,-
339,2025,Round of 32,brisbane_international_presented_by_evie,Jordan Thompson,tc61,Matteo Berrettini,bk40,02:14:08, 3  -  6 , 6  -  3 , 6  -  4 ,-,-
339,2025,Round of 32,brisbane_international_presented_by_evie,Nicolas Jarry,j551,Mariano Navone,n0bs,01:48:45, 7  -  5 , 7  -  6 7 ,-,-,-
339,2025,Round of 32,brisbane_international_presented_by_evie,Alex Michelsen,m0qi,Christopher O'Connell,o483,02:24:25, 6  -  4 , 4  -  6 , 7  -  6 10 ,-,-
339,2025,Round of 32,brisbane_international_presented_by_evie,Yoshihito Nishioka,n732,Arthur Rinderknech,rc91,01:14:45, 6  -  3 , 6  -  4 ,-,-,-
339,2025,Round of 32,brisbane_international_presented_by_evie,Aleksandar Vukic,v832,David Goffin,gb88,01:22:13, 6  -  2 , 6  -  3 ,-,-,-
339,2025,2nd Round Qualifying,brisbane_international_presented_by_evie,Yoshihito Nishioka,n732,Li Tu,tc01,02:04:17, 6  -  3 , 2  -  6 , 6  -  4 ,-,-
339,2025,2nd Round Qualifying,brisbane_international_presented_by_evie,Benjamin Bonzi,bm95,Adrian Andreev,a0ab,00:20:21,-,-,-,-,-
339,2025,2nd Round Qualifying,brisbane_international_presented_by_evie,Federico Agustin Gomez,gj16,Dusan Lajovic,l987,01:09:29, 6  -  1 , 7  -  6 4 ,-,-,-
339,2025,2nd Round Qualifying,brisbane_international_presented_by_evie,Yannick Hanfmann,h997,Richard Gasquet,g628,01:37:58, 7  -  6 4 , 6  -  3 ,-,-,-
339,2025,2nd Round Qualifying,brisbane_international_presented_by_evie,Nishesh Basavareddy,b0nn,Lucas Pouille,pf39,01:16:35, 6  -  4 , 6  -  4 ,-,-,-
339,2025,2nd Round Qualifying,brisbane_international_presented_by_evie,Mikhail Kukushkin,k926,Tristan Schoolkate,s0n0,01:36:43, 6  -  4 , 6  -  4 ,-,-,-
339,2025,1st Round Qualifying,brisbane_international_presented_by_evie,Yoshihito Nishioka,n732,Alex Bolt,bi81,01:39:17, 6  -  2 , 7  -  6 4 ,-,-,-
339,2025,1st Round Qualifying,brisbane_international_presented_by_evie,Benjamin Bonzi,bm95,James McCabe,m0oq,01:10:47, 6  -  3 , 6  -  2 ,-,-,-
339,2025,1st Round Qualifying,brisbane_international_presented_by_evie,Dusan Lajovic,l987,Casey Hoole,h0eq,01:59:38, 5  -  7 , 7  -  5 , 2  -  0 ,-,-
339,2025,1st Round Qualifying,brisbane_international_presented_by_evie,Tristan Schoolkate,s0n0,James Duckworth,d994,01:21:56, 6  -  4 , 6  -  4 ,-,-,-
339,2025,1st Round Qualifying,brisbane_international_presented_by_evie,Yannick Hanfmann,h997,Jacob Bradshaw,b0ot,01:19:12, 6  -  4 , 6  -  2 ,-,-,-
339,2025,1st Round Qualifying,brisbane_international_presented_by_evie,Lucas Pouille,pf39,Jason Kubler,kb95,02:29:50, 4  -  6 , 6  -  3 , 7  -  6 6 ,-,-
339,2025,1st Round Qualifying,brisbane_international_presented_by_evie,Mikhail Kukushkin,k926,Andrea Collarini,cc66,01:34:51, 6  -  2 , 6  -  4 ,-,-,-
339,2025,1st Round Qualifying,brisbane_international_presented_by_evie,Adrian Andreev,a0ab,Chun-Hsin Tseng,t0ap,02:52:37, 6  -  4 , 3  -  6 , 7  -  6 5 ,-,-
339,2025,1st Round Qualifying,brisbane_international_presented_by_evie,Richard Gasquet,g628,Derek Pham,p0kj,00:57:49, 6  -  1 , 6  -  2 ,-,-,-
339,2025,1st Round Qualifying,brisbane_international_presented_by_evie,Li Tu,tc01,Lukas Klein,ki63,01:17:41, 6  -  4 , 6  -  4 ,-,-,-
339,2025,1st Round Qualifying,brisbane_international_presented_by_evie,Federico Agustin Gomez,gj16,Ugo Blanchet,bv16,01:50:21, 3  -  6 , 6  -  3 , 7  -  5 ,-,-
339,2025,1st Round Qualifying,brisbane_international_presented_by_evie,Nishesh Basavareddy,b0nn,Borna Gojo,gh92,02:26:40, 4  -  6 , 7  -  6 4 , 6  -  4 ,-,-
336,2025,Final,bank_of_china_hong_kong_tennis_open,Alexandre Muller,mp20,Kei Nishikori,n552,01:43:18, 2  -  6 , 6  -  1 , 6  -  3 ,-,-
336,2025,Semifinals,bank_of_china_hong_kong_tennis_open,Alexandre Muller,mp20,Jaume Munar,mu94,02:25:41, 4  -  6 , 7  -  6 5 , 6  -  4 ,-,-
336,2025,Semifinals,bank_of_china_hong_kong_tennis_open,Kei Nishikori,n552,Juncheng Shang,s0re,00:20:58,-,-,-,-,-
336,2025,Quarterfinals,bank_of_china_hong_kong_tennis_open,Jaume Munar,mu94,Lorenzo Musetti,m0ej,02:36:25, 2  -  6 , 7  -  6 4 , 7  -  5 ,-,-
336,2025,Quarterfinals,bank_of_china_hong_kong_tennis_open,Alexandre Muller,mp20,Arthur Fils,f0f1,01:51:03, 3  -  6 , 6  -  3 , 6  -  1 ,-,-
336,2025,Quarterfinals,bank_of_china_hong_kong_tennis_open,Kei Nishikori,n552,Cameron Norrie,n771,01:41:14, 6  -  3 , 3  -  6 , 6  -  2 ,-,-
336,2025,Quarterfinals,bank_of_china_hong_kong_tennis_open,Juncheng Shang,s0re,Fabian Marozsan,m0ci,01:44:24, 1  -  6 , 6  -  3 , 6  -  4 ,-,-
336,2025,Round of 16,bank_of_china_hong_kong_tennis_open,Fabian Marozsan,m0ci,Andrey Rublev,re44,01:58:21, 7  -  5 , 3  -  6 , 6  -  3 ,-,-
336,2025,Round of 16,bank_of_china_hong_kong_tennis_open,Lorenzo Musetti,m0ej,Gabriel Diallo,d0f6,01:26:19, 6  -  4 , 6  -  3 ,-,-,-
336,2025,Round of 16,bank_of_china_hong_kong_tennis_open,Jaume Munar,mu94,Nuno Borges,bt72,01:23:42, 6  -  3 , 7  -  5 ,-,-,-
336,2025,Round of 16,bank_of_china_hong_kong_tennis_open,Juncheng Shang,s0re,Pedro Martinez,mo44,01:17:00, 6  -  3 , 6  -  1 ,-,-,-
336,2025,Round of 16,bank_of_china_hong_kong_tennis_open,Kei Nishikori,n552,Karen Khachanov,ke29,02:09:23, 4  -  6 , 6  -  3 , 7  -  5 ,-,-
336,2025,Round of 16,bank_of_china_hong_kong_tennis_open,Arthur Fils,f0f1,Zizou Bergs,bu13,01:40:06, 7  -  6 7 , 6  -  4 ,-,-,-
336,2025,Round of 16,bank_of_china_hong_kong_tennis_open,Alexandre Muller,mp20,Miomir Kecmanovic,ki95,03:30:08, 5  -  7 , 7  -  6 6 , 7  -  6 10 ,-,-
336,2025,Round of 16,bank_of_china_hong_kong_tennis_open,Cameron Norrie,n771,Lorenzo Sonego,su87,02:24:26, 6  -  2 , 4  -  6 , 6  -  1 ,-,-
336,2025,Round of 32,bank_of_china_hong_kong_tennis_open,Nuno Borges,bt72,Yunchaokete Bu,y09v,02:14:07, 3  -  6 , 6  -  3 , 7  -  6 6 ,-,-
336,2025,Round of 32,bank_of_china_hong_kong_tennis_open,Pedro Martinez,mo44,Francesco Passaro,p0ct,01:29:46, 6  -  4 , 6  -  4 ,-,-,-
336,2025,Round of 32,bank_of_china_hong_kong_tennis_open,Zizou Bergs,bu13,Alejandro Moro Canas,m0ht,01:31:27, 6  -  4 , 6  -  4 ,-,-,-
336,2025,Round of 32,bank_of_china_hong_kong_tennis_open,Gabriel Diallo,d0f6,Roberto Carballes Baena,cf59,02:49:36, 4  -  6 , 7  -  6 4 , 7  -  5 ,-,-
336,2025,Round of 32,bank_of_china_hong_kong_tennis_open,Alexandre Muller,mp20,Marc-Andrea Huesler,hh06,02:05:18, 2  -  6 , 6  -  4 , 6  -  3 ,-,-
336,2025,Round of 32,bank_of_china_hong_kong_tennis_open,Jaume Munar,mu94,Alejandro Davidovich Fokina,dh50,01:57:11, 4  -  6 , 6  -  3 , 6  -  3 ,-,-
336,2025,Round of 32,bank_of_china_hong_kong_tennis_open,Kei Nishikori,n552,Denis Shapovalov,su55,00:58:06, 6  -  2 , 6  -  3 ,-,-,-
336,2025,Round of 32,bank_of_china_hong_kong_tennis_open,Juncheng Shang,s0re,Coleman Wong,w0bh,01:29:51, 7  -  6 3 , 6  -  4 ,-,-,-
336,2025,Round of 32,bank_of_china_hong_kong_tennis_open,Lorenzo Sonego,su87,Brandon Nakashima,n0ae,01:30:59, 7  -  6 4 , 6  -  3 ,-,-,-
336,2025,Round of 32,bank_of_china_hong_kong_tennis_open,Miomir Kecmanovic,ki95,Luciano Darderi,d0fj,01:07:16, 6  -  3 , 6  -  3 ,-,-,-
336,2025,Round of 32,bank_of_china_hong_kong_tennis_open,Fabian Marozsan,m0ci,Roman Safiullin,sx50,01:33:27, 6  -  1 , 7  -  6 9 ,-,-,-
336,2025,Round of 32,bank_of_china_hong_kong_tennis_open,Cameron Norrie,n771,Learner Tien,t0ha,01:38:10, 6  -  3 , 7  -  5 ,-,-,-
336,2025,2nd Round Qualifying,bank_of_china_hong_kong_tennis_open,Marc-Andrea Huesler,hh06,Pavel Kotov,k09f,01:44:15, 7  -  6 7 , 6  -  4 ,-,-,-
336,2025,2nd Round Qualifying,bank_of_china_hong_kong_tennis_open,Gabriel Diallo,d0f6,Hugo Grenier,gf95,01:52:01, 4  -  6 , 6  -  1 , 7  -  5 ,-,-
336,2025,2nd Round Qualifying,bank_of_china_hong_kong_tennis_open,Francesco Passaro,p0ct,Denis Yevseyev,y171,01:57:29, 4  -  6 , 6  -  2 , 6  -  4 ,-,-
336,2025,2nd Round Qualifying,bank_of_china_hong_kong_tennis_open,Alejandro Moro Canas,m0ht,Jie Cui,c0aj,01:25:08, 6  -  2 , 6  -  3 ,-,-,-
336,2025,1st Round Qualifying,bank_of_china_hong_kong_tennis_open,Pavel Kotov,k09f,Valentin Royer,r0eb,02:36:20, 3  -  6 , 7  -  5 , 7  -  6 5 ,-,-
336,2025,1st Round Qualifying,bank_of_china_hong_kong_tennis_open,Gabriel Diallo,d0f6,Ki Lung Ng,n0aj,01:51:53, 7  -  6 2 , 6  -  2 ,-,-,-
336,2025,1st Round Qualifying,bank_of_china_hong_kong_tennis_open,Alejandro Moro Canas,m0ht,Daniel Altmaier,ae14,01:15:50, 6  -  4 , 6  -  3 ,-,-,-
336,2025,1st Round Qualifying,bank_of_china_hong_kong_tennis_open,Francesco Passaro,p0ct,Aziz Dougaz,df88,01:59:48, 7  -  5 , 4  -  6 , 6  -  3 ,-,-
336,2025,1st Round Qualifying,bank_of_china_hong_kong_tennis_open,Marc-Andrea Huesler,hh06,Laslo Djere,db63,01:41:33, 7  -  5 , 6  -  4 ,-,-,-
336,2025,1st Round Qualifying,bank_of_china_hong_kong_tennis_open,Jie Cui,c0aj,Juan Manuel Cerundolo,c0c8,01:40:06, 6  -  2 , 6  -  4 ,-,-,-
336,2025,1st Round Qualifying,bank_of_china_hong_kong_tennis_open,Denis Yevseyev,y171,Cristian Garin,gd64,01:45:46, 6  -  4 , 2  -  6 , 6  -  2 ,-,-
336,2025,1st Round Qualifying,bank_of_china_hong_kong_tennis_open,Hugo Grenier,gf95,Terence Atmane,a0gc,01:52:43, 3  -  6 , 6  -  3 , 6  -  4 ,-,-
8998,2025,Final,adelaide_international,Felix Auger-Aliassime,ag37,Sebastian Korda,k0ah,01:49:53, 6  -  3 , 3  -  6 , 6  -  1 ,-,-
8998,2025,Semifinals,adelaide_international,Felix Auger-Aliassime,ag37,Tommy Paul,pl56,02:44:50, 7  -  6 3 , 3  -  6 , 6  -  4 ,-,-
8998,2025,Semifinals,adelaide_international,Sebastian Korda,k0ah,Miomir Kecmanovic,ki95,01:19:00, 6  -  3 , 7  -  6 4 ,-,-,-
8998,2025,Quarterfinals,adelaide_international,Tommy Paul,pl56,Rinky Hijikata,h0bh,01:18:43, 6  -  3 , 6  -  4 ,-,-,-
8998,2025,Quarterfinals,adelaide_international,Sebastian Korda,k0ah,Thanasi Kokkinakis,kd46,(2),-,-,-,-,-
8998,2025,Quarterfinals,adelaide_international,Felix Auger-Aliassime,ag37,Marcos Giron,gc88,01:40:53, 7  -  6 3 , 6  -  3 ,-,-,-
8998,2025,Quarterfinals,adelaide_international,Miomir Kecmanovic,ki95,Benjamin Bonzi,bm95,01:04:09, 6  -  2 , 6  -  3 ,-,-,-
8998,2025,Round of 16,adelaide_international,Tommy Paul,pl56,Manuel Guinard,gh33,01:51:42, 6  -  4 , 3  -  6 , 6  -  3 ,-,-
8998,2025,Round of 16,adelaide_international,Sebastian Korda,k0ah,Alejandro Davidovich Fokina,dh50,01:31:43, 6  -  3 , 6  -  3 ,-,-,-
8998,2025,Round of 16,adelaide_international,Felix Auger-Aliassime,ag37,Arthur Cazaux,c0h0,02:33:34, 1  -  6 , 6  -  4 , 7  -  5 ,-,-
8998,2025,Round of 16,adelaide_international,Rinky Hijikata,h0bh,Brandon Nakashima,n0ae,02:01:39, 6  -  2 , 3  -  6 , 7  -  6 5 ,-,-
8998,2025,Round of 16,adelaide_international,Thanasi Kokkinakis,kd46,Tomas Martin Etcheverry,ea24,03:02:50, 7  -  5 , 4  -  6 , 7  -  6 4 ,-,-
8998,2025,Round of 16,adelaide_international,Benjamin Bonzi,bm95,Li Tu,tc01,01:25:16, 6  -  3 , 6  -  3 ,-,-,-
8998,2025,Round of 16,adelaide_international,Marcos Giron,gc88,Denis Shapovalov,su55,01:18:37, 7  -  5 , 6  -  2 ,-,-,-
8998,2025,Round of 16,adelaide_international,Miomir Kecmanovic,ki95,Christopher O'Connell,o483,01:31:03, 7  -  6 1 , 6  -  2 ,-,-,-
8998,2025,Round of 32,adelaide_international,Miomir Kecmanovic,ki95,Alexander Bublik,bk92,01:02:58, 6  -  4 , 6  -  2 ,-,-,-
8998,2025,Round of 32,adelaide_international,Brandon Nakashima,n0ae,Yannick Hanfmann,h997,01:40:57, 6  -  1 , 2  -  6 , 6  -  3 ,-,-
8998,2025,Round of 32,adelaide_international,Tomas Martin Etcheverry,ea24,Tristan Schoolkate,s0n0,01:51:50, 7  -  6 8 , 6  -  3 ,-,-,-
8998,2025,Round of 32,adelaide_international,Arthur Cazaux,c0h0,Adam Walton,w09e,01:42:28, 7  -  5 , 6  -  1 ,-,-,-
8998,2025,Round of 32,adelaide_international,Marcos Giron,gc88,Aleksandar Vukic,v832,01:43:18, 6  -  2 , 3  -  6 , 6  -  3 ,-,-
8998,2025,Round of 32,adelaide_international,Manuel Guinard,gh33,Roman Safiullin,sx50,02:07:58, 7  -  6 4 , 2  -  6 , 6  -  1 ,-,-
8998,2025,Round of 32,adelaide_international,Rinky Hijikata,h0bh,David Goffin,gb88,01:12:46, 6  -  1 , 6  -  2 ,-,-,-
8998,2025,Round of 32,adelaide_international,Li Tu,tc01,James Duckworth,d994,01:13:44, 6  -  1 , 7  -  5 ,-,-,-
8998,2025,Round of 32,adelaide_international,Denis Shapovalov,su55,Zhizhen Zhang,z371,01:07:29, 6  -  3 , 6  -  4 ,-,-,-
8998,2025,Round of 32,adelaide_international,Alejandro Davidovich Fokina,dh50,Roberto Bautista Agut,bd06,01:43:03, 7  -  5 , 6  -  2 ,-,-,-
8998,2025,Round of 32,adelaide_international,Thanasi Kokkinakis,kd46,Yoshihito Nishioka,n732,02:10:13, 6  -  3 , 3  -  6 , 6  -  3 ,-,-
8998,2025,Round of 32,adelaide_international,Christopher O'Connell,o483,Arthur Rinderknech,rc91,01:39:17, 7  -  5 , 7  -  6 5 ,-,-,-
8998,2025,2nd Round Qualifying,adelaide_international,Adam Walton,w09e,Rinky Hijikata,h0bh,02:21:17, 1  -  6 , 7  -  6 4 , 6  -  4 ,-,-
8998,2025,2nd Round Qualifying,adelaide_international,Benjamin Bonzi,bm95,James McCabe,m0oq,02:15:16, 6  -  3 , 4  -  6 , 6  -  3 ,-,-
8998,2025,2nd Round Qualifying,adelaide_international,James Duckworth,d994,Jacob Bradshaw,b0ot,01:04:55, 6  -  2 , 6  -  2 ,-,-,-
8998,2025,2nd Round Qualifying,adelaide_international,Yannick Hanfmann,h997,Manuel Guinard,gh33,01:31:36, 7  -  6 1 , 6  -  3 ,-,-,-
8998,2025,1st Round Qualifying,adelaide_international,Jacob Bradshaw,b0ot,Quentin Halys,hb64,00:19:05,-,-,-,-,-
8998,2025,1st Round Qualifying,adelaide_international,Rinky Hijikata,h0bh,Omar Jasika,j553,00:35:09, 6  -  0 , 2  -  1 ,-,-,-
8998,2025,1st Round Qualifying,adelaide_international,Benjamin Bonzi,bm95,Fabio Fognini,f510,00:27:53,-,-,-,-,-
8998,2025,1st Round Qualifying,adelaide_international,Yannick Hanfmann,h997,Hugo Gaston,g09o,02:02:07, 3  -  6 , 7  -  6 2 , 6  -  2 ,-,-
8998,2025,1st Round Qualifying,adelaide_international,Adam Walton,w09e,Dusan Lajovic,l987,02:04:48, 6  -  4 , 4  -  6 , 6  -  3 ,-,-
8998,2025,1st Round Qualifying,adelaide_international,James Duckworth,d994,Pavel Kotov,k09f,03:00:12, 7  -  6 3 , 6 7  -  7 , 7  -  6 5 ,-,-
8998,2025,1st Round Qualifying,adelaide_international,James McCabe,m0oq,Damir Dzumhur,d923,02:49:53, 6  -  4 , 3  -  6 , 7  -  5 ,-,-
8998,2025,1st Round Qualifying,adelaide_international,Manuel Guinard,gh33,Taro Daniel,da81,01:39:20, 7  -  5 , 6  -  4 ,-,-,-
301,2025,Final,asb_classic,Gael Monfils,mc65,Zizou Bergs,bu13,01:37:23, 6  -  3 , 6  -  4 ,-,-,-
301,2025,Semifinals,asb_classic,Zizou Bergs,bu13,Nuno Borges,bt72,02:16:17, 6  -  2 , 3  -  6 , 7  -  5 ,-,-
301,2025,Semifinals,asb_classic,Gael Monfils,mc65,Nishesh Basavareddy,b0nn,01:46:28, 7  -  6 5 , 6  -  4 ,-,-,-
301,2025,Quarterfinals,asb_classic,Nuno Borges,bt72,Jakub Mensik,m0ni,02:27:46, 6 4  -  7 , 6  -  2 , 7  -  6 4 ,-,-
301,2025,Quarterfinals,asb_classic,Nishesh Basavareddy,b0nn,Alex Michelsen,m0qi,01:42:10, 2  -  6 , 6  -  2 , 6  -  4 ,-,-
301,2025,Quarterfinals,asb_classic,Zizou Bergs,bu13,Roberto Carballes Baena,cf59,01:52:55, 1  -  6 , 6  -  2 , 6  -  3 ,-,-
301,2025,Quarterfinals,asb_classic,Gael Monfils,mc65,Facundo Diaz Acosta,d0cg,01:17:57, 6  -  3 , 6  -  1 ,-,-,-
301,2025,Round of 16,asb_classic,Jakub Mensik,m0ni,Ben Shelton,s0s1,02:38:21, 7  -  6 2 , 4  -  6 , 7  -  5 ,-,-
301,2025,Round of 16,asb_classic,Nishesh Basavareddy,b0nn,Alejandro Tabilo,te30,02:25:33, 6  -  4 , 5  -  7 , 6  -  4 ,-,-
301,2025,Round of 16,asb_classic,Facundo Diaz Acosta,d0cg,Sebastian Baez,b0bi,02:08:56, 6  -  4 , 7  -  6 1 ,-,-,-
301,2025,Round of 16,asb_classic,Roberto Carballes Baena,cf59,Francisco Cerundolo,c0au,01:31:10, 6  -  2 , 7  -  5 ,-,-,-
301,2025,Round of 16,asb_classic,Nuno Borges,bt72,Mariano Navone,n0bs,02:31:02, 4  -  6 , 7  -  5 , 6  -  4 ,-,-
301,2025,Round of 16,asb_classic,Alex Michelsen,m0qi,Lorenzo Sonego,su87,01:57:58, 7  -  6 3 , 6  -  2 ,-,-,-
301,2025,Round of 16,asb_classic,Zizou Bergs,bu13,Luca Nardi,n0bg,01:21:13, 6  -  1 , 6  -  4 ,-,-,-
301,2025,Round of 16,asb_classic,Gael Monfils,mc65,Jan-Lennard Struff,sl28,01:28:36, 6  -  1 , 7  -  6 5 ,-,-,-
301,2025,Round of 32,asb_classic,Luca Nardi,n0bg,Flavio Cobolli,c0e9,00:45:33, 6  -  2 , 1  -  1 ,-,-,-
301,2025,Round of 32,asb_classic,Nishesh Basavareddy,b0nn,Francisco Comesana,c0df,01:09:20, 6  -  2 , 6  -  2 ,-,-,-
301,2025,Round of 32,asb_classic,Facundo Diaz Acosta,d0cg,Cameron Norrie,n771,01:22:24, 6  -  2 , 6  -  3 ,-,-,-
301,2025,Round of 32,asb_classic,Jakub Mensik,m0ni,Pablo Carreno Busta,cd85,02:11:19, 6  -  2 , 4  -  6 , 7  -  5 ,-,-
301,2025,Round of 32,asb_classic,Gael Monfils,mc65,Pedro Martinez,mo44,02:24:54, 1  -  6 , 7  -  6 5 , 6  -  3 ,-,-
301,2025,Round of 32,asb_classic,Mariano Navone,n0bs,Adrian Mannarino,me82,03:07:56, 7  -  6 6 , 6 5  -  7 , 6  -  1 ,-,-
301,2025,Round of 32,asb_classic,Lorenzo Sonego,su87,Gabriel Diallo,d0f6,02:58:14, 7  -  6 5 , 2  -  6 , 7  -  6 7 ,-,-
301,2025,Round of 32,asb_classic,Jan-Lennard Struff,sl28,Yunchaokete Bu,y09v,01:21:22, 6  -  3 , 6  -  4 ,-,-,-
301,2025,Round of 32,asb_classic,Nuno Borges,bt72,Luciano Darderi,d0fj,02:02:27, 5  -  7 , 6  -  3 , 7  -  5 ,-,-
301,2025,Round of 32,asb_classic,Alex Michelsen,m0qi,Sumit Nagal,n897,02:40:21, 6 8  -  7 , 6  -  4 , 6  -  2 ,-,-
301,2025,Round of 32,asb_classic,Zizou Bergs,bu13,Isaac Becroft,b0hy,01:28:53, 6  -  3 , 7  -  5 ,-,-,-
301,2025,Round of 32,asb_classic,Roberto Carballes Baena,cf59,Daniel Altmaier,ae14,02:38:05, 6  -  3 , 3  -  6 , 7  -  5 ,-,-
301,2025,2nd Round Qualifying,asb_classic,Sumit Nagal,n897,Adrian Mannarino,me82,01:47:04, 7  -  6 5 , 6  -  3 ,-,-,-
301,2025,2nd Round Qualifying,asb_classic,Zizou Bergs,bu13,Francisco Comesana,c0df,02:18:37, 3  -  6 , 6  -  4 , 6  -  3 ,-,-
301,2025,2nd Round Qualifying,asb_classic,Luca Nardi,n0bg,Facundo Diaz Acosta,d0cg,02:34:39, 7  -  5 , 6 2  -  7 , 6  -  2 ,-,-
301,2025,2nd Round Qualifying,asb_classic,Nishesh Basavareddy,b0nn,Daniel Altmaier,ae14,01:02:38, 6  -  2 , 6  -  1 ,-,-,-
301,2025,1st Round Qualifying,asb_classic,Adrian Mannarino,me82,Dominic Stricker,s0la,01:21:50, 6  -  4 , 6  -  4 ,-,-,-
301,2025,1st Round Qualifying,asb_classic,Zizou Bergs,bu13,Pablo Carreno Busta,cd85,02:35:15, 2  -  6 , 7  -  6 6 , 6  -  4 ,-,-
301,2025,1st Round Qualifying,asb_classic,Facundo Diaz Acosta,d0cg,Ajeet Rai,r0dc,01:15:57, 6  -  4 , 6  -  2 ,-,-,-
301,2025,1st Round Qualifying,asb_classic,Nishesh Basavareddy,b0nn,Botic van de Zandschulp,v812,02:53:23, 6 3  -  7 , 7  -  5 , 6  -  3 ,-,-
301,2025,1st Round Qualifying,asb_classic,Francisco Comesana,c0df,Maxime Janvier,j620,02:03:55, 6  -  1 , 6 5  -  7 , 6  -  3 ,-,-
301,2025,1st Round Qualifying,asb_classic,Daniel Altmaier,ae14,Charles Broom,bv21,01:31:38, 7  -  5 , 6  -  1 ,-,-,-
301,2025,1st Round Qualifying,asb_classic,Luca Nardi,n0bg,Daniel Masur,mn20,02:04:11, 6 3  -  7 , 6  -  4 , 6  -  2 ,-,-
301,2025,1st Round Qualifying,asb_classic,Sumit Nagal,n897,Alexander Klintcharov,kg53,01:54:40, 1  -  6 , 6  -  3 , 6  -  1 ,-,-
580,2025,Final,australian_open,Jannik Sinner,s0ag,Alexander Zverev,z355,(1), 6  -  3 , 7  -  6 4 , 6  -  3 ,-,-
580,2025,Semifinals,australian_open,Jannik Sinner,s0ag,Ben Shelton,s0s1,(1), 7  -  6 2 , 6  -  2 , 6  -  2 ,-,-
580,2025,Semifinals,australian_open,Alexander Zverev,z355,Novak Djokovic,d643,(2),-,-,-,-,-
580,2025,Quarterfinals,australian_open,Jannik Sinner,s0ag,Alex de Minaur,dh58,(1), 6  -  3 , 6  -  2 , 6  -  1 ,-,-
580,2025,Quarterfinals,australian_open,Ben Shelton,s0s1,Lorenzo Sonego,su87,(21), 6  -  4 , 7  -  5 , 4  -  6 , 7  -  6 4 ,-
580,2025,Quarterfinals,australian_open,Alexander Zverev,z355,Tommy Paul,pl56,(2), 7  -  6 1 , 7  -  6 0 , 2  -  6 , 6  -  1 ,-
580,2025,Quarterfinals,australian_open,Novak Djokovic,d643,Carlos Alcaraz,a0e2,(7), 4  -  6 , 6  -  4 , 6  -  3 , 6  -  4 ,-
580,2025,Round of 16,australian_open,Jannik Sinner,s0ag,Holger Rune,r0dg,(1), 6  -  3 , 3  -  6 , 6  -  3 , 6  -  2 ,-
580,2025,Round of 16,australian_open,Alex de Minaur,dh58,Alex Michelsen,m0qi,(8), 6  -  0 , 7  -  6 5 , 6  -  3 ,-,-
580,2025,Round of 16,australian_open,Ben Shelton,s0s1,Gael Monfils,mc65,(21), 7  -  6 3 , 6 3  -  7 , 7  -  6 2 , 1  -  0 ,-
580,2025,Round of 16,australian_open,Lorenzo Sonego,su87,Learner Tien,t0ha,, 6  -  3 , 6  -  2 , 3  -  6 , 6  -  1 ,-
580,2025,Round of 16,australian_open,Alexander Zverev,z355,Ugo Humbert,hh26,(2), 6  -  1 , 2  -  6 , 6  -  3 , 6  -  2 ,-
580,2025,Round of 16,australian_open,Carlos Alcaraz,a0e2,Jack Draper,d0co,(3), 7  -  5 , 6  -  1 ,-,-,-
580,2025,Round of 16,australian_open,Novak Djokovic,d643,Jiri Lehecka,l0bv,(7), 6  -  3 , 6  -  4 , 7  -  6 4 ,-,-
580,2025,Round of 16,australian_open,Tommy Paul,pl56,Alejandro Davidovich Fokina,dh50,(12), 6  -  1 , 6  -  1 , 6  -  1 ,-,-
580,2025,Round of 32,australian_open,Jannik Sinner,s0ag,Marcos Giron,gc88,(1), 6  -  3 , 6  -  4 , 6  -  2 ,-,-
580,2025,Round of 32,australian_open,Gael Monfils,mc65,Taylor Fritz,fb98,, 3  -  6 , 7  -  5 , 7  -  6 1 , 6  -  4 ,-
580,2025,Round of 32,australian_open,Alex de Minaur,dh58,Francisco Cerundolo,c0au,(8), 5  -  7 , 7  -  6 3 , 6  -  3 , 6  -  3 ,-
580,2025,Round of 32,australian_open,Holger Rune,r0dg,Miomir Kecmanovic,ki95,(13), 6 5  -  7 , 6  -  3 , 4  -  6 , 6  -  4 , 6  -  4 
580,2025,Round of 32,australian_open,Ben Shelton,s0s1,Lorenzo Musetti,m0ej,(21), 6  -  3 , 3  -  6 , 6  -  4 , 7  -  6 5 ,-
580,2025,Round of 32,australian_open,Alex Michelsen,m0qi,Karen Khachanov,ke29,, 6  -  3 , 7  -  6 5 , 6  -  2 ,-,-
580,2025,Round of 32,australian_open,Lorenzo Sonego,su87,Fabian Marozsan,m0ci,, 6 3  -  7 , 7  -  6 6 , 6  -  1 , 6  -  2 ,-
580,2025,Round of 32,australian_open,Learner Tien,t0ha,Corentin Moutet,mw02,(Q), 7  -  6 10 , 6  -  3 , 6  -  3 ,-,-
580,2025,Round of 32,australian_open,Alexander Zverev,z355,Jacob Fearnley,f0by,(2), 6  -  3 , 6  -  4 , 6  -  4 ,-,-
580,2025,Round of 32,australian_open,Carlos Alcaraz,a0e2,Nuno Borges,bt72,(3), 6  -  2 , 6  -  4 , 6 3  -  7 , 6  -  2 ,-
580,2025,Round of 32,australian_open,Novak Djokovic,d643,Tomas Machac,m0fh,(7), 6  -  1 , 6  -  4 , 6  -  4 ,-,-
580,2025,Round of 32,australian_open,Tommy Paul,pl56,Roberto Carballes Baena,cf59,(12), 7  -  6 0 , 6  -  2 , 6  -  0 ,-,-
580,2025,Round of 32,australian_open,Ugo Humbert,hh26,Arthur Fils,f0f1,(14), 4  -  6 , 7  -  5 , 6  -  4 , 1  -  0 ,-
580,2025,Round of 32,australian_open,Jack Draper,d0co,Aleksandar Vukic,v832,(15), 6  -  4 , 2  -  6 , 5  -  7 , 7  -  6 5 , 7  -  6 8 
580,2025,Round of 32,australian_open,Jiri Lehecka,l0bv,Benjamin Bonzi,bm95,(24), 6  -  2 , 6  -  3 , 6  -  3 ,-,-
580,2025,Round of 32,australian_open,Alejandro Davidovich Fokina,dh50,Jakub Mensik,m0ni,, 3  -  6 , 4  -  6 , 7  -  6 7 , 6  -  4 , 6  -  2 
580,2025,Round of 64,australian_open,Jannik Sinner,s0ag,Tristan Schoolkate,s0n0,(1), 4  -  6 , 6  -  4 , 6  -  1 , 6  -  3 ,-
580,2025,Round of 64,australian_open,Taylor Fritz,fb98,Cristian Garin,gd64,(4), 6  -  2 , 6  -  1 , 6  -  0 ,-,-
580,2025,Round of 64,australian_open,Learner Tien,t0ha,Daniil Medvedev,mm58,(Q), 6  -  3 , 7  -  6 4 , 6 8  -  7 , 1  -  6 , 7  -  6 7 
580,2025,Round of 64,australian_open,Alex de Minaur,dh58,Tristan Boyer,b0ej,(8), 6  -  2 , 6  -  4 , 6  -  3 ,-,-
580,2025,Round of 64,australian_open,Holger Rune,r0dg,Matteo Berrettini,bk40,(13), 7  -  6 3 , 2  -  6 , 6  -  3 , 7  -  6 6 ,-
580,2025,Round of 64,australian_open,Lorenzo Musetti,m0ej,Denis Shapovalov,su55,(16), 7  -  6 3 , 7  -  6 6 , 6  -  2 ,-,-
580,2025,Round of 64,australian_open,Fabian Marozsan,m0ci,Frances Tiafoe,td51,, 6 3  -  7 , 6  -  4 , 3  -  6 , 6  -  4 , 6  -  1 
580,2025,Round of 64,australian_open,Miomir Kecmanovic,ki95,Hubert Hurkacz,hb71,, 6  -  4 , 6  -  4 , 6  -  2 ,-,-
580,2025,Round of 64,australian_open,Karen Khachanov,ke29,Gabriel Diallo,d0f6,(19), 7  -  6 4 , 4  -  6 , 6  -  3 , 6  -  3 ,-
580,2025,Round of 64,australian_open,Ben Shelton,s0s1,Pablo Carreno Busta,cd85,(21), 6  -  3 , 6  -  3 , 6 4  -  7 , 6  -  4 ,-
580,2025,Round of 64,australian_open,Francisco Cerundolo,c0au,Facundo Diaz Acosta,d0cg,(31), 6  -  2 , 1  -  0 ,-,-,-
580,2025,Round of 64,australian_open,Marcos Giron,gc88,Tomas Martin Etcheverry,ea24,, 7  -  5 , 3  -  6 , 7  -  5 , 3  -  6 , 6  -  4 
580,2025,Round of 64,australian_open,Alex Michelsen,m0qi,James McCabe,m0oq,, 7  -  5 , 6  -  3 , 7  -  6 4 ,-,-
580,2025,Round of 64,australian_open,Gael Monfils,mc65,Daniel Altmaier,ae14,, 7  -  5 , 6  -  3 , 7  -  6 3 ,-,-
580,2025,Round of 64,australian_open,Corentin Moutet,mw02,Mitchell Krueger,kc12,, 4  -  6 , 6  -  4 , 7  -  6 3 , 6  -  4 ,-
580,2025,Round of 64,australian_open,Lorenzo Sonego,su87,Joao Fonseca,f0fv,, 6 6  -  7 , 6  -  3 , 6  -  1 , 3  -  6 , 6  -  3 
580,2025,Round of 64,australian_open,Alexander Zverev,z355,Pedro Martinez,mo44,(2), 6  -  1 , 6  -  4 , 6  -  1 ,-,-
580,2025,Round of 64,australian_open,Carlos Alcaraz,a0e2,Yoshihito Nishioka,n732,(3), 6  -  0 , 6  -  1 , 6  -  4 ,-,-
580,2025,Round of 64,australian_open,Jakub Mensik,m0ni,Casper Ruud,rh16,, 6  -  2 , 3  -  6 , 6  -  1 , 6  -  4 ,-
580,2025,Round of 64,australian_open,Novak Djokovic,d643,Jaime Faria,f0f2,(7), 6  -  1 , 6 4  -  7 , 6  -  3 , 6  -  2 ,-
580,2025,Round of 64,australian_open,Tommy Paul,pl56,Kei Nishikori,n552,(12), 6 3  -  7 , 6  -  0 , 6  -  3 , 6  -  1 ,-
580,2025,Round of 64,australian_open,Ugo Humbert,hh26,Hady Habib,hf80,(14), 6  -  3 , 6  -  4 , 6  -  4 ,-,-
580,2025,Round of 64,australian_open,Jack Draper,d0co,Thanasi Kokkinakis,kd46,(15), 6 3  -  7 , 6  -  3 , 3  -  6 , 7  -  5 , 6  -  3 
580,2025,Round of 64,australian_open,Arthur Fils,f0f1,Quentin Halys,hb64,(20), 6  -  2 , 4  -  6 , 7  -  6 2 , 7  -  5 ,-
580,2025,Round of 64,australian_open,Aleksandar Vukic,v832,Sebastian Korda,k0ah,, 6  -  4 , 3  -  6 , 2  -  6 , 6  -  3 , 7  -  5 
580,2025,Round of 64,australian_open,Jiri Lehecka,l0bv,Hugo Gaston,g09o,(24), 6  -  3 , 3  -  1 ,-,-,-
580,2025,Round of 64,australian_open,Tomas Machac,m0fh,Reilly Opelka,o522,(26), 3  -  6 , 7  -  6 1 , 6 5  -  7 , 7  -  6 4 , 6  -  4 
580,2025,Round of 64,australian_open,Nuno Borges,bt72,Jordan Thompson,tc61,, 6  -  3 , 6  -  2 , 6  -  4 ,-,-
580,2025,Round of 64,australian_open,Alejandro Davidovich Fokina,dh50,Felix Auger-Aliassime,ag37,, 6 7  -  7 , 6 5  -  7 , 6  -  4 , 6  -  1 , 6  -  3 
580,2025,Round of 64,australian_open,Benjamin Bonzi,bm95,Francesco Passaro,p0ct,, 6  -  2 , 6  -  4 , 3  -  6 , 6  -  4 ,-
580,2025,Round of 64,australian_open,Roberto Carballes Baena,cf59,James Duckworth,d994,, 6  -  4 , 6  -  2 , 7  -  5 ,-,-
580,2025,Round of 64,australian_open,Jacob Fearnley,f0by,Arthur Cazaux,c0h0,, 3  -  6 , 7  -  5 , 6  -  2 , 6  -  3 ,-
580,2025,Round of 128,australian_open,Taylor Fritz,fb98,Jenson Brooksby,b0cd,(4), 6  -  2 , 6  -  0 , 6  -  3 ,-,-
580,2025,Round of 128,australian_open,Daniil Medvedev,mm58,Kasidit Samrej,s0hr,(5), 6  -  2 , 4  -  6 , 3  -  6 , 6  -  1 , 6  -  2 
580,2025,Round of 128,australian_open,Alex de Minaur,dh58,Botic van de Zandschulp,v812,(8), 6  -  1 , 7  -  5 , 6  -  4 ,-,-
580,2025,Round of 128,australian_open,Joao Fonseca,f0fv,Andrey Rublev,re44,(Q), 7  -  6 1 , 6  -  3 , 7  -  6 5 ,-,-
580,2025,Round of 128,australian_open,Holger Rune,r0dg,Zhizhen Zhang,z371,(13), 4  -  6 , 6  -  3 , 6  -  4 , 3  -  6 , 6  -  4 
580,2025,Round of 128,australian_open,Lorenzo Musetti,m0ej,Matteo Arnaldi,a0fc,(16), 7  -  6 4 , 4  -  6 , 7  -  6 5 , 6  -  3 ,-
580,2025,Round of 128,australian_open,Hubert Hurkacz,hb71,Tallon Griekspoor,gj37,(18), 7  -  5 , 6  -  4 , 6  -  4 ,-,-
580,2025,Round of 128,australian_open,Karen Khachanov,ke29,Adrian Mannarino,me82,(19), 7  -  6 5 , 6  -  3 , 6  -  3 ,-,-
580,2025,Round of 128,australian_open,Ben Shelton,s0s1,Brandon Nakashima,n0ae,(21), 7  -  6 3 , 7  -  5 , 7  -  5 ,-,-
580,2025,Round of 128,australian_open,Corentin Moutet,mw02,Alexei Popyrin,p09z,, 4  -  6 , 6  -  3 , 6  -  4 , 6  -  4 ,-
580,2025,Round of 128,australian_open,Gael Monfils,mc65,Giovanni Mpetshi Perricard,m0gz,, 7  -  6 7 , 6  -  3 , 6 6  -  7 , 6 5  -  7 , 6  -  4 
580,2025,Round of 128,australian_open,Francisco Cerundolo,c0au,Alexander Bublik,bk92,(31), 7  -  6 1 , 6  -  3 , 6  -  2 ,-,-
580,2025,Round of 128,australian_open,Tomas Martin Etcheverry,ea24,Flavio Cobolli,c0e9,, 6 8  -  7 , 6  -  3 , 7  -  5 , 6  -  1 ,-
580,2025,Round of 128,australian_open,Daniel Altmaier,ae14,Francisco Comesana,c0df,, 6  -  2 , 3  -  6 , 7  -  6 4 , 4  -  6 , 6  -  4 
580,2025,Round of 128,australian_open,Matteo Berrettini,bk40,Cameron Norrie,n771,, 6 4  -  7 , 6  -  4 , 6  -  1 , 6  -  3 ,-
580,2025,Round of 128,australian_open,Tristan Boyer,b0ej,Federico Coria,ce77,(Q), 6  -  3 , 6 3  -  7 , 4  -  6 , 7  -  5 , 6  -  1 
580,2025,Round of 128,australian_open,Pablo Carreno Busta,cd85,Kamil Majchrzak,mq75,, 6  -  4 , 6  -  4 , 6  -  3 ,-,-
580,2025,Round of 128,australian_open,Gabriel Diallo,d0f6,Luca Nardi,n0bg,, 6 1  -  7 , 7  -  6 3 , 5  -  7 , 6  -  1 , 6  -  2 
580,2025,Round of 128,australian_open,Facundo Diaz Acosta,d0cg,Zizou Bergs,bu13,, 6 5  -  7 , 6  -  4 , 1  -  6 , 6  -  3 , 6  -  4 
580,2025,Round of 128,australian_open,Cristian Garin,gd64,Borna Coric,cg80,(Q), 7  -  5 , 6  -  1 , 6  -  2 ,-,-
580,2025,Round of 128,australian_open,Marcos Giron,gc88,Yannick Hanfmann,h997,, 2  -  6 , 7  -  5 , 6  -  1 , 7  -  5 ,-
580,2025,Round of 128,australian_open,Miomir Kecmanovic,ki95,Dusan Lajovic,l987,, 7  -  5 , 3  -  6 , 6  -  3 , 3  -  6 , 6  -  3 
580,2025,Round of 128,australian_open,Mitchell Krueger,kc12,Rinky Hijikata,h0bh,(Q), 6  -  4 , 6  -  4 , 6  -  3 ,-,-
580,2025,Round of 128,australian_open,Denis Shapovalov,su55,Roberto Bautista Agut,bd06,, 3  -  6 , 6  -  4 , 6  -  4 , 7  -  6 8 ,-
580,2025,Round of 128,australian_open,Lorenzo Sonego,su87,Stan Wawrinka,w367,, 6  -  4 , 5  -  7 , 7  -  5 , 7  -  5 ,-
580,2025,Round of 128,australian_open,Learner Tien,t0ha,Camilo Ugo Carabelli,u182,(Q), 4  -  6 , 7  -  6 3 , 6  -  3 , 5  -  7 , 6  -  4 
580,2025,Round of 128,australian_open,Jannik Sinner,s0ag,Nicolas Jarry,j551,(1), 7  -  6 2 , 7  -  6 5 , 6  -  1 ,-,-
580,2025,Round of 128,australian_open,Carlos Alcaraz,a0e2,Alexander Shevchenko,s0h2,(3), 6  -  1 , 7  -  5 , 6  -  1 ,-,-
580,2025,Round of 128,australian_open,Novak Djokovic,d643,Nishesh Basavareddy,b0nn,(7), 4  -  6 , 6  -  3 , 6  -  4 , 6  -  2 ,-
580,2025,Round of 128,australian_open,Francesco Passaro,p0ct,Grigor Dimitrov,d875,(LL), 7  -  5 , 2  -  1 ,-,-,-
580,2025,Round of 128,australian_open,Alex Michelsen,m0qi,Stefanos Tsitsipas,te51,, 7  -  5 , 6  -  3 , 2  -  6 , 6  -  4 ,-
580,2025,Round of 128,australian_open,Tommy Paul,pl56,Christopher O'Connell,o483,(12), 6  -  2 , 3  -  6 , 6  -  1 , 6 5  -  7 , 7  -  5 
580,2025,Round of 128,australian_open,Jack Draper,d0co,Mariano Navone,n0bs,(15), 4  -  6 , 6  -  3 , 3  -  6 , 6  -  3 , 6  -  2 
580,2025,Round of 128,australian_open,Frances Tiafoe,td51,Arthur Rinderknech,rc91,(17), 7  -  6 2 , 6  -  3 , 4  -  6 , 6 4  -  7 , 6  -  3 
580,2025,Round of 128,australian_open,Sebastian Korda,k0ah,Lukas Klein,ki63,(22), 6  -  3 , 0  -  6 , 6  -  3 , 7  -  6 6 ,-
580,2025,Round of 128,australian_open,Roberto Carballes Baena,cf59,Alejandro Tabilo,te30,, 1  -  6 , 6  -  2 , 6  -  3 , 7  -  6 1 ,-
580,2025,Round of 128,australian_open,Jordan Thompson,tc61,Dominik Koepfer,ke73,(27), 7  -  6 3 , 6  -  4 , 4  -  6 , 6  -  3 ,-
580,2025,Round of 128,australian_open,Arthur Cazaux,c0h0,Sebastian Baez,b0bi,, 6  -  3 , 5  -  7 , 3  -  6 , 6  -  0 , 6  -  3 
580,2025,Round of 128,australian_open,Felix Auger-Aliassime,ag37,Jan-Lennard Struff,sl28,(29), 6  -  3 , 6  -  0 , 4  -  6 , 6  -  1 ,-
580,2025,Round of 128,australian_open,Benjamin Bonzi,bm95,David Goffin,gb88,, 6  -  1 , 6  -  2 , 7  -  6 7 ,-,-
580,2025,Round of 128,australian_open,Nuno Borges,bt72,Alexandre Muller,mp20,, 6 2  -  7 , 6  -  3 , 6  -  2 , 7  -  5 ,-
580,2025,Round of 128,australian_open,Alejandro Davidovich Fokina,dh50,Juncheng Shang,s0re,, 7  -  6 1 , 5  -  2 ,-,-,-
580,2025,Round of 128,australian_open,James Duckworth,d994,Dominic Stricker,s0la,, 6  -  2 , 6  -  4 , 6  -  2 ,-,-
580,2025,Round of 128,australian_open,Jaime Faria,f0f2,Pavel Kotov,k09f,(Q), 6  -  1 , 6  -  1 , 7  -  5 ,-,-
580,2025,Round of 128,australian_open,Jacob Fearnley,f0by,Nick Kyrgios,ke17,, 7  -  6 3 , 6  -  3 , 7  -  6 2 ,-,-
580,2025,Round of 128,australian_open,Thanasi Kokkinakis,kd46,Roman Safiullin,sx50,, 3  -  6 , 6  -  3 , 6  -  3 , 7  -  6 5 ,-
580,2025,Round of 128,australian_open,Fabian Marozsan,m0ci,Thiago Seyboth Wild,sx91,, 6  -  3 , 6 5  -  7 , 7  -  5 , 5  -  7 , 7  -  5 
580,2025,Round of 128,australian_open,James McCabe,m0oq,Martin Landaluce,l0il,(WC), 6  -  4 , 6  -  3 , 6  -  4 ,-,-
580,2025,Round of 128,australian_open,Jakub Mensik,m0ni,Nikoloz Basilashvili,bg23,, 6  -  1 , 6 3  -  7 , 6  -  3 , 6  -  3 ,-
580,2025,Round of 128,australian_open,Yoshihito Nishioka,n732,Aziz Dougaz,df88,, 3  -  6 , 6  -  4 , 7  -  6 3 , 6  -  3 ,-
580,2025,Round of 128,australian_open,Tristan Schoolkate,s0n0,Taro Daniel,da81,(WC), 6 6  -  7 , 7  -  6 4 , 6  -  1 , 6  -  4 ,-
580,2025,Round of 128,australian_open,Aleksandar Vukic,v832,Damir Dzumhur,d923,, 6 3  -  7 , 6  -  0 , 3  -  6 , 6  -  3 , 6  -  4 
580,2025,Round of 128,australian_open,Alexander Zverev,z355,Lucas Pouille,pf39,(2), 6  -  4 , 6  -  4 , 6  -  4 ,-,-
580,2025,Round of 128,australian_open,Casper Ruud,rh16,Jaume Munar,mu94,(6), 6  -  3 , 1  -  6 , 7  -  5 , 2  -  6 , 6  -  1 
580,2025,Round of 128,australian_open,Ugo Humbert,hh26,Matteo Gigante,g0gd,(14), 7  -  6 5 , 7  -  5 , 6  -  4 ,-,-
580,2025,Round of 128,australian_open,Arthur Fils,f0f1,Otto Virtanen,v0am,(20), 3  -  6 , 7  -  6 4 , 6  -  4 , 6  -  4 ,-
580,2025,Round of 128,australian_open,Jiri Lehecka,l0bv,Li Tu,tc01,(24), 6  -  1 , 3  -  6 , 6  -  3 , 7  -  6 1 ,-
580,2025,Round of 128,australian_open,Tomas Machac,m0fh,Sumit Nagal,n897,(26), 6  -  3 , 6  -  1 , 7  -  5 ,-,-
580,2025,Round of 128,australian_open,Hugo Gaston,g09o,Omar Jasika,j553,, 6  -  2 , 3  -  6 , 6  -  2 , 6  -  2 ,-
580,2025,Round of 128,australian_open,Hady Habib,hf80,Yunchaokete Bu,y09v,(Q), 7  -  6 4 , 6  -  4 , 7  -  6 6 ,-,-
580,2025,Round of 128,australian_open,Quentin Halys,hb64,Adam Walton,w09e,, 4  -  6 , 4  -  6 , 6  -  4 , 7  -  6 4 , 7  -  5 
580,2025,Round of 128,australian_open,Pedro Martinez,mo44,Luciano Darderi,d0fj,, 6  -  3 , 4  -  1 ,-,-,-
580,2025,Round of 128,australian_open,Kei Nishikori,n552,Thiago Monteiro,mj08,, 4  -  6 , 6 4  -  7 , 7  -  5 , 6  -  2 , 6  -  3 
580,2025,Round of 128,australian_open,Reilly Opelka,o522,Gauthier Onclin,o0a2,, 3  -  6 , 7  -  6 4 , 6  -  3 , 6  -  2 ,-
580,2025,3rd Round Qualifying,australian_open,Dominik Koepfer,ke73,Blake Ellis,ea27,(1), 7  -  5 , 7  -  5 ,-,-,-
580,2025,3rd Round Qualifying,australian_open,Tristan Boyer,b0ej,Christopher Eubanks,e865,(26), 6  -  4 , 6  -  4 ,-,-,-
580,2025,3rd Round Qualifying,australian_open,Thiago Monteiro,mj08,Kimmer Coppejans,cg33,(6), 6  -  4 , 6  -  3 ,-,-,-
580,2025,3rd Round Qualifying,australian_open,Joao Fonseca,f0fv,Thiago Agustin Tirante,t0a1,, 6  -  4 , 6  -  1 ,-,-,-
580,2025,3rd Round Qualifying,australian_open,Kamil Majchrzak,mq75,Billy Harris,hd68,(14), 7  -  5 , 6  -  2 ,-,-,-
580,2025,3rd Round Qualifying,australian_open,Learner Tien,t0ha,Jozef Kovalik,kc04,(16), 6  -  3 , 6  -  4 ,-,-,-
580,2025,3rd Round Qualifying,australian_open,Jaime Faria,f0f2,Mark Lajal,l0gh,(17), 6  -  4 , 2  -  6 , 6  -  4 ,-,-
580,2025,3rd Round Qualifying,australian_open,Cristian Garin,gd64,Hugo Dellien,da31,, 6  -  2 , 6  -  3 ,-,-,-
580,2025,3rd Round Qualifying,australian_open,Gauthier Onclin,o0a2,Mackenzie McDonald,mk66,, 6 7  -  7 , 7  -  6 5 , 6  -  1 ,-,-
580,2025,3rd Round Qualifying,australian_open,Lukas Klein,ki63,Terence Atmane,a0gc,(28), 6  -  4 , 6  -  1 ,-,-,-
580,2025,3rd Round Qualifying,australian_open,Matteo Gigante,g0gd,Henrique Rocha,r0go,(32), 6  -  4 , 7  -  5 ,-,-,-
580,2025,3rd Round Qualifying,australian_open,Nikoloz Basilashvili,bg23,Francesco Passaro,p0ct,, 6  -  3 , 6  -  3 ,-,-,-
580,2025,3rd Round Qualifying,australian_open,Aziz Dougaz,df88,Borna Gojo,gh92,, 6  -  4 , 3  -  6 , 6  -  1 ,-,-
580,2025,3rd Round Qualifying,australian_open,Hady Habib,hf80,Clement Chidekh,c0bh,, 6  -  4 , 3  -  6 , 7  -  6 8 ,-,-
580,2025,3rd Round Qualifying,australian_open,Mitchell Krueger,kc12,Yasutaka Uchiyama,u134,, 6  -  3 , 6 5  -  7 , 6  -  4 ,-,-
580,2025,3rd Round Qualifying,australian_open,Martin Landaluce,l0il,Dalibor Svrcina,s0gd,, 2  -  6 , 6  -  1 , 7  -  5 ,-,-
580,2025,2nd Round Qualifying,australian_open,Dominik Koepfer,ke73,Ethan Quinn,q02l,(1), 3  -  6 , 7  -  5 , 6  -  1 ,-,-
580,2025,2nd Round Qualifying,australian_open,Terence Atmane,a0gc,Mattia Bellucci,b0gg,, 7  -  6 7 , 6  -  4 ,-,-,-
580,2025,2nd Round Qualifying,australian_open,Henrique Rocha,r0go,Marton Fucsovics,f724,, 6  -  2 , 7  -  6 3 ,-,-,-
580,2025,2nd Round Qualifying,australian_open,Christopher Eubanks,e865,Alejandro Moro Canas,m0ht,(4), 6  -  3 , 6  -  3 ,-,-,-
580,2025,2nd Round Qualifying,australian_open,Thiago Monteiro,mj08,Valentin Royer,r0eb,(6), 7  -  6 1 , 6  -  3 ,-,-,-
580,2025,2nd Round Qualifying,australian_open,Gauthier Onclin,o0a2,Aleksandar Kovacevic,k0az,, 3  -  6 , 7  -  6 5 , 6  -  1 ,-,-
580,2025,2nd Round Qualifying,australian_open,Thiago Agustin Tirante,t0a1,Titouan Droguet,d0dw,(12), 6  -  4 , 7  -  6 4 ,-,-,-
580,2025,2nd Round Qualifying,australian_open,Kamil Majchrzak,mq75,Zachary Svajda,s0k7,(14), 6 5  -  7 , 6  -  1 , 6  -  2 ,-,-
580,2025,2nd Round Qualifying,australian_open,Learner Tien,t0ha,Juan Pablo Ficovich,fa43,(16), 6  -  4 , 6  -  2 ,-,-,-
580,2025,2nd Round Qualifying,australian_open,Jaime Faria,f0f2,Dane Sweeny,s0ia,(17), 6  -  2 , 6  -  2 ,-,-,-
580,2025,2nd Round Qualifying,australian_open,Billy Harris,hd68,Carlos Taberner,te16,(19), 6  -  1 , 6  -  2 ,-,-,-
580,2025,2nd Round Qualifying,australian_open,Jozef Kovalik,kc04,August Holmgren,sr:competitor:226124,(21), 6 3  -  7 , 6  -  3 , 7  -  5 ,-,-
580,2025,2nd Round Qualifying,australian_open,Borna Gojo,gh92,Vit Kopriva,ki82,, 2  -  6 , 6  -  3 , 6  -  2 ,-,-
580,2025,2nd Round Qualifying,australian_open,Mackenzie McDonald,mk66,Brandon Holt,h09p,(25), 6  -  4 , 6  -  4 ,-,-,-
580,2025,2nd Round Qualifying,australian_open,Tristan Boyer,b0ej,Tomas Barrios Vera,bs86,(26), 5  -  7 , 6  -  3 , 6  -  4 ,-,-
580,2025,2nd Round Qualifying,australian_open,Lukas Klein,ki63,Eliot Spizzirri,s0ja,(28), 6  -  3 , 6  -  4 ,-,-,-
580,2025,2nd Round Qualifying,australian_open,Kimmer Coppejans,cg33,Valentin Vacherot,va25,, 6  -  4 , 7  -  6 3 ,-,-,-
580,2025,2nd Round Qualifying,australian_open,Matteo Gigante,g0gd,Lukas Neumayer,n0cs,(32), 6  -  3 , 6  -  4 ,-,-,-
580,2025,2nd Round Qualifying,australian_open,Nikoloz Basilashvili,bg23,Alibek Kachmazov,k0e6,, 7  -  5 , 6  -  4 ,-,-,-
580,2025,2nd Round Qualifying,australian_open,Aziz Dougaz,df88,Benjamin Hassan,hg94,, 3  -  6 , 7  -  6 5 , 6  -  4 ,-,-
580,2025,2nd Round Qualifying,australian_open,Blake Ellis,ea27,Yosuke Watanuki,wb08,(WC), 6  -  1 , 6  -  4 ,-,-,-
580,2025,2nd Round Qualifying,australian_open,Joao Fonseca,f0fv,Coleman Wong,w0bh,, 6  -  0 , 6  -  3 ,-,-,-
580,2025,2nd Round Qualifying,australian_open,Mark Lajal,l0gh,Sho Shimabukuro,sy67,, 2  -  6 , 7  -  6 6 , 6  -  4 ,-,-
580,2025,2nd Round Qualifying,australian_open,Martin Landaluce,l0il,James Trotter,t0bw,, 6  -  4 , 7  -  5 ,-,-,-
580,2025,2nd Round Qualifying,australian_open,Francesco Passaro,p0ct,Javier Barranco Cosano,bv25,, 4  -  6 , 6  -  3 , 7  -  6 8 ,-,-
580,2025,2nd Round Qualifying,australian_open,Dalibor Svrcina,s0gd,Khumoyun Sultanov,sr81,, 6  -  3 , 1  -  6 , 6  -  3 ,-,-
580,2025,2nd Round Qualifying,australian_open,Cristian Garin,gd64,Laslo Djere,db63,, 6  -  4 , 1  -  6 , 7  -  5 ,-,-
580,2025,2nd Round Qualifying,australian_open,Hady Habib,hf80,Chun-Hsin Tseng,t0ap,, 6  -  4 , 7  -  6 2 ,-,-,-
580,2025,2nd Round Qualifying,australian_open,Hugo Dellien,da31,Maks Kasnikowski,k0hc,(18), 3  -  6 , 7  -  5 , 6  -  2 ,-,-
580,2025,2nd Round Qualifying,australian_open,Clement Chidekh,c0bh,Jerome Kym,k0ep,, 6 0  -  7 , 6  -  3 , 6  -  2 ,-,-
580,2025,2nd Round Qualifying,australian_open,Mitchell Krueger,kc12,Duje Ajdukovic,a0cj,, 6  -  4 , 6  -  3 ,-,-,-
580,2025,2nd Round Qualifying,australian_open,Yasutaka Uchiyama,u134,Adolfo Daniel Vallejo,v0dp,, 4  -  6 , 6  -  3 , 6  -  4 ,-,-
580,2025,1st Round Qualifying,australian_open,Dominik Koepfer,ke73,Ignacio Buse,b0id,(1), 2  -  6 , 6  -  3 , 7  -  6 5 ,-,-
580,2025,1st Round Qualifying,australian_open,Mattia Bellucci,b0gg,Pavle Marinkov,m0te,(2), 6  -  3 , 6  -  3 ,-,-,-
580,2025,1st Round Qualifying,australian_open,Marton Fucsovics,f724,Oriol Roca Batalla,rb60,(3), 6  -  4 , 6  -  4 ,-,-,-
580,2025,1st Round Qualifying,australian_open,Thiago Monteiro,mj08,Jason Kubler,kb95,(6), 7  -  6 4 , 7  -  6 4 ,-,-,-
580,2025,1st Round Qualifying,australian_open,Aziz Dougaz,df88,Jesper de Jong,d0c1,, 6 5  -  7 , 6  -  1 , 7  -  6 5 ,-,-
580,2025,1st Round Qualifying,australian_open,Mark Lajal,l0gh,Mikhail Kukushkin,k926,, 6  -  0 , 6  -  2 ,-,-,-
580,2025,1st Round Qualifying,australian_open,Thiago Agustin Tirante,t0a1,Jurij Rodionov,r09x,(12), 7  -  6 5 , 4  -  6 , 6  -  4 ,-,-
580,2025,1st Round Qualifying,australian_open,Kamil Majchrzak,mq75,Marco Trungelliti,ta29,(14), 3  -  6 , 7  -  6 4 , 6  -  3 ,-,-
580,2025,1st Round Qualifying,australian_open,Jaime Faria,f0f2,Gijs Brouwer,bo10,(17), 6  -  4 , 6  -  3 ,-,-,-
580,2025,1st Round Qualifying,australian_open,Billy Harris,hd68,Yuta Shimizu,s0aq,(19), 6 4  -  7 , 6  -  4 , 6  -  4 ,-,-
580,2025,1st Round Qualifying,australian_open,Jozef Kovalik,kc04,Bernard Tomic,ta46,(21), 6  -  3 , 6  -  1 ,-,-,-
580,2025,1st Round Qualifying,australian_open,Alibek Kachmazov,k0e6,Shintaro Mochizuki,m0hu,, 6  -  3 , 7  -  6 1 ,-,-,-
580,2025,1st Round Qualifying,australian_open,Vit Kopriva,ki82,Constant Lestienne,lb66,(24), 6  -  3 , 4  -  1 ,-,-,-
580,2025,1st Round Qualifying,australian_open,Tristan Boyer,b0ej,Rei Sakamoto,s0uv,(26), 6  -  0 , 6  -  2 ,-,-,-
580,2025,1st Round Qualifying,australian_open,Lukas Klein,ki63,Alexis Galarneau,gk06,(28), 6  -  4 , 3  -  6 , 7  -  5 ,-,-
580,2025,1st Round Qualifying,australian_open,Joao Fonseca,f0fv,Federico Agustin Gomez,gj16,, 6  -  4 , 6  -  0 ,-,-,-
580,2025,1st Round Qualifying,australian_open,Yosuke Watanuki,wb08,Juan Manuel Cerundolo,c0c8,, 6  -  3 , 7  -  6 3 ,-,-,-
580,2025,1st Round Qualifying,australian_open,Valentin Vacherot,va25,Marc-Andrea Huesler,hh06,(31), 6  -  3 , 6  -  4 ,-,-,-
580,2025,1st Round Qualifying,australian_open,Terence Atmane,a0gc,Matthew Dellavedova,d0a2,, 4  -  6 , 6  -  3 , 6  -  3 ,-,-
580,2025,1st Round Qualifying,australian_open,Tomas Barrios Vera,bs86,Emilio Nava,n0am,, 7  -  6 0 , 7  -  6 3 ,-,-,-
580,2025,1st Round Qualifying,australian_open,Nikoloz Basilashvili,bg23,Cruz Hewitt,sr:competitor:1055851,, 6  -  1 , 6  -  4 ,-,-,-
580,2025,1st Round Qualifying,australian_open,Kimmer Coppejans,cg33,Matteo Martineau,mw76,, 2  -  6 , 7  -  6 5 , 6  -  1 ,-,-
580,2025,1st Round Qualifying,australian_open,Titouan Droguet,d0dw,Jan Choinski,ch12,, 6  -  4 , 7  -  5 ,-,-,-
580,2025,1st Round Qualifying,australian_open,Blake Ellis,ea27,Antoine Escoffier,e768,(WC), 6  -  2 , 6  -  1 ,-,-,-
580,2025,1st Round Qualifying,australian_open,Borna Gojo,gh92,Timofey Skatov,s0gr,, 6  -  3 , 6  -  4 ,-,-,-
580,2025,1st Round Qualifying,australian_open,Benjamin Hassan,hg94,Nicolas Mejia,m0aw,, 6  -  4 , 5  -  7 , 6  -  4 ,-,-
580,2025,1st Round Qualifying,australian_open,August Holmgren,sr:competitor:226124,Hayden Jones,j0d5,, 7  -  6 8 , 4  -  6 , 7  -  6 8 ,-,-
580,2025,1st Round Qualifying,australian_open,Ethan Quinn,q02l,Calvin Hemery,hb48,, 6  -  4 , 7  -  5 ,-,-,-
580,2025,1st Round Qualifying,australian_open,Henrique Rocha,r0go,Henri Squire,s0ak,, 6  -  3 , 6  -  3 ,-,-,-
580,2025,1st Round Qualifying,australian_open,Valentin Royer,r0eb,Marc Polmans,pg94,, 6  -  3 , 6  -  0 ,-,-,-
580,2025,1st Round Qualifying,australian_open,Sho Shimabukuro,sy67,Radu Albot,a829,, 6  -  2 , 6  -  3 ,-,-,-
580,2025,1st Round Qualifying,australian_open,Eliot Spizzirri,s0ja,Alexander Blockx,b0pg,, 3  -  6 , 6  -  1 , 7  -  5 ,-,-
580,2025,1st Round Qualifying,australian_open,Zachary Svajda,s0k7,Enzo Couacaud,cg94,, 6  -  3 , 6  -  2 ,-,-,-
580,2025,1st Round Qualifying,australian_open,Dane Sweeny,s0ia,Pierre-Hugues Herbert,h996,(WC), 7  -  6 4 , 6  -  2 ,-,-,-
580,2025,1st Round Qualifying,australian_open,Carlos Taberner,te16,Edward Winter,w0c4,, 6  -  4 , 7  -  5 ,-,-,-
580,2025,1st Round Qualifying,australian_open,Coleman Wong,w0bh,Dmitry Popko,pg20,, 7  -  5 , 3  -  6 , 7  -  5 ,-,-
580,2025,1st Round Qualifying,australian_open,Christopher Eubanks,e865,Hugo Grenier,gf95,(4), 7  -  6 1 , 7  -  5 ,-,-,-
580,2025,1st Round Qualifying,australian_open,Aleksandar Kovacevic,k0az,Andrea Collarini,cc66,(7), 7  -  6 5 , 6  -  4 ,-,-,-
580,2025,1st Round Qualifying,australian_open,Laslo Djere,db63,Gustavo Heide,h0du,(10), 6  -  3 , 6  -  1 ,-,-,-
580,2025,1st Round Qualifying,australian_open,Yasutaka Uchiyama,u134,Harold Mayot,m0g4,, 6  -  4 , 7  -  6 5 ,-,-,-
580,2025,1st Round Qualifying,australian_open,Chun-Hsin Tseng,t0ap,August Holmgren,h09n,(13), 6  -  2 , 6  -  4 ,-,-,-
580,2025,1st Round Qualifying,australian_open,Martin Landaluce,l0il,Raphael Collignon,c0jp,, 6  -  3 , 6  -  3 ,-,-,-
580,2025,1st Round Qualifying,australian_open,Learner Tien,t0ha,Gregoire Barrere,bk24,(16), 4  -  6 , 7  -  6 4 , 6  -  1 ,-,-
580,2025,1st Round Qualifying,australian_open,Hugo Dellien,da31,Maximilian Marterer,mn13,(18), 6  -  3 , 6  -  3 ,-,-,-
580,2025,1st Round Qualifying,australian_open,Khumoyun Sultanov,sr81,Daniel Elahi Galan,ge33,, 6  -  3 , 6 2  -  7 , 7  -  5 ,-,-
580,2025,1st Round Qualifying,australian_open,Duje Ajdukovic,a0cj,Richard Gasquet,g628,, 7  -  6 4 , 6  -  3 ,-,-,-
580,2025,1st Round Qualifying,australian_open,Mackenzie McDonald,mk66,Alex Bolt,bi81,(25), 6  -  2 , 6  -  2 ,-,-,-
580,2025,1st Round Qualifying,australian_open,Jerome Kym,k0ep,Tim van Rijthoven,v942,(27), 6  -  0 , 6  -  3 ,-,-,-
580,2025,1st Round Qualifying,australian_open,Matteo Gigante,g0gd,Nick Hardt,h0a4,(32), 6  -  2 , 6  -  2 ,-,-,-
580,2025,1st Round Qualifying,australian_open,Javier Barranco Cosano,bv25,Facundo Mena,mj98,, 6  -  4 , 6  -  2 ,-,-,-
580,2025,1st Round Qualifying,australian_open,Clement Chidekh,c0bh,Felipe Meligeni Alves,mw75,, 4  -  6 , 6  -  1 ,-,-,-
580,2025,1st Round Qualifying,australian_open,Juan Pablo Ficovich,fa43,Paul Jubb,j0a4,, 6  -  4 , 6  -  4 ,-,-,-
580,2025,1st Round Qualifying,australian_open,Cristian Garin,gd64,Murkel Dellien,dc48,, 6  -  3 , 6  -  1 ,-,-,-
580,2025,1st Round Qualifying,australian_open,Hady Habib,hf80,Patrick Kypson,k0a3,, 6  -  4 , 7  -  6 6 ,-,-,-
580,2025,1st Round Qualifying,australian_open,Brandon Holt,h09p,Gianluca Mager,ml57,, 7  -  6 6 , 6  -  2 ,-,-,-
580,2025,1st Round Qualifying,australian_open,Maks Kasnikowski,k0hc,Vilius Gaubas,g0fw,, 6 7  -  7 , 7  -  6 2 , 6  -  2 ,-,-
580,2025,1st Round Qualifying,australian_open,Mitchell Krueger,kc12,Filip Cristian Jianu,j09x,, 6  -  3 , 6  -  4 ,-,-,-
580,2025,1st Round Qualifying,australian_open,Alejandro Moro Canas,m0ht,Juan Pablo Varillas,v836,, 6 3  -  7 , 7  -  6 6 , 6  -  4 ,-,-
580,2025,1st Round Qualifying,australian_open,Lukas Neumayer,n0cs,Elmer Moller,m0k4,, 6 5  -  7 , 6  -  3 , 6  -  4 ,-,-
580,2025,1st Round Qualifying,australian_open,Gauthier Onclin,o0a2,Roman Andres Burruchaga,b0fv,, 1  -  6 , 6  -  0 , 7  -  6 7 ,-,-
580,2025,1st Round Qualifying,australian_open,Francesco Passaro,p0ct,Giulio Zeppieri,z0a1,, 6  -  3 , 7  -  6 3 ,-,-,-
580,2025,1st Round Qualifying,australian_open,Dalibor Svrcina,s0gd,Ugo Blanchet,bv16,, 3  -  6 , 6  -  2 , 6  -  3 ,-,-
580,2025,1st Round Qualifying,australian_open,James Trotter,t0bw,Daniel Evans,e687,, 6  -  4 , 3  -  6 , 6  -  3 ,-,-
580,2025,1st Round Qualifying,australian_open,Adolfo Daniel Vallejo,v0dp,Adrian Andreev,a0ab,, 6  -  4 , 6  -  4 ,-,-,-
375,2025,Final,open_occitanie,Felix Auger-Aliassime,ag37,Aleksandar Kovacevic,k0az,02:39:04, 6  -  2 , 6 7  -  7 , 7  -  6 2 ,-,-
375,2025,Semifinals,open_occitanie,Aleksandar Kovacevic,k0az,Andrey Rublev,re44,01:35:29, 7  -  5 , 6  -  4 ,-,-,-
375,2025,Semifinals,open_occitanie,Felix Auger-Aliassime,ag37,Jesper de Jong,d0c1,02:03:03, 6  -  4 , 7  -  6 4 ,-,-,-
375,2025,Quarterfinals,open_occitanie,Andrey Rublev,re44,Nikoloz Basilashvili,bg23,00:26:45,-,-,-,-,-
375,2025,Quarterfinals,open_occitanie,Felix Auger-Aliassime,ag37,Yunchaokete Bu,y09v,01:23:40, 6  -  3 , 6  -  4 ,-,-,-
375,2025,Quarterfinals,open_occitanie,Aleksandar Kovacevic,k0az,Alexander Bublik,bk92,01:16:11, 6  -  3 , 6  -  2 ,-,-,-
375,2025,Quarterfinals,open_occitanie,Jesper de Jong,d0c1,Tallon Griekspoor,gj37,01:46:29, 7  -  6 5 , 6  -  4 ,-,-,-
375,2025,Round of 16,open_occitanie,Jesper de Jong,d0c1,Flavio Cobolli,c0e9,01:56:59, 6  -  3 , 7  -  6 2 ,-,-,-
375,2025,Round of 16,open_occitanie,Tallon Griekspoor,gj37,Richard Gasquet,g628,02:03:17, 6  -  3 , 3  -  6 , 7  -  5 ,-,-
375,2025,Round of 16,open_occitanie,Nikoloz Basilashvili,bg23,Arthur Rinderknech,rc91,01:37:13, 6  -  0 , 7  -  6 4 ,-,-,-
375,2025,Round of 16,open_occitanie,Aleksandar Kovacevic,k0az,Mattia Bellucci,b0gg,01:45:07, 7  -  5 , 7  -  6 5 ,-,-,-
375,2025,Round of 16,open_occitanie,Andrey Rublev,re44,Christopher Eubanks,e865,01:04:51, 6  -  4 , 6  -  3 ,-,-,-
375,2025,Round of 16,open_occitanie,Felix Auger-Aliassime,ag37,Arthur Cazaux,c0h0,01:47:13, 6  -  4 , 7  -  6 5 ,-,-,-
375,2025,Round of 16,open_occitanie,Alexander Bublik,bk92,Dominik Koepfer,ke73,01:10:00, 6  -  4 , 6  -  2 ,-,-,-
375,2025,Round of 16,open_occitanie,Yunchaokete Bu,y09v,Constant Lestienne,lb66,01:03:19, 6  -  2 , 6  -  1 ,-,-,-
375,2025,Round of 32,open_occitanie,Aleksandar Kovacevic,k0az,David Goffin,gb88,01:54:38, 6  -  2 , 3  -  6 , 6  -  4 ,-,-
375,2025,Round of 32,open_occitanie,Nikoloz Basilashvili,bg23,Mikhail Kukushkin,k926,01:44:59, 6  -  3 , 3  -  6 , 5  -  0 ,-,-
375,2025,Round of 32,open_occitanie,Jesper de Jong,d0c1,Quentin Halys,hb64,01:12:36, 7  -  6 7 , 2  -  0 ,-,-,-
375,2025,Round of 32,open_occitanie,Tallon Griekspoor,gj37,Botic van de Zandschulp,v812,01:35:59, 7  -  5 , 6  -  3 ,-,-,-
375,2025,Round of 32,open_occitanie,Arthur Rinderknech,rc91,Harold Mayot,m0g4,02:10:03, 7  -  6 2 , 2  -  6 , 6  -  1 ,-,-
375,2025,Round of 32,open_occitanie,Mattia Bellucci,b0gg,Lucas Pouille,pf39,01:40:31, 6  -  4 , 6  -  4 ,-,-,-
375,2025,Round of 32,open_occitanie,Christopher Eubanks,e865,Alibek Kachmazov,k0e6,01:20:41, 7  -  5 , 6  -  4 ,-,-,-
375,2025,Round of 32,open_occitanie,Richard Gasquet,g628,Adrian Mannarino,me82,01:15:55, 6  -  3 , 6  -  2 ,-,-,-
375,2025,Round of 32,open_occitanie,Constant Lestienne,lb66,Borna Coric,cg80,01:38:15, 6  -  3 , 7  -  5 ,-,-,-
375,2025,Round of 32,open_occitanie,Yunchaokete Bu,y09v,Daniel Altmaier,ae14,01:43:04, 7  -  6 1 , 6  -  3 ,-,-,-
375,2025,Round of 32,open_occitanie,Arthur Cazaux,c0h0,Stan Wawrinka,w367,01:28:54, 6  -  4 , 6  -  3 ,-,-,-
375,2025,Round of 32,open_occitanie,Dominik Koepfer,ke73,Gregoire Barrere,bk24,01:35:03, 6  -  4 , 7  -  6 5 ,-,-,-
375,2025,2nd Round Qualifying,open_occitanie,Aleksandar Kovacevic,k0az,Pablo Carreno Busta,cd85,01:40:19, 6  -  3 , 7  -  6 4 ,-,-,-
375,2025,2nd Round Qualifying,open_occitanie,Alibek Kachmazov,k0e6,Hugo Grenier,gf95,02:39:46, 6 4  -  7 , 6  -  2 , 6  -  1 ,-,-
375,2025,2nd Round Qualifying,open_occitanie,Constant Lestienne,lb66,Terence Atmane,a0gc,01:02:17, 6  -  4 , 6  -  0 ,-,-,-
375,2025,2nd Round Qualifying,open_occitanie,Nikoloz Basilashvili,bg23,Titouan Droguet,d0dw,02:02:01, 3  -  6 , 6  -  3 , 5  -  4 ,-,-
375,2025,1st Round Qualifying,open_occitanie,Aleksandar Kovacevic,k0az,Robin Bertrand,b0jj,01:56:12, 7  -  6 4 , 6  -  4 ,-,-,-
375,2025,1st Round Qualifying,open_occitanie,Nikoloz Basilashvili,bg23,Matteo Gigante,g0gd,01:35:41, 6  -  3 , 7  -  5 ,-,-,-
375,2025,1st Round Qualifying,open_occitanie,Hugo Grenier,gf95,Calvin Hemery,hb48,01:38:57, 3  -  6 , 6  -  1 , 6  -  2 ,-,-
375,2025,1st Round Qualifying,open_occitanie,Terence Atmane,a0gc,Clement Chidekh,c0bh,02:03:08, 6  -  4 , 4  -  6 , 6  -  4 ,-,-
375,2025,1st Round Qualifying,open_occitanie,Alibek Kachmazov,k0e6,Alejandro Moro Canas,m0ht,01:13:53, 6  -  3 , 4  -  0 ,-,-,-
375,2025,1st Round Qualifying,open_occitanie,Constant Lestienne,lb66,Benoit Paire,pd31,00:57:08, 6  -  0 , 6  -  4 ,-,-,-
375,2025,1st Round Qualifying,open_occitanie,Pablo Carreno Busta,cd85,Dalibor Svrcina,s0gd,01:57:41, 6  -  4 , 7  -  5 ,-,-,-
375,2025,1st Round Qualifying,open_occitanie,Titouan Droguet,d0dw,Valentin Royer,r0eb,02:17:10, 4  -  6 , 6  -  3 , 7  -  6 4 ,-,-
424,2025,Final,dallas_open,Denis Shapovalov,su55,Casper Ruud,rh16,01:40:00, 7  -  6 5 , 6  -  3 ,-,-,-
424,2025,Semifinals,dallas_open,Casper Ruud,rh16,Jaume Munar,mu94,02:29:52, 6  -  2 , 2  -  6 , 7  -  6 4 ,-,-
424,2025,Semifinals,dallas_open,Denis Shapovalov,su55,Tommy Paul,pl56,01:34:06, 7  -  5 , 6  -  3 ,-,-,-
424,2025,Quarterfinals,dallas_open,Casper Ruud,rh16,Yoshihito Nishioka,n732,01:20:59, 7  -  5 , 3  -  2 ,-,-,-
424,2025,Quarterfinals,dallas_open,Tommy Paul,pl56,Reilly Opelka,o522,01:30:52, 7  -  6 3 , 6  -  2 ,-,-,-
424,2025,Quarterfinals,dallas_open,Denis Shapovalov,su55,Tomas Machac,m0fh,01:14:32, 7  -  6 5 , 6  -  0 ,-,-,-
424,2025,Quarterfinals,dallas_open,Jaume Munar,mu94,Matteo Arnaldi,a0fc,02:16:34, 6  -  4 , 3  -  6 , 6  -  3 ,-,-
424,2025,Round of 16,dallas_open,Denis Shapovalov,su55,Taylor Fritz,fb98,02:03:22, 2  -  6 , 6  -  3 , 7  -  6 2 ,-,-
424,2025,Round of 16,dallas_open,Casper Ruud,rh16,Michael Mmoh,mp01,01:10:39, 6  -  1 , 6  -  4 ,-,-,-
424,2025,Round of 16,dallas_open,Tommy Paul,pl56,Ethan Quinn,q02l,02:13:30, 6  -  4 , 5  -  7 , 6  -  4 ,-,-
424,2025,Round of 16,dallas_open,Jaume Munar,mu94,Ben Shelton,s0s1,01:34:07, 6  -  2 , 7  -  6 3 ,-,-,-
424,2025,Round of 16,dallas_open,Yoshihito Nishioka,n732,Frances Tiafoe,td51,02:05:39, 3  -  6 , 6  -  4 , 6  -  3 ,-,-
424,2025,Round of 16,dallas_open,Tomas Machac,m0fh,Rinky Hijikata,h0bh,01:27:07, 6  -  4 , 7  -  6 0 ,-,-,-
424,2025,Round of 16,dallas_open,Matteo Arnaldi,a0fc,Alejandro Davidovich Fokina,dh50,01:07:11, 6  -  1 , 6  -  3 ,-,-,-
424,2025,Round of 16,dallas_open,Reilly Opelka,o522,Cameron Norrie,n771,02:30:11, 4  -  6 , 7  -  6 5 , 6  -  4 ,-,-
424,2025,Round of 32,dallas_open,Taylor Fritz,fb98,Arthur Rinderknech,rc91,01:06:57, 6  -  4 , 6  -  2 ,-,-,-
424,2025,Round of 32,dallas_open,Tomas Machac,m0fh,Kei Nishikori,n552,01:02:31, 6  -  2 , 6  -  2 ,-,-,-
424,2025,Round of 32,dallas_open,Michael Mmoh,mp01,Roberto Carballes Baena,cf59,02:46:03, 6  -  1 , 3  -  6 , 6  -  4 ,-,-
424,2025,Round of 32,dallas_open,Jaume Munar,mu94,Yunchaokete Bu,y09v,01:54:42, 7  -  5 , 6  -  2 ,-,-,-
424,2025,Round of 32,dallas_open,Yoshihito Nishioka,n732,Brandon Nakashima,n0ae,01:41:48, 6  -  4 , 7  -  6 6 ,-,-,-
424,2025,Round of 32,dallas_open,Reilly Opelka,o522,Alexander Shevchenko,s0h2,01:16:33, 7  -  6 3 , 6  -  4 ,-,-,-
424,2025,Round of 32,dallas_open,Denis Shapovalov,su55,Miomir Kecmanovic,ki95,02:00:41, 6  -  3 , 6 5  -  7 , 6  -  3 ,-,-
424,2025,Round of 32,dallas_open,Casper Ruud,rh16,James Duckworth,d994,02:10:59, 7  -  5 , 4  -  6 , 6  -  2 ,-,-
424,2025,Round of 32,dallas_open,Tommy Paul,pl56,Jenson Brooksby,b0cd,02:39:45, 6 6  -  7 , 6  -  3 , 6  -  4 ,-,-
424,2025,Round of 32,dallas_open,Ben Shelton,s0s1,Aleksandar Vukic,v832,01:03:14, 6  -  3 , 6  -  3 ,-,-,-
424,2025,Round of 32,dallas_open,Cameron Norrie,n771,Alex Michelsen,m0qi,02:02:07, 2  -  6 , 7  -  6 1 , 6  -  1 ,-,-
424,2025,Round of 32,dallas_open,Frances Tiafoe,td51,Taro Daniel,da81,01:44:45, 6  -  1 , 3  -  6 , 6  -  4 ,-,-
424,2025,Round of 32,dallas_open,Matteo Arnaldi,a0fc,Christopher Eubanks,e865,01:19:30, 6  -  3 , 6  -  4 ,-,-,-
424,2025,Round of 32,dallas_open,Alejandro Davidovich Fokina,dh50,Brandon Holt,h09p,01:21:19, 6  -  1 , 7  -  5 ,-,-,-
424,2025,Round of 32,dallas_open,Rinky Hijikata,h0bh,Adrian Mannarino,me82,01:26:38, 7  -  5 , 6  -  3 ,-,-,-
424,2025,Round of 32,dallas_open,Ethan Quinn,q02l,Trevor Svajda,s0vm,01:25:30, 6  -  4 , 6  -  2 ,-,-,-
424,2025,2nd Round Qualifying,dallas_open,Ethan Quinn,q02l,James Duckworth,d994,01:46:49, 7  -  6 4 , 7  -  5 ,-,-,-
424,2025,2nd Round Qualifying,dallas_open,Christopher Eubanks,e865,Jack Pinnington Jones,p0ht,00:56:11, 6  -  3 , 6  -  1 ,-,-,-
424,2025,2nd Round Qualifying,dallas_open,Brandon Holt,h09p,Ryan Seggerman,s0dl,01:05:52, 6  -  2 , 6  -  3 ,-,-,-
424,2025,2nd Round Qualifying,dallas_open,Michael Mmoh,mp01,Georgi Georgiev,g0of,01:40:08, 7  -  6 3 , 6  -  3 ,-,-,-
424,2025,1st Round Qualifying,dallas_open,James Duckworth,d994,Eric Hadigian,h0e9,00:54:45, 6  -  1 , 6  -  1 ,-,-,-
424,2025,1st Round Qualifying,dallas_open,Christopher Eubanks,e865,Aidan Mayo,m0nb,01:19:06, 6  -  3 , 7  -  5 ,-,-,-
424,2025,1st Round Qualifying,dallas_open,Michael Mmoh,mp01,Tristan Boyer,b0ej,01:54:40, 6  -  4 , 7  -  6 5 ,-,-,-
424,2025,1st Round Qualifying,dallas_open,Ryan Seggerman,s0dl,Federico Agustin Gomez,gj16,01:15:48, 6  -  4 , 6  -  2 ,-,-,-
424,2025,1st Round Qualifying,dallas_open,Brandon Holt,h09p,Mitchell Krueger,kc12,02:10:07, 1  -  6 , 7  -  6 1 , 6  -  3 ,-,-
424,2025,1st Round Qualifying,dallas_open,Georgi Georgiev,g0of,Radu Albot,a829,02:04:02, 6  -  4 , 3  -  6 , 6  -  3 ,-,-
424,2025,1st Round Qualifying,dallas_open,Ethan Quinn,q02l,James Trotter,t0bw,01:24:00, 7  -  6 4 , 6  -  1 ,-,-,-
424,2025,1st Round Qualifying,dallas_open,Jack Pinnington Jones,p0ht,Zachary Svajda,s0k7,02:12:01, 1  -  6 , 7  -  6 4 , 6  -  3 ,-,-
407,2025,Final,abn_amro_open,Carlos Alcaraz,a0e2,Alex de Minaur,dh58,01:54:11, 6  -  4 , 3  -  6 , 6  -  2 ,-,-
407,2025,Semifinals,abn_amro_open,Carlos Alcaraz,a0e2,Hubert Hurkacz,hb71,02:20:41, 6  -  4 , 6 5  -  7 , 6  -  3 ,-,-
407,2025,Semifinals,abn_amro_open,Alex de Minaur,dh58,Mattia Bellucci,b0gg,01:07:09, 6  -  1 , 6  -  2 ,-,-,-
407,2025,Quarterfinals,abn_amro_open,Carlos Alcaraz,a0e2,Pedro Martinez,mo44,01:10:26, 6  -  2 , 6  -  1 ,-,-,-
407,2025,Quarterfinals,abn_amro_open,Alex de Minaur,dh58,Daniel Altmaier,ae14,01:27:35, 6  -  1 , 6  -  4 ,-,-,-
407,2025,Quarterfinals,abn_amro_open,Hubert Hurkacz,hb71,Andrey Rublev,re44,02:24:26, 6 5  -  7 , 6  -  3 , 6  -  4 ,-,-
407,2025,Quarterfinals,abn_amro_open,Mattia Bellucci,b0gg,Stefanos Tsitsipas,te51,01:25:37, 6  -  4 , 6  -  2 ,-,-,-
407,2025,Round of 16,abn_amro_open,Carlos Alcaraz,a0e2,Andrea Vavassori,va08,01:03:55, 6  -  2 , 6  -  1 ,-,-,-
407,2025,Round of 16,abn_amro_open,Alex de Minaur,dh58,Jakub Mensik,m0ni,01:28:49, 6  -  4 , 6  -  4 ,-,-,-
407,2025,Round of 16,abn_amro_open,Andrey Rublev,re44,Fabian Marozsan,m0ci,01:45:59, 7  -  6 2 , 7  -  6 7 ,-,-,-
407,2025,Round of 16,abn_amro_open,Pedro Martinez,mo44,Holger Rune,r0dg,01:23:20, 6  -  4 , 6  -  1 ,-,-,-
407,2025,Round of 16,abn_amro_open,Stefanos Tsitsipas,te51,Tallon Griekspoor,gj37,02:59:00, 6 5  -  7 , 7  -  6 6 , 7  -  5 ,-,-
407,2025,Round of 16,abn_amro_open,Daniel Altmaier,ae14,Arthur Fils,f0f1,02:26:04, 6  -  4 , 3  -  6 , 7  -  5 ,-,-
407,2025,Round of 16,abn_amro_open,Mattia Bellucci,b0gg,Daniil Medvedev,mm58,02:54:19, 6  -  3 , 6 6  -  7 , 6  -  3 ,-,-
407,2025,Round of 16,abn_amro_open,Hubert Hurkacz,hb71,Jiri Lehecka,l0bv,00:55:43, 7  -  5 , 2  -  0 ,-,-,-
407,2025,Round of 32,abn_amro_open,Arthur Fils,f0f1,Constant Lestienne,lb66,02:08:21, 6 4  -  7 , 6  -  2 , 6  -  1 ,-,-
407,2025,Round of 32,abn_amro_open,Daniel Altmaier,ae14,Aleksandar Kovacevic,k0az,01:48:44, 1  -  6 , 6  -  4 , 6  -  3 ,-,-
407,2025,Round of 32,abn_amro_open,Tallon Griekspoor,gj37,Matteo Berrettini,bk40,02:22:49, 6  -  3 , 6 2  -  7 , 7  -  6 4 ,-,-
407,2025,Round of 32,abn_amro_open,Fabian Marozsan,m0ci,Jan-Lennard Struff,sl28,01:55:22, 6  -  3 , 4  -  6 , 7  -  6 3 ,-,-
407,2025,Round of 32,abn_amro_open,Andrea Vavassori,va08,Felix Auger-Aliassime,ag37,01:40:11, 6 3  -  7 , 6  -  4 ,-,-,-
407,2025,Round of 32,abn_amro_open,Carlos Alcaraz,a0e2,Botic van de Zandschulp,v812,02:34:06, 7  -  6 3 , 3  -  6 , 6  -  1 ,-,-
407,2025,Round of 32,abn_amro_open,Alex de Minaur,dh58,David Goffin,gb88,01:36:29, 6  -  2 , 6  -  4 ,-,-,-
407,2025,Round of 32,abn_amro_open,Andrey Rublev,re44,Zhizhen Zhang,z371,01:22:53, 6  -  3 , 6  -  4 ,-,-,-
407,2025,Round of 32,abn_amro_open,Holger Rune,r0dg,Lorenzo Sonego,su87,02:11:54, 7  -  6 4 , 6  -  4 ,-,-,-
407,2025,Round of 32,abn_amro_open,Jiri Lehecka,l0bv,Alexei Popyrin,p09z,01:27:28, 7  -  5 , 6  -  2 ,-,-,-
407,2025,Round of 32,abn_amro_open,Pedro Martinez,mo44,Roberto Bautista Agut,bd06,01:41:20, 6  -  3 , 6  -  2 ,-,-,-
407,2025,Round of 32,abn_amro_open,Jakub Mensik,m0ni,Alexander Bublik,bk92,00:59:04, 6  -  4 , 6  -  4 ,-,-,-
407,2025,Round of 32,abn_amro_open,Daniil Medvedev,mm58,Stan Wawrinka,w367,02:27:44, 6 8  -  7 , 6  -  4 , 6  -  1 ,-,-
407,2025,Round of 32,abn_amro_open,Stefanos Tsitsipas,te51,Harold Mayot,m0g4,01:23:27, 6  -  1 , 7  -  5 ,-,-,-
407,2025,Round of 32,abn_amro_open,Hubert Hurkacz,hb71,Flavio Cobolli,c0e9,01:17:00, 6  -  3 , 6  -  2 ,-,-,-
407,2025,Round of 32,abn_amro_open,Mattia Bellucci,b0gg,Mees Rottgering,r0kd,01:42:21, 6  -  3 , 6  -  2 ,-,-,-
407,2025,2nd Round Qualifying,abn_amro_open,Constant Lestienne,lb66,Daniel Altmaier,ae14,02:08:16, 7  -  6 3 , 6  -  4 ,-,-,-
407,2025,2nd Round Qualifying,abn_amro_open,Mattia Bellucci,b0gg,Gijs Brouwer,bo10,00:49:03, 6  -  1 , 6  -  1 ,-,-,-
407,2025,2nd Round Qualifying,abn_amro_open,Harold Mayot,m0g4,Mikhail Kukushkin,k926,01:33:17, 6  -  1 , 7  -  6 4 ,-,-,-
407,2025,2nd Round Qualifying,abn_amro_open,Andrea Vavassori,va08,Geoffrey Blancaneaux,bu54,01:23:58, 6  -  3 , 6  -  4 ,-,-,-
407,2025,1st Round Qualifying,abn_amro_open,Daniel Altmaier,ae14,Carlos Sanchez Jover,s0cg,01:12:30, 6  -  3 , 6  -  2 ,-,-,-
407,2025,1st Round Qualifying,abn_amro_open,Mattia Bellucci,b0gg,Thijs Boogaard,b0t6,01:07:06, 6  -  3 , 6  -  1 ,-,-,-
407,2025,1st Round Qualifying,abn_amro_open,Mikhail Kukushkin,k926,Jelle Sels,so20,01:17:28, 6  -  4 , 6  -  1 ,-,-,-
407,2025,1st Round Qualifying,abn_amro_open,Harold Mayot,m0g4,Michael Vrbensky,v0b2,01:04:10, 6  -  2 , 6  -  2 ,-,-,-
407,2025,1st Round Qualifying,abn_amro_open,Geoffrey Blancaneaux,bu54,Daniel Evans,e687,01:18:41, 6  -  4 , 6  -  3 ,-,-,-
407,2025,1st Round Qualifying,abn_amro_open,Constant Lestienne,lb66,Ryan Nijboer,n0b4,02:10:52, 7  -  6 3 , 7  -  6 6 ,-,-,-
407,2025,1st Round Qualifying,abn_amro_open,Gijs Brouwer,bo10,Max Houkes,h0cx,01:19:09, 6  -  3 , 6  -  4 ,-,-,-
407,2025,1st Round Qualifying,abn_amro_open,Andrea Vavassori,va08,Niels Visker,v0d0,01:22:04, 7  -  6 2 , 6  -  2 ,-,-,-
496,2025,Final,open_13_provence,Ugo Humbert,hh26,Hamad Medjedovic,m0jf,01:40:58, 7  -  6 4 , 6  -  4 ,-,-,-
496,2025,Semifinals,open_13_provence,Hamad Medjedovic,m0jf,Daniil Medvedev,mm58,01:12:02, 6  -  3 , 6  -  2 ,-,-,-
496,2025,Semifinals,open_13_provence,Ugo Humbert,hh26,Zizou Bergs,bu13,01:30:18, 6  -  4 , 6  -  4 ,-,-,-
496,2025,Quarterfinals,open_13_provence,Daniil Medvedev,mm58,Jan-Lennard Struff,sl28,01:18:43, 6  -  3 , 6  -  2 ,-,-,-
496,2025,Quarterfinals,open_13_provence,Ugo Humbert,hh26,Lorenzo Sonego,su87,01:38:38, 6  -  4 , 6  -  4 ,-,-,-
496,2025,Quarterfinals,open_13_provence,Zizou Bergs,bu13,Zhizhen Zhang,z371,00:38:44,-,-,-,-,-
496,2025,Quarterfinals,open_13_provence,Hamad Medjedovic,m0jf,Daniel Altmaier,ae14,02:42:15, 7  -  5 , 6 7  -  7 , 6  -  4 ,-,-
496,2025,Round of 16,open_13_provence,Daniil Medvedev,mm58,Pierre-Hugues Herbert,h996,01:09:53, 6  -  2 , 6  -  4 ,-,-,-
496,2025,Round of 16,open_13_provence,Zhizhen Zhang,z371,Hubert Hurkacz,hb71,02:08:23, 6  -  4 , 6 1  -  7 , 6  -  3 ,-,-
496,2025,Round of 16,open_13_provence,Zizou Bergs,bu13,Nuno Borges,bt72,02:10:14, 6  -  2 , 6 5  -  7 , 6  -  2 ,-,-
496,2025,Round of 16,open_13_provence,Jan-Lennard Struff,sl28,Hugo Grenier,gf95,02:14:21, 6  -  4 , 5  -  7 , 6  -  4 ,-,-
496,2025,Round of 16,open_13_provence,Ugo Humbert,hh26,Alexander Bublik,bk92,01:33:39, 7  -  6 7 , 6  -  4 ,-,-,-
496,2025,Round of 16,open_13_provence,Hamad Medjedovic,m0jf,Karen Khachanov,ke29,01:12:48, 6  -  2 , 6  -  3 ,-,-,-
496,2025,Round of 16,open_13_provence,Lorenzo Sonego,su87,Luca Van Assche,v0dz,(7),-,-,-,-,-
496,2025,Round of 16,open_13_provence,Daniel Altmaier,ae14,Otto Virtanen,v0am,01:27:49, 6  -  4 , 6  -  3 ,-,-,-
496,2025,Round of 32,open_13_provence,Hugo Grenier,gf95,Arthur Gea,g0ix,01:42:36, 7  -  5 , 6  -  4 ,-,-,-
496,2025,Round of 32,open_13_provence,Pierre-Hugues Herbert,h996,Harold Mayot,m0g4,02:34:29, 2  -  6 , 7  -  5 , 6  -  3 ,-,-
496,2025,Round of 32,open_13_provence,Nuno Borges,bt72,Stan Wawrinka,w367,02:31:30, 6 4  -  7 , 7  -  6 1 , 6  -  3 ,-,-
496,2025,Round of 32,open_13_provence,Daniel Altmaier,ae14,Luca Nardi,n0bg,01:22:23, 6  -  2 , 6  -  2 ,-,-,-
496,2025,Round of 32,open_13_provence,Zizou Bergs,bu13,Clement Chidekh,c0bh,01:22:59, 6  -  4 , 6  -  4 ,-,-,-
496,2025,Round of 32,open_13_provence,Alexander Bublik,bk92,Richard Gasquet,g628,01:21:48, 6  -  4 , 6  -  4 ,-,-,-
496,2025,Round of 32,open_13_provence,Jan-Lennard Struff,sl28,Manuel Guinard,gh33,01:57:41, 7  -  5 , 7  -  6 4 ,-,-,-
496,2025,Round of 32,open_13_provence,Luca Van Assche,v0dz,Benjamin Bonzi,bm95,02:11:55, 3  -  6 , 6  -  3 , 7  -  6 7 ,-,-
496,2025,Round of 32,open_13_provence,Zhizhen Zhang,z371,Quentin Halys,hb64,02:19:30, 6  -  3 , 6 2  -  7 , 7  -  6 3 ,-,-
496,2025,Round of 32,open_13_provence,Otto Virtanen,v0am,Sebastian Korda,k0ah,02:32:22, 6 3  -  7 , 7  -  6 4 , 6  -  4 ,-,-
496,2025,Round of 32,open_13_provence,Lorenzo Sonego,su87,Botic van de Zandschulp,v812,01:59:14, 6  -  1 , 3  -  6 , 6  -  3 ,-,-
496,2025,Round of 32,open_13_provence,Hamad Medjedovic,m0jf,Raphael Collignon,c0jp,01:27:10, 6  -  3 , 6  -  4 ,-,-,-
496,2025,2nd Round Qualifying,open_13_provence,Hugo Grenier,gf95,Lukas Klein,ki63,02:19:48, 2  -  6 , 7  -  6 8 , 7  -  5 ,-,-
496,2025,2nd Round Qualifying,open_13_provence,Clement Chidekh,c0bh,Luca Van Assche,v0dz,02:49:07, 6  -  4 , 4  -  6 , 7  -  5 ,-,-
496,2025,2nd Round Qualifying,open_13_provence,Pierre-Hugues Herbert,h996,Manuel Guinard,gh33,02:00:58, 3  -  6 , 6  -  4 , 6  -  3 ,-,-
496,2025,2nd Round Qualifying,open_13_provence,Arthur Gea,g0ix,Yosuke Watanuki,wb08,01:49:54, 7  -  6 2 , 6  -  4 ,-,-,-
496,2025,1st Round Qualifying,open_13_provence,Manuel Guinard,gh33,Kamil Majchrzak,mq75,01:41:35, 7  -  5 , 7  -  6 7 ,-,-,-
496,2025,1st Round Qualifying,open_13_provence,Yosuke Watanuki,wb08,Jozef Kovalik,kc04,01:22:04, 7  -  5 , 6  -  2 ,-,-,-
496,2025,1st Round Qualifying,open_13_provence,Clement Chidekh,c0bh,Martin Landaluce,l0il,01:29:17, 6  -  3 , 6  -  3 ,-,-,-
496,2025,1st Round Qualifying,open_13_provence,Hugo Grenier,gf95,Matteo Gigante,g0gd,01:55:49, 3  -  6 , 6  -  3 , 6  -  3 ,-,-
496,2025,1st Round Qualifying,open_13_provence,Lukas Klein,ki63,Alibek Kachmazov,k0e6,01:35:43, 6  -  1 , 7  -  6 3 ,-,-,-
496,2025,1st Round Qualifying,open_13_provence,Luca Van Assche,v0dz,Matteo Martineau,mw76,01:40:06, 7  -  6 3 , 6  -  4 ,-,-,-
496,2025,1st Round Qualifying,open_13_provence,Arthur Gea,g0ix,Henri Squire,s0ak,00:44:34,-,-,-,-,-
496,2025,1st Round Qualifying,open_13_provence,Pierre-Hugues Herbert,h996,Calvin Hemery,hb48,01:02:31, 6  -  2 , 6  -  3 ,-,-,-
499,2025,Final,delray_beach_open,Miomir Kecmanovic,ki95,Alejandro Davidovich Fokina,dh50,02:10:12, 3  -  6 , 6  -  1 , 7  -  5 ,-,-
499,2025,Semifinals,delray_beach_open,Miomir Kecmanovic,ki95,Alex Michelsen,m0qi,01:32:13, 7  -  6 3 , 6  -  3 ,-,-,-
499,2025,Semifinals,delray_beach_open,Alejandro Davidovich Fokina,dh50,Matteo Arnaldi,a0fc,01:42:06, 6  -  4 , 6  -  4 ,-,-,-
499,2025,Quarterfinals,delray_beach_open,Alejandro Davidovich Fokina,dh50,Taylor Fritz,fb98,02:25:07, 7  -  6 4 , 7  -  6 5 ,-,-,-
499,2025,Quarterfinals,delray_beach_open,Alex Michelsen,m0qi,Cameron Norrie,n771,01:38:00, 7  -  6 3 , 7  -  5 ,-,-,-
499,2025,Quarterfinals,delray_beach_open,Matteo Arnaldi,a0fc,Brandon Nakashima,n0ae,01:42:59, 7  -  6 2 , 6  -  4 ,-,-,-
499,2025,Quarterfinals,delray_beach_open,Miomir Kecmanovic,ki95,Marcos Giron,gc88,01:40:06, 2  -  6 , 6  -  4 , 6  -  2 ,-,-
499,2025,Round of 16,delray_beach_open,Taylor Fritz,fb98,Yunchaokete Bu,y09v,01:37:40, 7  -  6 4 , 6  -  2 ,-,-,-
499,2025,Round of 16,delray_beach_open,Matteo Arnaldi,a0fc,Learner Tien,t0ha,02:49:10, 7  -  6 4 , 4  -  6 , 7  -  6 1 ,-,-
499,2025,Round of 16,delray_beach_open,Brandon Nakashima,n0ae,Reilly Opelka,o522,01:52:25, 3  -  6 , 7  -  5 , 6  -  2 ,-,-
499,2025,Round of 16,delray_beach_open,Alejandro Davidovich Fokina,dh50,Mackenzie McDonald,mk66,02:16:04, 6  -  2 , 5  -  7 , 6  -  0 ,-,-
499,2025,Round of 16,delray_beach_open,Alex Michelsen,m0qi,Michael Mmoh,mp01,01:51:14, 6 8  -  7 , 3  -  0 ,-,-,-
499,2025,Round of 16,delray_beach_open,Marcos Giron,gc88,Ethan Quinn,q02l,01:19:47, 6  -  3 , 6  -  4 ,-,-,-
499,2025,Round of 16,delray_beach_open,Miomir Kecmanovic,ki95,Yoshihito Nishioka,n732,(7),-,-,-,-,-
499,2025,Round of 16,delray_beach_open,Cameron Norrie,n771,Arthur Rinderknech,rc91,01:59:48, 7  -  6 9 , 6  -  2 ,-,-,-
499,2025,Round of 32,delray_beach_open,Learner Tien,t0ha,Adam Walton,w09e,01:26:39, 6  -  4 , 6  -  3 ,-,-,-
499,2025,Round of 32,delray_beach_open,Alejandro Davidovich Fokina,dh50,Taro Daniel,da81,01:26:13, 6  -  2 , 7  -  6 2 ,-,-,-
499,2025,Round of 32,delray_beach_open,Arthur Rinderknech,rc91,Dmitry Popko,pg20,01:23:15, 6  -  2 , 6  -  4 ,-,-,-
499,2025,Round of 32,delray_beach_open,Yunchaokete Bu,y09v,Rinky Hijikata,h0bh,00:59:49, 6  -  2 , 6  -  0 ,-,-,-
499,2025,Round of 32,delray_beach_open,Mackenzie McDonald,mk66,Kei Nishikori,n552,02:32:05, 7  -  6 4 , 4  -  6 , 7  -  5 ,-,-
499,2025,Round of 32,delray_beach_open,Yoshihito Nishioka,n732,Aleksandar Vukic,v832,01:19:15, 6  -  3 , 6  -  4 ,-,-,-
499,2025,Round of 32,delray_beach_open,Reilly Opelka,o522,Christopher Eubanks,e865,01:26:41, 6  -  3 , 7  -  6 7 ,-,-,-
499,2025,Round of 32,delray_beach_open,Brandon Nakashima,n0ae,James Trotter,t0bw,01:38:25, 7  -  6 2 , 6  -  1 ,-,-,-
499,2025,Round of 32,delray_beach_open,Miomir Kecmanovic,ki95,Borna Gojo,gh92,01:10:40, 6  -  4 , 6  -  4 ,-,-,-
499,2025,Round of 32,delray_beach_open,Michael Mmoh,mp01,Alexander Shevchenko,s0h2,01:59:15, 7  -  5 , 7  -  6 5 ,-,-,-
499,2025,Round of 32,delray_beach_open,Cameron Norrie,n771,Zachary Svajda,s0k7,01:28:54, 7  -  5 , 6  -  4 ,-,-,-
499,2025,Round of 32,delray_beach_open,Ethan Quinn,q02l,Tristan Boyer,b0ej,03:12:07, 6  -  2 , 6 5  -  7 , 7  -  6 2 ,-,-
499,2025,2nd Round Qualifying,delray_beach_open,Tristan Boyer,b0ej,Murphy Cassone,c0ht,01:51:04, 6  -  4 , 6  -  2 ,-,-,-
499,2025,2nd Round Qualifying,delray_beach_open,James Trotter,t0bw,Taro Daniel,da81,02:46:07, 6 4  -  7 , 7  -  5 , 6  -  3 ,-,-
499,2025,2nd Round Qualifying,delray_beach_open,Zachary Svajda,s0k7,Ethan Quinn,q02l,01:28:57, 7  -  6 1 , 6  -  3 ,-,-,-
499,2025,2nd Round Qualifying,delray_beach_open,Michael Mmoh,mp01,Dmitry Popko,pg20,01:39:12, 7  -  6 5 , 6  -  0 ,-,-,-
499,2025,1st Round Qualifying,delray_beach_open,Tristan Boyer,b0ej,J.J. Wolf,w09g,00:17:48,-,-,-,-,-
499,2025,1st Round Qualifying,delray_beach_open,Taro Daniel,da81,Liam Draxl,d0dp,01:23:49, 7  -  6 6 , 4  -  0 ,-,-,-
499,2025,1st Round Qualifying,delray_beach_open,Dmitry Popko,pg20,Federico Agustin Gomez,gj16,01:58:49, 2  -  6 , 6  -  3 , 7  -  6 4 ,-,-
499,2025,1st Round Qualifying,delray_beach_open,Ethan Quinn,q02l,Tomas Barrios Vera,bs86,02:18:12, 6  -  2 , 4  -  6 , 6  -  3 ,-,-
499,2025,1st Round Qualifying,delray_beach_open,Murphy Cassone,c0ht,Mitchell Krueger,kc12,02:31:26, 7  -  5 , 2  -  6 , 7  -  6 5 ,-,-
499,2025,1st Round Qualifying,delray_beach_open,Michael Mmoh,mp01,Radu Albot,a829,03:20:18, 7  -  6 4 , 4  -  6 , 6  -  3 ,-,-
499,2025,1st Round Qualifying,delray_beach_open,Zachary Svajda,s0k7,Stefan Kozlov,ke64,01:07:02, 6  -  3 , 6  -  0 ,-,-,-
499,2025,1st Round Qualifying,delray_beach_open,James Trotter,t0bw,Ryan Seggerman,s0dl,00:52:48, 6  -  1 , 6  -  3 ,-,-,-
451,2025,Final,qatar_exxonmobil_open,Andrey Rublev,re44,Jack Draper,d0co,02:04:00, 7  -  5 , 5  -  7 , 6  -  1 ,-,-
451,2025,Semifinals,qatar_exxonmobil_open,Andrey Rublev,re44,Felix Auger-Aliassime,ag37,02:46:47, 7  -  5 , 4  -  6 , 7  -  6 5 ,-,-
451,2025,Semifinals,qatar_exxonmobil_open,Jack Draper,d0co,Jiri Lehecka,l0bv,02:22:18, 3  -  6 , 7  -  6 2 , 6  -  3 ,-,-
451,2025,Quarterfinals,qatar_exxonmobil_open,Jiri Lehecka,l0bv,Carlos Alcaraz,a0e2,02:09:06, 6  -  3 , 3  -  6 , 6  -  4 ,-,-
451,2025,Quarterfinals,qatar_exxonmobil_open,Andrey Rublev,re44,Alex de Minaur,dh58,02:39:03, 6  -  1 , 3  -  6 , 7  -  6 8 ,-,-
451,2025,Quarterfinals,qatar_exxonmobil_open,Felix Auger-Aliassime,ag37,Daniil Medvedev,mm58,00:31:28,-,-,-,-,-
451,2025,Quarterfinals,qatar_exxonmobil_open,Jack Draper,d0co,Matteo Berrettini,bk40,02:21:19, 4  -  6 , 6  -  4 , 6  -  3 ,-,-
451,2025,Round of 16,qatar_exxonmobil_open,Carlos Alcaraz,a0e2,Luca Nardi,n0bg,01:52:51, 6  -  1 , 4  -  6 , 6  -  3 ,-,-
451,2025,Round of 16,qatar_exxonmobil_open,Alex de Minaur,dh58,Botic van de Zandschulp,v812,02:00:42, 6  -  4 , 6  -  4 ,-,-,-
451,2025,Round of 16,qatar_exxonmobil_open,Daniil Medvedev,mm58,Zizou Bergs,bu13,00:56:30, 6  -  2 , 6  -  1 ,-,-,-
451,2025,Round of 16,qatar_exxonmobil_open,Andrey Rublev,re44,Nuno Borges,bt72,01:01:59, 6  -  3 , 6  -  4 ,-,-,-
451,2025,Round of 16,qatar_exxonmobil_open,Jack Draper,d0co,Christopher O'Connell,o483,00:58:57, 6  -  2 , 6  -  1 ,-,-,-
451,2025,Round of 16,qatar_exxonmobil_open,Felix Auger-Aliassime,ag37,Hamad Medjedovic,m0jf,,-,-,-,-,-
451,2025,Round of 16,qatar_exxonmobil_open,Matteo Berrettini,bk40,Tallon Griekspoor,gj37,02:27:23, 7  -  6 4 , 6 6  -  7 , 6  -  4 ,-,-
451,2025,Round of 16,qatar_exxonmobil_open,Jiri Lehecka,l0bv,Fabian Marozsan,m0ci,01:03:50, 6  -  4 , 6  -  2 ,-,-,-
451,2025,Round of 32,qatar_exxonmobil_open,Alex de Minaur,dh58,Roman Safiullin,sx50,01:38:14, 6  -  1 , 7  -  5 ,-,-,-
451,2025,Round of 32,qatar_exxonmobil_open,Matteo Berrettini,bk40,Novak Djokovic,d643,01:33:59, 7  -  6 4 , 6  -  2 ,-,-,-
451,2025,Round of 32,qatar_exxonmobil_open,Daniil Medvedev,mm58,Karen Khachanov,ke29,02:31:50, 4  -  6 , 7  -  5 , 6  -  3 ,-,-
451,2025,Round of 32,qatar_exxonmobil_open,Andrey Rublev,re44,Alexander Bublik,bk92,01:10:56, 6  -  3 , 6  -  4 ,-,-,-
451,2025,Round of 32,qatar_exxonmobil_open,Hamad Medjedovic,m0jf,Stefanos Tsitsipas,te51,02:44:47, 7  -  6 6 , 5  -  7 , 7  -  6 5 ,-,-
451,2025,Round of 32,qatar_exxonmobil_open,Felix Auger-Aliassime,ag37,Quentin Halys,hb64,02:34:14, 4  -  6 , 6  -  4 , 7  -  6 2 ,-,-
451,2025,Round of 32,qatar_exxonmobil_open,Zizou Bergs,bu13,Roberto Bautista Agut,bd06,01:54:33, 6  -  4 , 7  -  6 4 ,-,-,-
451,2025,Round of 32,qatar_exxonmobil_open,Nuno Borges,bt72,Otto Virtanen,v0am,01:22:37, 7  -  6 6 , 6  -  3 ,-,-,-
451,2025,Round of 32,qatar_exxonmobil_open,Tallon Griekspoor,gj37,Jan-Lennard Struff,sl28,02:06:35, 7  -  6 5 , 7  -  6 7 ,-,-,-
451,2025,Round of 32,qatar_exxonmobil_open,Luca Nardi,n0bg,Zhizhen Zhang,z371,01:16:23, 6  -  4 , 6  -  3 ,-,-,-
451,2025,Round of 32,qatar_exxonmobil_open,Botic van de Zandschulp,v812,Abdullah Shelbayh,s0nv,01:37:00, 7  -  5 , 6  -  3 ,-,-,-
451,2025,Round of 32,qatar_exxonmobil_open,Carlos Alcaraz,a0e2,Marin Cilic,c977,01:39:16, 6  -  4 , 6  -  4 ,-,-,-
451,2025,Round of 32,qatar_exxonmobil_open,Jiri Lehecka,l0bv,Grigor Dimitrov,d875,01:15:33, 6  -  4 , 6  -  4 ,-,-,-
451,2025,Round of 32,qatar_exxonmobil_open,Jack Draper,d0co,Alexei Popyrin,p09z,01:24:15, 6  -  2 , 7  -  6 4 ,-,-,-
451,2025,Round of 32,qatar_exxonmobil_open,Fabian Marozsan,m0ci,Aziz Dougaz,df88,01:28:57, 7  -  5 , 6  -  3 ,-,-,-
451,2025,Round of 32,qatar_exxonmobil_open,Christopher O'Connell,o483,Hady Habib,hf80,01:56:17, 7  -  6 7 , 7  -  6 3 ,-,-,-
451,2025,2nd Round Qualifying,qatar_exxonmobil_open,Quentin Halys,hb64,Stan Wawrinka,w367,02:03:11, 7  -  6 6 , 1  -  6 , 6  -  3 ,-,-
451,2025,2nd Round Qualifying,qatar_exxonmobil_open,Christopher O'Connell,o483,Pavel Kotov,k09f,01:21:51, 6  -  4 , 6  -  2 ,-,-,-
451,2025,2nd Round Qualifying,qatar_exxonmobil_open,Luca Nardi,n0bg,Mikhail Kukushkin,k926,01:59:56, 6  -  4 , 6  -  4 ,-,-,-
451,2025,2nd Round Qualifying,qatar_exxonmobil_open,Botic van de Zandschulp,v812,Otto Virtanen,v0am,00:53:47, 6  -  1 , 6  -  4 ,-,-,-
451,2025,1st Round Qualifying,qatar_exxonmobil_open,Quentin Halys,hb64,Mubarak Shannan Zayid,ac39,01:06:22, 6  -  4 , 6  -  2 ,-,-,-
451,2025,1st Round Qualifying,qatar_exxonmobil_open,Christopher O'Connell,o483,Yosuke Watanuki,wb08,03:10:28, 6 3  -  7 , 7  -  6 4 , 6  -  3 ,-,-
451,2025,1st Round Qualifying,qatar_exxonmobil_open,Luca Nardi,n0bg,Yasutaka Uchiyama,u134,01:32:05, 6  -  4 , 6  -  4 ,-,-,-
451,2025,1st Round Qualifying,qatar_exxonmobil_open,Botic van de Zandschulp,v812,Ergi Kirkin,ki48,00:44:50, 6  -  1 , 2  -  1 ,-,-,-
451,2025,1st Round Qualifying,qatar_exxonmobil_open,Otto Virtanen,v0am,Terence Atmane,a0gc,01:31:48, 6  -  4 , 7  -  5 ,-,-,-
451,2025,1st Round Qualifying,qatar_exxonmobil_open,Stan Wawrinka,w367,Arthur Cazaux,c0h0,01:45:43, 7  -  6 3 , 6  -  3 ,-,-,-
451,2025,1st Round Qualifying,qatar_exxonmobil_open,Pavel Kotov,k09f,Jozef Kovalik,kc04,03:06:22, 7  -  5 , 4  -  6 , 6  -  4 ,-,-
451,2025,1st Round Qualifying,qatar_exxonmobil_open,Mikhail Kukushkin,k926,Daniel Merida,m0n7,01:32:14, 6  -  2 , 6  -  4 ,-,-,-
6932,2025,Final,rio_open_presented_by_claro,Sebastian Baez,b0bi,Alexandre Muller,mp20,01:26:31, 6  -  2 , 6  -  3 ,-,-,-
6932,2025,Semifinals,rio_open_presented_by_claro,Sebastian Baez,b0bi,Camilo Ugo Carabelli,u182,01:45:06, 3  -  6 , 6  -  1 , 6  -  1 ,-,-
6932,2025,Semifinals,rio_open_presented_by_claro,Alexandre Muller,mp20,Francisco Comesana,c0df,02:55:50, 7  -  5 , 6 3  -  7 , 6  -  3 ,-,-
6932,2025,Quarterfinals,rio_open_presented_by_claro,Francisco Comesana,c0df,Alexander Zverev,z355,02:31:11, 4  -  6 , 6  -  3 , 6  -  4 ,-,-
6932,2025,Quarterfinals,rio_open_presented_by_claro,Alexandre Muller,mp20,Francisco Cerundolo,c0au,01:16:58, 7  -  5 , 6  -  1 ,-,-,-
6932,2025,Quarterfinals,rio_open_presented_by_claro,Sebastian Baez,b0bi,Chun-Hsin Tseng,t0ap,01:35:12, 6  -  4 , 6  -  1 ,-,-,-
6932,2025,Quarterfinals,rio_open_presented_by_claro,Camilo Ugo Carabelli,u182,Jaime Faria,f0f2,01:56:04, 7  -  6 5 , 6  -  4 ,-,-,-
6932,2025,Round of 16,rio_open_presented_by_claro,Francisco Cerundolo,c0au,Luciano Darderi,d0fj,02:09:47, 6 1  -  7 , 6  -  3 , 6  -  2 ,-,-
6932,2025,Round of 16,rio_open_presented_by_claro,Alexandre Muller,mp20,Tomas Martin Etcheverry,ea24,02:08:07, 7  -  5 , 7  -  6 5 ,-,-,-
6932,2025,Round of 16,rio_open_presented_by_claro,Jaime Faria,f0f2,Jaume Munar,mu94,02:02:32, 6  -  4 , 2  -  6 , 6  -  3 ,-,-
6932,2025,Round of 16,rio_open_presented_by_claro,Camilo Ugo Carabelli,u182,Damir Dzumhur,d923,01:46:51, 6  -  4 , 6  -  4 ,-,-,-
6932,2025,Round of 16,rio_open_presented_by_claro,Alexander Zverev,z355,Alexander Shevchenko,s0h2,02:28:45, 7  -  6 1 , 7  -  6 6 ,-,-,-
6932,2025,Round of 16,rio_open_presented_by_claro,Sebastian Baez,b0bi,Mariano Navone,n0bs,02:08:36, 6  -  4 , 1  -  6 , 6  -  3 ,-,-
6932,2025,Round of 16,rio_open_presented_by_claro,Francisco Comesana,c0df,Nicolas Jarry,j551,03:14:05, 7  -  6 4 , 6 1  -  7 , 7  -  6 6 ,-,-
6932,2025,Round of 16,rio_open_presented_by_claro,Chun-Hsin Tseng,t0ap,Thiago Monteiro,mj08,03:20:14, 6 4  -  7 , 6  -  3 , 7  -  6 4 ,-,-
6932,2025,Round of 32,rio_open_presented_by_claro,Alexander Zverev,z355,Yunchaokete Bu,y09v,02:04:28, 7  -  6 4 , 6  -  4 ,-,-,-
6932,2025,Round of 32,rio_open_presented_by_claro,Francisco Cerundolo,c0au,Hugo Gaston,g09o,01:41:50, 7  -  6 9 , 6  -  0 ,-,-,-
6932,2025,Round of 32,rio_open_presented_by_claro,Sebastian Baez,b0bi,Roman Andres Burruchaga,b0fv,01:37:17, 6  -  3 , 7  -  5 ,-,-,-
6932,2025,Round of 32,rio_open_presented_by_claro,Camilo Ugo Carabelli,u182,Pedro Martinez,mo44,02:23:16, 4  -  6 , 6  -  3 , 6  -  3 ,-,-
6932,2025,Round of 32,rio_open_presented_by_claro,Tomas Martin Etcheverry,ea24,Corentin Moutet,mw02,01:51:34, 6  -  3 , 7  -  6 1 ,-,-,-
6932,2025,Round of 32,rio_open_presented_by_claro,Luciano Darderi,d0fj,Hugo Dellien,da31,01:27:41, 7  -  6 2 , 2  -  2 ,-,-,-
6932,2025,Round of 32,rio_open_presented_by_claro,Damir Dzumhur,d923,Dusan Lajovic,l987,01:29:29, 6  -  3 , 6  -  4 ,-,-,-
6932,2025,Round of 32,rio_open_presented_by_claro,Jaime Faria,f0f2,Tomas Barrios Vera,bs86,01:27:03, 6  -  2 , 7  -  5 ,-,-,-
6932,2025,Round of 32,rio_open_presented_by_claro,Alexandre Muller,mp20,Joao Fonseca,f0fv,01:32:40, 6  -  1 , 7  -  6 4 ,-,-,-
6932,2025,Round of 32,rio_open_presented_by_claro,Mariano Navone,n0bs,Roberto Carballes Baena,cf59,01:36:08, 6  -  4 , 6  -  3 ,-,-,-
6932,2025,Round of 32,rio_open_presented_by_claro,Chun-Hsin Tseng,t0ap,Alejandro Tabilo,te30,01:36:01, 6  -  2 , 7  -  5 ,-,-,-
6932,2025,Round of 32,rio_open_presented_by_claro,Nicolas Jarry,j551,Juan Manuel Cerundolo,c0c8,02:25:43, 4  -  6 , 6  -  3 , 6  -  4 ,-,-
6932,2025,Round of 32,rio_open_presented_by_claro,Francisco Comesana,c0df,Gustavo Heide,h0du,03:21:25, 7  -  6 2 , 6 7  -  7 , 6  -  3 ,-,-
6932,2025,Round of 32,rio_open_presented_by_claro,Thiago Monteiro,mj08,Facundo Diaz Acosta,d0cg,02:39:53, 3  -  6 , 6  -  3 , 7  -  6 3 ,-,-
6932,2025,Round of 32,rio_open_presented_by_claro,Jaume Munar,mu94,Thiago Seyboth Wild,sx91,01:55:37, 6  -  4 , 3  -  6 , 6  -  0 ,-,-
6932,2025,Round of 32,rio_open_presented_by_claro,Alexander Shevchenko,s0h2,Felipe Meligeni Alves,mw75,01:25:03, 6  -  4 , 6  -  2 ,-,-,-
6932,2025,2nd Round Qualifying,rio_open_presented_by_claro,Tomas Barrios Vera,bs86,Camilo Ugo Carabelli,u182,03:11:39, 5  -  7 , 6  -  2 , 7  -  6 12 ,-,-
6932,2025,2nd Round Qualifying,rio_open_presented_by_claro,Juan Manuel Cerundolo,c0c8,Jaime Faria,f0f2,02:41:09, 5  -  7 , 6  -  4 , 6  -  4 ,-,-
6932,2025,2nd Round Qualifying,rio_open_presented_by_claro,Hugo Dellien,da31,Roman Andres Burruchaga,b0fv,02:05:11, 6  -  3 , 1  -  6 , 6  -  1 ,-,-
6932,2025,2nd Round Qualifying,rio_open_presented_by_claro,Chun-Hsin Tseng,t0ap,Marco Trungelliti,ta29,02:51:28, 6 5  -  7 , 6  -  0 , 6  -  4 ,-,-
6932,2025,1st Round Qualifying,rio_open_presented_by_claro,Camilo Ugo Carabelli,u182,Karue Sell,sm88,02:26:24, 6  -  4 , 4  -  6 , 6  -  4 ,-,-
6932,2025,1st Round Qualifying,rio_open_presented_by_claro,Marco Trungelliti,ta29,Yannick Hanfmann,h997,01:21:07, 6  -  4 , 6  -  3 ,-,-,-
6932,2025,1st Round Qualifying,rio_open_presented_by_claro,Jaime Faria,f0f2,Mateus Alves,d0ar,02:04:42, 7  -  5 , 7  -  6 4 ,-,-,-
6932,2025,1st Round Qualifying,rio_open_presented_by_claro,Hugo Dellien,da31,Juan Pablo Ficovich,fa43,01:04:32, 6  -  4 , 6  -  0 ,-,-,-
6932,2025,1st Round Qualifying,rio_open_presented_by_claro,Roman Andres Burruchaga,b0fv,Federico Coria,ce77,02:19:32, 2  -  6 , 6  -  1 , 6  -  4 ,-,-
6932,2025,1st Round Qualifying,rio_open_presented_by_claro,Chun-Hsin Tseng,t0ap,Joao Lucas Reis Da Silva,r0a7,02:43:14, 6 0  -  7 , 6  -  3 , 6  -  4 ,-,-
6932,2025,1st Round Qualifying,rio_open_presented_by_claro,Juan Manuel Cerundolo,c0c8,Thiago Agustin Tirante,t0a1,01:27:26, 6  -  1 , 6  -  4 ,-,-,-
6932,2025,1st Round Qualifying,rio_open_presented_by_claro,Tomas Barrios Vera,bs86,Cristian Garin,gd64,01:56:49, 6  -  4 , 6  -  3 ,-,-,-
495,2025,Final,dubai_duty_free_tennis_championships,Stefanos Tsitsipas,te51,Felix Auger-Aliassime,ag37,01:28:54, 6  -  3 , 6  -  3 ,-,-,-
495,2025,Semifinals,dubai_duty_free_tennis_championships,Stefanos Tsitsipas,te51,Tallon Griekspoor,gj37,01:23:03, 6  -  4 , 6  -  4 ,-,-,-
495,2025,Semifinals,dubai_duty_free_tennis_championships,Felix Auger-Aliassime,ag37,Quentin Halys,hb64,02:16:23, 5  -  7 , 6  -  4 , 6  -  3 ,-,-
495,2025,Quarterfinals,dubai_duty_free_tennis_championships,Tallon Griekspoor,gj37,Daniil Medvedev,mm58,02:36:40, 2  -  6 , 7  -  6 7 , 7  -  5 ,-,-
495,2025,Quarterfinals,dubai_duty_free_tennis_championships,Stefanos Tsitsipas,te51,Matteo Berrettini,bk40,01:57:10, 7  -  6 5 , 1  -  6 , 6  -  4 ,-,-
495,2025,Quarterfinals,dubai_duty_free_tennis_championships,Felix Auger-Aliassime,ag37,Marin Cilic,c977,02:16:30, 6  -  4 , 3  -  6 , 6  -  2 ,-,-
495,2025,Quarterfinals,dubai_duty_free_tennis_championships,Quentin Halys,hb64,Luca Nardi,n0bg,02:06:20, 2  -  6 , 6  -  3 , 7  -  6 5 ,-,-
495,2025,Round of 16,dubai_duty_free_tennis_championships,Daniil Medvedev,mm58,Giovanni Mpetshi Perricard,m0gz,01:22:34, 6  -  4 , 6  -  4 ,-,-,-
495,2025,Round of 16,dubai_duty_free_tennis_championships,Stefanos Tsitsipas,te51,Karen Khachanov,ke29,02:28:22, 7  -  6 4 , 2  -  6 , 6  -  4 ,-,-
495,2025,Round of 16,dubai_duty_free_tennis_championships,Tallon Griekspoor,gj37,Ugo Humbert,hh26,02:00:58, 4  -  6 , 6  -  3 , 6  -  2 ,-,-
495,2025,Round of 16,dubai_duty_free_tennis_championships,Felix Auger-Aliassime,ag37,Nuno Borges,bt72,02:19:09, 4  -  6 , 6  -  3 , 7  -  5 ,-,-
495,2025,Round of 16,dubai_duty_free_tennis_championships,Matteo Berrettini,bk40,Christopher O'Connell,o483,01:30:44, 7  -  6 2 , 6  -  2 ,-,-,-
495,2025,Round of 16,dubai_duty_free_tennis_championships,Marin Cilic,c977,Alexei Popyrin,p09z,02:14:53, 5  -  7 , 6  -  3 , 6  -  4 ,-,-
495,2025,Round of 16,dubai_duty_free_tennis_championships,Quentin Halys,hb64,Roberto Bautista Agut,bd06,01:39:22, 7  -  6 5 , 6  -  4 ,-,-,-
495,2025,Round of 16,dubai_duty_free_tennis_championships,Luca Nardi,n0bg,Zizou Bergs,bu13,01:40:17, 6  -  4 , 7  -  6 3 ,-,-,-
495,2025,Round of 32,dubai_duty_free_tennis_championships,Daniil Medvedev,mm58,Jan-Lennard Struff,sl28,01:44:23, 6  -  4 , 7  -  6 4 ,-,-,-
495,2025,Round of 32,dubai_duty_free_tennis_championships,Marin Cilic,c977,Alex de Minaur,dh58,02:17:30, 6  -  2 , 3  -  6 , 6  -  3 ,-,-
495,2025,Round of 32,dubai_duty_free_tennis_championships,Quentin Halys,hb64,Andrey Rublev,re44,02:12:36, 3  -  6 , 6  -  4 , 7  -  6 5 ,-,-
495,2025,Round of 32,dubai_duty_free_tennis_championships,Ugo Humbert,hh26,Jiri Lehecka,l0bv,01:08:27, 6  -  3 , 6  -  0 ,-,-,-
495,2025,Round of 32,dubai_duty_free_tennis_championships,Christopher O'Connell,o483,Grigor Dimitrov,d875,00:26:41,-,-,-,-,-
495,2025,Round of 32,dubai_duty_free_tennis_championships,Nuno Borges,bt72,Arthur Fils,f0f1,01:01:34, 6  -  2 , 6  -  1 ,-,-,-
495,2025,Round of 32,dubai_duty_free_tennis_championships,Felix Auger-Aliassime,ag37,Alexander Bublik,bk92,02:49:15, 7  -  6 7 , 6 4  -  7 , 6  -  3 ,-,-
495,2025,Round of 32,dubai_duty_free_tennis_championships,Matteo Berrettini,bk40,Gael Monfils,mc65,01:23:14, 7  -  5 , 6  -  4 ,-,-,-
495,2025,Round of 32,dubai_duty_free_tennis_championships,Tallon Griekspoor,gj37,Roman Safiullin,sx50,02:59:03, 5  -  7 , 7  -  6 4 , 7  -  6 1 ,-,-
495,2025,Round of 32,dubai_duty_free_tennis_championships,Luca Nardi,n0bg,Marton Fucsovics,f724,02:12:00, 1  -  6 , 6  -  2 , 6  -  3 ,-,-
495,2025,Round of 32,dubai_duty_free_tennis_championships,Stefanos Tsitsipas,te51,Lorenzo Sonego,su87,01:37:59, 7  -  6 4 , 6  -  3 ,-,-,-
495,2025,Round of 32,dubai_duty_free_tennis_championships,Roberto Bautista Agut,bd06,Fabian Marozsan,m0ci,02:36:00, 3  -  6 , 6  -  3 , 7  -  6 4 ,-,-
495,2025,Round of 32,dubai_duty_free_tennis_championships,Zizou Bergs,bu13,Aziz Dougaz,df88,01:14:31, 6  -  3 , 6  -  3 ,-,-,-
495,2025,Round of 32,dubai_duty_free_tennis_championships,Karen Khachanov,ke29,Daniel Evans,e687,01:20:59, 6  -  1 , 6  -  3 ,-,-,-
495,2025,Round of 32,dubai_duty_free_tennis_championships,Giovanni Mpetshi Perricard,m0gz,Zhizhen Zhang,z371,01:27:14, 6  -  3 , 7  -  6 3 ,-,-,-
495,2025,Round of 32,dubai_duty_free_tennis_championships,Alexei Popyrin,p09z,Hady Habib,hf80,01:05:55, 6  -  2 , 6  -  4 ,-,-,-
495,2025,2nd Round Qualifying,dubai_duty_free_tennis_championships,Roman Safiullin,sx50,Otto Virtanen,v0am,01:30:35, 6  -  3 , 7  -  6 5 ,-,-,-
495,2025,2nd Round Qualifying,dubai_duty_free_tennis_championships,Quentin Halys,hb64,Pavel Kotov,k09f,01:59:54, 7  -  6 3 , 7  -  5 ,-,-,-
495,2025,2nd Round Qualifying,dubai_duty_free_tennis_championships,Christopher O'Connell,o483,Botic van de Zandschulp,v812,02:01:15, 7  -  6 5 , 6  -  4 ,-,-,-
495,2025,2nd Round Qualifying,dubai_duty_free_tennis_championships,Marton Fucsovics,f724,Luca Nardi,n0bg,01:42:27, 7  -  6 5 , 6  -  4 ,-,-,-
495,2025,1st Round Qualifying,dubai_duty_free_tennis_championships,Roman Safiullin,sx50,Nikoloz Basilashvili,bg23,02:19:20, 7  -  6 1 , 3  -  6 , 6  -  3 ,-,-
495,2025,1st Round Qualifying,dubai_duty_free_tennis_championships,Quentin Halys,hb64,Yasutaka Uchiyama,u134,01:33:00, 6  -  3 , 7  -  6 4 ,-,-,-
495,2025,1st Round Qualifying,dubai_duty_free_tennis_championships,Christopher O'Connell,o483,Abdulrahman Al Janahi,a0gx,01:03:30, 6  -  2 , 6  -  0 ,-,-,-
495,2025,1st Round Qualifying,dubai_duty_free_tennis_championships,Marton Fucsovics,f724,Jozef Kovalik,kc04,00:43:58, 6  -  0 , 6  -  1 ,-,-,-
495,2025,1st Round Qualifying,dubai_duty_free_tennis_championships,Luca Nardi,n0bg,Lloyd Harris,hg86,01:32:12, 6  -  3 , 7  -  5 ,-,-,-
495,2025,1st Round Qualifying,dubai_duty_free_tennis_championships,Botic van de Zandschulp,v812,Andrea Vavassori,va08,01:05:51, 6  -  1 , 6  -  3 ,-,-,-
495,2025,1st Round Qualifying,dubai_duty_free_tennis_championships,Otto Virtanen,v0am,Mikhail Kukushkin,k926,01:33:59, 6  -  1 , 7  -  5 ,-,-,-
495,2025,1st Round Qualifying,dubai_duty_free_tennis_championships,Pavel Kotov,k09f,Yosuke Watanuki,wb08,01:15:39, 6  -  3 , 6  -  3 ,-,-,-
807,2025,Final,abierto_mexicano_telcel_presentado_por_hsbc,Tomas Machac,m0fh,Alejandro Davidovich Fokina,dh50,01:37:55, 7  -  6 6 , 6  -  2 ,-,-,-
807,2025,Semifinals,abierto_mexicano_telcel_presentado_por_hsbc,Tomas Machac,m0fh,Brandon Nakashima,n0ae,02:03:53, 6  -  4 , 1  -  6 , 6  -  4 ,-,-
807,2025,Semifinals,abierto_mexicano_telcel_presentado_por_hsbc,Alejandro Davidovich Fokina,dh50,Denis Shapovalov,su55,02:15:45, 7  -  6 3 , 7  -  6 1 ,-,-,-
807,2025,Quarterfinals,abierto_mexicano_telcel_presentado_por_hsbc,Tomas Machac,m0fh,Learner Tien,t0ha,01:38:03, 6  -  3 , 7  -  5 ,-,-,-
807,2025,Quarterfinals,abierto_mexicano_telcel_presentado_por_hsbc,Denis Shapovalov,su55,Marcos Giron,gc88,02:10:51, 4  -  6 , 6  -  3 , 6  -  2 ,-,-
807,2025,Quarterfinals,abierto_mexicano_telcel_presentado_por_hsbc,Alejandro Davidovich Fokina,dh50,Rodrigo Pacheco Mendez,p0j1,01:08:50, 6  -  2 , 6  -  2 ,-,-,-
807,2025,Quarterfinals,abierto_mexicano_telcel_presentado_por_hsbc,Brandon Nakashima,n0ae,David Goffin,gb88,02:02:12, 7  -  6 4 , 6  -  2 ,-,-,-
807,2025,Round of 16,abierto_mexicano_telcel_presentado_por_hsbc,Learner Tien,t0ha,Alexander Zverev,z355,01:28:23, 6  -  3 , 6  -  4 ,-,-,-
807,2025,Round of 16,abierto_mexicano_telcel_presentado_por_hsbc,Rodrigo Pacheco Mendez,p0j1,Casper Ruud,rh16,(WC),-,-,-,-,-
807,2025,Round of 16,abierto_mexicano_telcel_presentado_por_hsbc,Marcos Giron,gc88,Tommy Paul,pl56,,-,-,-,-,-
807,2025,Round of 16,abierto_mexicano_telcel_presentado_por_hsbc,Brandon Nakashima,n0ae,Holger Rune,r0dg,00:10:11,-,-,-,-,-
807,2025,Round of 16,abierto_mexicano_telcel_presentado_por_hsbc,David Goffin,gb88,Ben Shelton,s0s1,01:45:01, 7  -  6 3 , 6  -  3 ,-,-,-
807,2025,Round of 16,abierto_mexicano_telcel_presentado_por_hsbc,Alejandro Davidovich Fokina,dh50,Frances Tiafoe,td51,02:27:58, 6  -  3 , 6 6  -  7 , 6  -  3 ,-,-
807,2025,Round of 16,abierto_mexicano_telcel_presentado_por_hsbc,Tomas Machac,m0fh,Daniel Altmaier,ae14,01:38:53, 7  -  6 3 , 6  -  1 ,-,-,-
807,2025,Round of 16,abierto_mexicano_telcel_presentado_por_hsbc,Denis Shapovalov,su55,Alex Michelsen,m0qi,01:24:00, 6  -  4 , 6  -  3 ,-,-,-
807,2025,Round of 32,abierto_mexicano_telcel_presentado_por_hsbc,Alexander Zverev,z355,Matteo Arnaldi,a0fc,02:44:19, 6 2  -  7 , 6  -  3 , 6  -  4 ,-,-
807,2025,Round of 32,abierto_mexicano_telcel_presentado_por_hsbc,Holger Rune,r0dg,Roberto Carballes Baena,cf59,01:58:04, 7  -  6 4 , 6  -  3 ,-,-,-
807,2025,Round of 32,abierto_mexicano_telcel_presentado_por_hsbc,Frances Tiafoe,td51,Alexandre Muller,mp20,01:10:57, 6  -  4 , 6  -  2 ,-,-,-
807,2025,Round of 32,abierto_mexicano_telcel_presentado_por_hsbc,Denis Shapovalov,su55,Nishesh Basavareddy,b0nn,01:38:25, 7  -  5 , 6  -  2 ,-,-,-
807,2025,Round of 32,abierto_mexicano_telcel_presentado_por_hsbc,Alejandro Davidovich Fokina,dh50,Mattia Bellucci,b0gg,02:19:58, 1  -  6 , 7  -  6 6 , 6  -  2 ,-,-
807,2025,Round of 32,abierto_mexicano_telcel_presentado_por_hsbc,Alex Michelsen,m0qi,Yunchaokete Bu,y09v,02:53:14, 2  -  6 , 7  -  6 5 , 7  -  6 5 ,-,-
807,2025,Round of 32,abierto_mexicano_telcel_presentado_por_hsbc,Brandon Nakashima,n0ae,Benjamin Bonzi,bm95,02:16:34, 7  -  6 6 , 7  -  5 ,-,-,-
807,2025,Round of 32,abierto_mexicano_telcel_presentado_por_hsbc,Rodrigo Pacheco Mendez,p0j1,Aleksandar Vukic,v832,03:01:52, 7  -  5 , 4  -  6 , 7  -  6 4 ,-,-
807,2025,Round of 32,abierto_mexicano_telcel_presentado_por_hsbc,Casper Ruud,rh16,Arthur Rinderknech,rc91,01:42:05, 6  -  4 , 6  -  3 ,-,-,-
807,2025,Round of 32,abierto_mexicano_telcel_presentado_por_hsbc,Tommy Paul,pl56,Gabriel Diallo,d0f6,01:14:34, 6  -  2 , 6  -  2 ,-,-,-
807,2025,Round of 32,abierto_mexicano_telcel_presentado_por_hsbc,Ben Shelton,s0s1,Flavio Cobolli,c0e9,02:01:50, 7  -  6 4 , 7  -  6 4 ,-,-,-
807,2025,Round of 32,abierto_mexicano_telcel_presentado_por_hsbc,Tomas Machac,m0fh,Jakub Mensik,m0ni,02:14:38, 6  -  4 , 2  -  6 , 6  -  3 ,-,-
807,2025,Round of 32,abierto_mexicano_telcel_presentado_por_hsbc,Daniel Altmaier,ae14,Miomir Kecmanovic,ki95,02:11:26, 4  -  6 , 6  -  4 , 6  -  3 ,-,-
807,2025,Round of 32,abierto_mexicano_telcel_presentado_por_hsbc,Marcos Giron,gc88,Adam Walton,w09e,01:34:52, 7  -  6 4 , 6  -  2 ,-,-,-
807,2025,Round of 32,abierto_mexicano_telcel_presentado_por_hsbc,David Goffin,gb88,Rinky Hijikata,h0bh,01:24:52, 6  -  2 , 6  -  3 ,-,-,-
807,2025,Round of 32,abierto_mexicano_telcel_presentado_por_hsbc,Learner Tien,t0ha,Cameron Norrie,n771,01:51:50, 7  -  6 5 , 6  -  3 ,-,-,-
807,2025,2nd Round Qualifying,abierto_mexicano_telcel_presentado_por_hsbc,Gabriel Diallo,d0f6,Mattia Bellucci,b0gg,01:10:07, 6  -  1 , 6  -  0 ,-,-,-
807,2025,2nd Round Qualifying,abierto_mexicano_telcel_presentado_por_hsbc,Adam Walton,w09e,Aleksandar Kovacevic,k0az,02:02:56, 3  -  6 , 6  -  2 , 6  -  3 ,-,-
807,2025,2nd Round Qualifying,abierto_mexicano_telcel_presentado_por_hsbc,Learner Tien,t0ha,Dusan Lajovic,l987,01:58:54, 7  -  5 , 7  -  6 7 ,-,-,-
807,2025,2nd Round Qualifying,abierto_mexicano_telcel_presentado_por_hsbc,Nishesh Basavareddy,b0nn,Stefan Kozlov,ke64,01:37:18, 6  -  2 , 6  -  4 ,-,-,-
807,2025,1st Round Qualifying,abierto_mexicano_telcel_presentado_por_hsbc,Mattia Bellucci,b0gg,Christopher Eubanks,e865,01:10:22, 6  -  2 , 6  -  4 ,-,-,-
807,2025,1st Round Qualifying,abierto_mexicano_telcel_presentado_por_hsbc,Aleksandar Kovacevic,k0az,Alan Magadan,m0hd,01:49:44, 6  -  2 , 3  -  6 , 6  -  3 ,-,-
807,2025,1st Round Qualifying,abierto_mexicano_telcel_presentado_por_hsbc,Learner Tien,t0ha,Federico Agustin Gomez,gj16,01:09:02, 6  -  1 , 6  -  3 ,-,-,-
807,2025,1st Round Qualifying,abierto_mexicano_telcel_presentado_por_hsbc,Dusan Lajovic,l987,Dmitry Popko,pg20,01:47:37, 6  -  2 , 1  -  6 , 6  -  4 ,-,-
807,2025,1st Round Qualifying,abierto_mexicano_telcel_presentado_por_hsbc,Gabriel Diallo,d0f6,Rafael De Alba,d0jm,01:13:07, 6  -  1 , 6  -  1 ,-,-,-
807,2025,1st Round Qualifying,abierto_mexicano_telcel_presentado_por_hsbc,Adam Walton,w09e,Adrian Mannarino,me82,01:17:37, 6  -  4 , 6  -  0 ,-,-,-
807,2025,1st Round Qualifying,abierto_mexicano_telcel_presentado_por_hsbc,Nishesh Basavareddy,b0nn,James Duckworth,d994,01:11:54, 6  -  4 , 6  -  2 ,-,-,-
807,2025,1st Round Qualifying,abierto_mexicano_telcel_presentado_por_hsbc,Stefan Kozlov,ke64,Duarte Vale,va15,01:20:44, 6  -  1 , 6  -  4 ,-,-,-
8996,2025,Final,movistar_chile_open,Laslo Djere,db63,Sebastian Baez,b0bi,02:25:59, 6  -  4 , 3  -  6 , 7  -  5 ,-,-
8996,2025,Semifinals,movistar_chile_open,Laslo Djere,db63,Francisco Cerundolo,c0au,02:01:32, 6  -  1 , 4  -  6 , 6  -  3 ,-,-
8996,2025,Semifinals,movistar_chile_open,Sebastian Baez,b0bi,Camilo Ugo Carabelli,u182,01:47:13, 6  -  1 , 3  -  6 , 6  -  2 ,-,-
8996,2025,Quarterfinals,movistar_chile_open,Francisco Cerundolo,c0au,Tomas Martin Etcheverry,ea24,02:54:14, 4  -  6 , 6  -  3 , 7  -  5 ,-,-
8996,2025,Quarterfinals,movistar_chile_open,Sebastian Baez,b0bi,Damir Dzumhur,d923,01:36:17, 6  -  4 , 6  -  4 ,-,-,-
8996,2025,Quarterfinals,movistar_chile_open,Laslo Djere,db63,Jaime Faria,f0f2,02:42:20, 7  -  6 5 , 4  -  6 , 6  -  4 ,-,-
8996,2025,Quarterfinals,movistar_chile_open,Camilo Ugo Carabelli,u182,Federico Coria,ce77,01:29:17, 6  -  4 , 6  -  3 ,-,-,-
8996,2025,Round of 16,movistar_chile_open,Federico Coria,ce77,Alejandro Tabilo,te30,02:37:13, 7  -  6 11 , 4  -  6 , 6  -  3 ,-,-
8996,2025,Round of 16,movistar_chile_open,Sebastian Baez,b0bi,Francisco Comesana,c0df,02:33:12, 6  -  3 , 5  -  7 , 7  -  6 5 ,-,-
8996,2025,Round of 16,movistar_chile_open,Damir Dzumhur,d923,Mariano Navone,n0bs,02:36:29, 6  -  4 , 3  -  6 , 6  -  3 ,-,-
8996,2025,Round of 16,movistar_chile_open,Camilo Ugo Carabelli,u182,Thiago Monteiro,mj08,02:41:28, 4  -  6 , 7  -  6 2 , 6  -  3 ,-,-
8996,2025,Round of 16,movistar_chile_open,Francisco Cerundolo,c0au,Yannick Hanfmann,h997,02:28:42, 6  -  2 , 4  -  6 , 7  -  6 5 ,-,-
8996,2025,Round of 16,movistar_chile_open,Laslo Djere,db63,Pedro Martinez,mo44,01:22:58, 6  -  1 , 6  -  4 ,-,-,-
8996,2025,Round of 16,movistar_chile_open,Tomas Martin Etcheverry,ea24,Cristian Garin,gd64,01:35:40, 6  -  2 , 6  -  4 ,-,-,-
8996,2025,Round of 16,movistar_chile_open,Jaime Faria,f0f2,Gustavo Heide,h0du,02:47:13, 6 2  -  7 , 7  -  6 5 , 6  -  4 ,-,-
8996,2025,Round of 32,movistar_chile_open,Tomas Martin Etcheverry,ea24,Hugo Gaston,g09o,01:32:35, 6  -  2 , 6  -  3 ,-,-,-
8996,2025,Round of 32,movistar_chile_open,Mariano Navone,n0bs,Alexander Shevchenko,s0h2,01:06:52, 6  -  2 , 6  -  2 ,-,-,-
8996,2025,Round of 32,movistar_chile_open,Camilo Ugo Carabelli,u182,Nicolas Jarry,j551,02:53:53, 5  -  7 , 6  -  3 , 7  -  6 9 ,-,-
8996,2025,Round of 32,movistar_chile_open,Jaime Faria,f0f2,Luciano Darderi,d0fj,01:19:38, 6  -  3 , 6  -  4 ,-,-,-
8996,2025,Round of 32,movistar_chile_open,Francisco Comesana,c0df,Felipe Meligeni Alves,mw75,02:02:53, 7  -  6 3 , 7  -  6 4 ,-,-,-
8996,2025,Round of 32,movistar_chile_open,Federico Coria,ce77,Tomas Barrios Vera,bs86,01:09:49, 6  -  1 , 6  -  0 ,-,-,-
8996,2025,Round of 32,movistar_chile_open,Damir Dzumhur,d923,Corentin Moutet,mw02,02:19:40, 6  -  2 , 3  -  6 , 6  -  2 ,-,-
8996,2025,Round of 32,movistar_chile_open,Thiago Monteiro,mj08,Juan Manuel Cerundolo,c0c8,02:51:49, 6  -  3 , 3  -  6 , 7  -  6 2 ,-,-
8996,2025,Round of 32,movistar_chile_open,Laslo Djere,db63,Ignacio Buse,b0id,01:54:34, 6  -  3 , 6  -  4 ,-,-,-
8996,2025,Round of 32,movistar_chile_open,Cristian Garin,gd64,Juan Pablo Ficovich,fa43,02:30:22, 2  -  6 , 6  -  4 , 6  -  4 ,-,-
8996,2025,Round of 32,movistar_chile_open,Yannick Hanfmann,h997,Facundo Diaz Acosta,d0cg,01:32:03, 7  -  5 , 6  -  3 ,-,-,-
8996,2025,Round of 32,movistar_chile_open,Gustavo Heide,h0du,Thiago Seyboth Wild,sx91,01:44:30, 7  -  5 , 6  -  2 ,-,-,-
8996,2025,2nd Round Qualifying,movistar_chile_open,Juan Manuel Cerundolo,c0c8,Orlando Luz,lf26,01:18:02, 6  -  3 , 6  -  2 ,-,-,-
8996,2025,2nd Round Qualifying,movistar_chile_open,Gustavo Heide,h0du,Thiago Agustin Tirante,t0a1,02:34:55, 6 4  -  7 , 6  -  2 , 7  -  5 ,-,-
8996,2025,2nd Round Qualifying,movistar_chile_open,Juan Pablo Ficovich,fa43,Roman Andres Burruchaga,b0fv,02:39:11, 6  -  4 , 6 3  -  7 , 6  -  2 ,-,-
8996,2025,2nd Round Qualifying,movistar_chile_open,Felipe Meligeni Alves,mw75,Juan Pablo Varillas,v836,01:20:57, 6  -  4 , 6  -  2 ,-,-,-
8996,2025,1st Round Qualifying,movistar_chile_open,Juan Manuel Cerundolo,c0c8,Matias Soto,s0ek,01:20:30, 6  -  3 , 6  -  2 ,-,-,-
8996,2025,1st Round Qualifying,movistar_chile_open,Thiago Agustin Tirante,t0a1,Pol Martin Tiffon,m0ea,01:08:33, 6  -  1 , 6  -  4 ,-,-,-
8996,2025,1st Round Qualifying,movistar_chile_open,Roman Andres Burruchaga,b0fv,Kilian Feldbausch,f0f4,02:34:12, 6  -  2 , 5  -  7 , 6  -  4 ,-,-
8996,2025,1st Round Qualifying,movistar_chile_open,Felipe Meligeni Alves,mw75,Bastian Malla,mm24,01:36:01, 7  -  5 , 6  -  2 ,-,-,-
8996,2025,1st Round Qualifying,movistar_chile_open,Gustavo Heide,h0du,Genaro Alberto Olivieri,o660,01:12:40, 6  -  2 , 6  -  2 ,-,-,-
8996,2025,1st Round Qualifying,movistar_chile_open,Juan Pablo Ficovich,fa43,Adolfo Daniel Vallejo,v0dp,01:24:05, 6  -  2 , 6  -  3 ,-,-,-
8996,2025,1st Round Qualifying,movistar_chile_open,Juan Pablo Varillas,v836,Emilio Nava,n0am,01:28:57, 6  -  3 , 6  -  4 ,-,-,-
8996,2025,1st Round Qualifying,movistar_chile_open,Orlando Luz,lf26,Ryan Seggerman,s0dl,01:23:27, 6  -  3 , 7  -  6 5 ,-,-,-
404,2025,Final,bnp_paribas_open,Jack Draper,d0co,Holger Rune,r0dg,01:09:19, 6  -  2 , 6  -  2 ,-,-,-
404,2025,Semifinals,bnp_paribas_open,Jack Draper,d0co,Carlos Alcaraz,a0e2,01:44:27, 6  -  1 , 0  -  6 , 6  -  4 ,-,-
404,2025,Semifinals,bnp_paribas_open,Holger Rune,r0dg,Daniil Medvedev,mm58,01:39:08, 7  -  5 , 6  -  4 ,-,-,-
404,2025,Quarterfinals,bnp_paribas_open,Carlos Alcaraz,a0e2,Francisco Cerundolo,c0au,01:43:28, 6  -  3 , 7  -  6 4 ,-,-,-
404,2025,Quarterfinals,bnp_paribas_open,Daniil Medvedev,mm58,Arthur Fils,f0f1,02:25:09, 6  -  4 , 2  -  6 , 7  -  6 7 ,-,-
404,2025,Quarterfinals,bnp_paribas_open,Jack Draper,d0co,Ben Shelton,s0s1,01:39:53, 6  -  4 , 7  -  5 ,-,-,-
404,2025,Quarterfinals,bnp_paribas_open,Holger Rune,r0dg,Tallon Griekspoor,gj37,02:08:40, 5  -  7 , 6  -  0 , 6  -  3 ,-,-
404,2025,Round of 16,bnp_paribas_open,Carlos Alcaraz,a0e2,Grigor Dimitrov,d875,01:14:13, 6  -  1 , 6  -  1 ,-,-,-
404,2025,Round of 16,bnp_paribas_open,Jack Draper,d0co,Taylor Fritz,fb98,01:18:56, 7  -  5 , 6  -  4 ,-,-,-
404,2025,Round of 16,bnp_paribas_open,Francisco Cerundolo,c0au,Alex de Minaur,dh58,01:50:40, 7  -  5 , 6  -  3 ,-,-,-
404,2025,Round of 16,bnp_paribas_open,Ben Shelton,s0s1,Brandon Nakashima,n0ae,01:34:53, 7  -  6 6 , 6  -  1 ,-,-,-
404,2025,Round of 16,bnp_paribas_open,Daniil Medvedev,mm58,Tommy Paul,pl56,01:14:18, 6  -  4 , 6  -  0 ,-,-,-
404,2025,Round of 16,bnp_paribas_open,Holger Rune,r0dg,Stefanos Tsitsipas,te51,01:28:37, 6  -  4 , 6  -  4 ,-,-,-
404,2025,Round of 16,bnp_paribas_open,Arthur Fils,f0f1,Marcos Giron,gc88,01:52:18, 6  -  2 , 2  -  6 , 6  -  3 ,-,-
404,2025,Round of 16,bnp_paribas_open,Tallon Griekspoor,gj37,Yosuke Watanuki,wb08,01:26:33, 7  -  6 4 , 6  -  1 ,-,-,-
404,2025,Round of 32,bnp_paribas_open,Carlos Alcaraz,a0e2,Denis Shapovalov,su55,01:23:34, 6  -  2 , 6  -  4 ,-,-,-
404,2025,Round of 32,bnp_paribas_open,Taylor Fritz,fb98,Alejandro Tabilo,te30,01:54:42, 4  -  6 , 6  -  3 , 6  -  1 ,-,-
404,2025,Round of 32,bnp_paribas_open,Alex de Minaur,dh58,Hubert Hurkacz,hb71,01:13:14, 6  -  4 , 6  -  0 ,-,-,-
404,2025,Round of 32,bnp_paribas_open,Ben Shelton,s0s1,Karen Khachanov,ke29,01:35:00, 6  -  3 , 7  -  5 ,-,-,-
404,2025,Round of 32,bnp_paribas_open,Jack Draper,d0co,Jenson Brooksby,b0cd,01:41:21, 7  -  5 , 6  -  4 ,-,-,-
404,2025,Round of 32,bnp_paribas_open,Grigor Dimitrov,d875,Gael Monfils,mc65,03:01:16, 7  -  6 4 , 4  -  6 , 7  -  6 2 ,-,-
404,2025,Round of 32,bnp_paribas_open,Francisco Cerundolo,c0au,Botic van de Zandschulp,v812,01:41:33, 6  -  3 , 6  -  4 ,-,-,-
404,2025,Round of 32,bnp_paribas_open,Brandon Nakashima,n0ae,Matteo Arnaldi,a0fc,01:14:58, 6  -  2 , 6  -  4 ,-,-,-
404,2025,Round of 32,bnp_paribas_open,Daniil Medvedev,mm58,Alex Michelsen,m0qi,00:10:29,-,-,-,-,-
404,2025,Round of 32,bnp_paribas_open,Stefanos Tsitsipas,te51,Matteo Berrettini,bk40,01:08:36, 6  -  3 , 6  -  3 ,-,-,-
404,2025,Round of 32,bnp_paribas_open,Tommy Paul,pl56,Cameron Norrie,n771,01:32:55, 6  -  3 , 7  -  5 ,-,-,-
404,2025,Round of 32,bnp_paribas_open,Holger Rune,r0dg,Ugo Humbert,hh26,02:35:14, 5  -  7 , 6  -  4 , 7  -  5 ,-,-
404,2025,Round of 32,bnp_paribas_open,Arthur Fils,f0f1,Lorenzo Musetti,m0ej,02:31:34, 3  -  6 , 7  -  6 4 , 6  -  3 ,-,-
404,2025,Round of 32,bnp_paribas_open,Yosuke Watanuki,wb08,Frances Tiafoe,td51,01:53:10, 6  -  4 , 7  -  6 6 ,-,-,-
404,2025,Round of 32,bnp_paribas_open,Marcos Giron,gc88,Alexei Popyrin,p09z,02:32:49, 5  -  7 , 6  -  3 , 6  -  3 ,-,-
404,2025,Round of 32,bnp_paribas_open,Tallon Griekspoor,gj37,Giovanni Mpetshi Perricard,m0gz,01:16:36, 7  -  6 3 , 6  -  3 ,-,-,-
404,2025,Round of 64,bnp_paribas_open,Carlos Alcaraz,a0e2,Quentin Halys,hb64,01:07:55, 6  -  4 , 6  -  2 ,-,-,-
404,2025,Round of 64,bnp_paribas_open,Taylor Fritz,fb98,Matteo Gigante,g0gd,01:28:53, 6  -  3 , 7  -  5 ,-,-,-
404,2025,Round of 64,bnp_paribas_open,Botic van de Zandschulp,v812,Novak Djokovic,d643,02:01:56, 6  -  2 , 3  -  6 , 6  -  1 ,-,-
404,2025,Round of 64,bnp_paribas_open,Matteo Arnaldi,a0fc,Andrey Rublev,re44,01:47:39, 6  -  4 , 7  -  5 ,-,-,-
404,2025,Round of 64,bnp_paribas_open,Alex de Minaur,dh58,David Goffin,gb88,01:14:17, 6  -  2 , 6  -  2 ,-,-,-
404,2025,Round of 64,bnp_paribas_open,Ben Shelton,s0s1,Mariano Navone,n0bs,01:17:18, 6  -  3 , 6  -  2 ,-,-,-
404,2025,Round of 64,bnp_paribas_open,Jack Draper,d0co,Joao Fonseca,f0fv,01:15:08, 6  -  4 , 6  -  0 ,-,-,-
404,2025,Round of 64,bnp_paribas_open,Grigor Dimitrov,d875,Nuno Borges,bt72,01:33:09, 6  -  3 , 6  -  4 ,-,-,-
404,2025,Round of 64,bnp_paribas_open,Jenson Brooksby,b0cd,Felix Auger-Aliassime,ag37,01:28:56, 6  -  4 , 6  -  2 ,-,-,-
404,2025,Round of 64,bnp_paribas_open,Hubert Hurkacz,hb71,Hugo Gaston,g09o,01:29:12, 7  -  5 , 6  -  3 ,-,-,-
404,2025,Round of 64,bnp_paribas_open,Karen Khachanov,ke29,Jakub Mensik,m0ni,01:59:29, 3  -  6 , 6  -  0 , 6  -  3 ,-,-
404,2025,Round of 64,bnp_paribas_open,Gael Monfils,mc65,Sebastian Korda,k0ah,02:00:51, 7  -  6 2 , 7  -  6 4 ,-,-,-
404,2025,Round of 64,bnp_paribas_open,Francisco Cerundolo,c0au,Mackenzie McDonald,mk66,02:18:56, 4  -  6 , 7  -  6 3 , 6  -  1 ,-,-
404,2025,Round of 64,bnp_paribas_open,Denis Shapovalov,su55,Adam Walton,w09e,01:16:47, 6  -  3 , 6  -  2 ,-,-,-
404,2025,Round of 64,bnp_paribas_open,Alejandro Tabilo,te30,Dusan Lajovic,l987,01:32:37, 6  -  3 , 7  -  5 ,-,-,-
404,2025,Round of 64,bnp_paribas_open,Brandon Nakashima,n0ae,Rinky Hijikata,h0bh,01:32:22, 7  -  5 , 6  -  1 ,-,-,-
404,2025,Round of 64,bnp_paribas_open,Tallon Griekspoor,gj37,Alexander Zverev,z355,03:07:55, 4  -  6 , 7  -  6 5 , 7  -  6 4 ,-,-
404,2025,Round of 64,bnp_paribas_open,Marcos Giron,gc88,Casper Ruud,rh16,02:38:31, 7  -  6 4 , 3  -  6 , 6  -  2 ,-,-
404,2025,Round of 64,bnp_paribas_open,Daniil Medvedev,mm58,Yunchaokete Bu,y09v,01:36:16, 6  -  2 , 6  -  2 ,-,-,-
404,2025,Round of 64,bnp_paribas_open,Stefanos Tsitsipas,te51,Thiago Seyboth Wild,sx91,01:27:17, 6  -  2 , 6  -  4 ,-,-,-
404,2025,Round of 64,bnp_paribas_open,Tommy Paul,pl56,Tristan Boyer,b0ej,01:09:20, 6  -  3 , 6  -  1 ,-,-,-
404,2025,Round of 64,bnp_paribas_open,Holger Rune,r0dg,Corentin Moutet,mw02,01:46:57, 6  -  2 , 6  -  4 ,-,-,-
404,2025,Round of 64,bnp_paribas_open,Lorenzo Musetti,m0ej,Roman Safiullin,sx50,02:42:24, 7  -  5 , 5  -  7 , 6  -  2 ,-,-
404,2025,Round of 64,bnp_paribas_open,Frances Tiafoe,td51,Damir Dzumhur,d923,02:09:43, 7  -  6 4 , 7  -  6 7 ,-,-,-
404,2025,Round of 64,bnp_paribas_open,Ugo Humbert,hh26,Kei Nishikori,n552,01:28:13, 6  -  4 , 6  -  3 ,-,-,-
404,2025,Round of 64,bnp_paribas_open,Yosuke Watanuki,wb08,Tomas Machac,m0fh,00:56:40, 4  -  6 , 4  -  2 ,-,-,-
404,2025,Round of 64,bnp_paribas_open,Arthur Fils,f0f1,Gabriel Diallo,d0f6,01:07:48, 6  -  2 , 6  -  2 ,-,-,-
404,2025,Round of 64,bnp_paribas_open,Cameron Norrie,n771,Jiri Lehecka,l0bv,02:23:50, 3  -  6 , 6  -  4 , 7  -  5 ,-,-
404,2025,Round of 64,bnp_paribas_open,Alexei Popyrin,p09z,Zizou Bergs,bu13,02:10:11, 7  -  6 4 , 7  -  5 ,-,-,-
404,2025,Round of 64,bnp_paribas_open,Matteo Berrettini,bk40,Christopher O'Connell,o483,01:34:20, 6  -  2 , 7  -  6 2 ,-,-,-
404,2025,Round of 64,bnp_paribas_open,Giovanni Mpetshi Perricard,m0gz,Fabian Marozsan,m0ci,00:42:50,-,-,-,-,-
404,2025,Round of 64,bnp_paribas_open,Alex Michelsen,m0qi,Colton Smith,s0ze,01:48:20, 6  -  3 , 6  -  4 ,-,-,-
404,2025,Round of 128,bnp_paribas_open,Matteo Arnaldi,a0fc,Aleksandar Kovacevic,k0az,02:29:54, 6  -  3 , 5  -  7 , 6  -  4 ,-,-
404,2025,Round of 128,bnp_paribas_open,Nuno Borges,bt72,Arthur Rinderknech,rc91,02:20:46, 6  -  1 , 5  -  7 , 6  -  2 ,-,-
404,2025,Round of 128,bnp_paribas_open,Jenson Brooksby,b0cd,Benjamin Bonzi,bm95,02:30:51, 1  -  6 , 7  -  5 , 7  -  5 ,-,-
404,2025,Round of 128,bnp_paribas_open,Joao Fonseca,f0fv,Jacob Fearnley,f0by,02:00:18, 6  -  2 , 1  -  6 , 6  -  3 ,-,-
404,2025,Round of 128,bnp_paribas_open,Hugo Gaston,g09o,Luciano Darderi,d0fj,01:22:21, 6  -  3 , 6  -  3 ,-,-,-
404,2025,Round of 128,bnp_paribas_open,Matteo Gigante,g0gd,Sebastian Baez,b0bi,01:57:49, 3  -  6 , 6  -  1 , 6  -  4 ,-,-
404,2025,Round of 128,bnp_paribas_open,David Goffin,gb88,Lorenzo Sonego,su87,01:42:45, 6  -  4 , 7  -  5 ,-,-,-
404,2025,Round of 128,bnp_paribas_open,Quentin Halys,hb64,Pablo Carreno Busta,cd85,01:30:21, 6  -  3 , 6  -  4 ,-,-,-
404,2025,Round of 128,bnp_paribas_open,Rinky Hijikata,h0bh,Alexander Shevchenko,s0h2,01:04:26, 6  -  1 , 6  -  3 ,-,-,-
404,2025,Round of 128,bnp_paribas_open,Dusan Lajovic,l987,Li Tu,tc01,00:56:01, 6  -  2 , 6  -  0 ,-,-,-
404,2025,Round of 128,bnp_paribas_open,Mackenzie McDonald,mk66,Alejandro Davidovich Fokina,dh50,01:51:13, 2  -  6 , 6  -  3 , 6  -  2 ,-,-
404,2025,Round of 128,bnp_paribas_open,Jakub Mensik,m0ni,Tomas Martin Etcheverry,ea24,01:52:58, 6  -  4 , 7  -  6 6 ,-,-,-
404,2025,Round of 128,bnp_paribas_open,Gael Monfils,mc65,Jan-Lennard Struff,sl28,01:24:48, 6  -  4 , 6  -  4 ,-,-,-
404,2025,Round of 128,bnp_paribas_open,Mariano Navone,n0bs,Learner Tien,t0ha,01:55:25, 7  -  5 , 6  -  4 ,-,-,-
404,2025,Round of 128,bnp_paribas_open,Botic van de Zandschulp,v812,Nick Kyrgios,ke17,01:23:20, 7  -  6 7 , 3  -  0 ,-,-,-
404,2025,Round of 128,bnp_paribas_open,Adam Walton,w09e,Giulio Zeppieri,z0a1,01:15:59, 7  -  5 , 6  -  1 ,-,-,-
404,2025,Round of 128,bnp_paribas_open,Zizou Bergs,bu13,Ethan Quinn,q02l,01:46:27, 7  -  6 2 , 6  -  3 ,-,-,-
404,2025,Round of 128,bnp_paribas_open,Tristan Boyer,b0ej,Aleksandar Vukic,v832,02:19:14, 4  -  6 , 6  -  2 , 7  -  6 4 ,-,-
404,2025,Round of 128,bnp_paribas_open,Yunchaokete Bu,y09v,Nishesh Basavareddy,b0nn,01:42:20, 7  -  5 , 6  -  4 ,-,-,-
404,2025,Round of 128,bnp_paribas_open,Gabriel Diallo,d0f6,Zhizhen Zhang,z371,02:48:35, 2  -  6 , 6  -  2 , 7  -  6 7 ,-,-
404,2025,Round of 128,bnp_paribas_open,Damir Dzumhur,d923,Roberto Bautista Agut,bd06,02:29:18, 6  -  4 , 1  -  6 , 7  -  6 4 ,-,-
404,2025,Round of 128,bnp_paribas_open,Marcos Giron,gc88,Nikoloz Basilashvili,bg23,01:50:13, 7  -  5 , 7  -  6 3 ,-,-,-
404,2025,Round of 128,bnp_paribas_open,Tallon Griekspoor,gj37,Miomir Kecmanovic,ki95,02:15:31, 6 5  -  7 , 6  -  4 , 6  -  3 ,-,-
404,2025,Round of 128,bnp_paribas_open,Fabian Marozsan,m0ci,Pedro Martinez,mo44,01:03:42, 6  -  3 , 6  -  2 ,-,-,-
404,2025,Round of 128,bnp_paribas_open,Corentin Moutet,mw02,Jordan Thompson,tc61,02:40:16, 6  -  4 , 4  -  6 , 6  -  3 ,-,-
404,2025,Round of 128,bnp_paribas_open,Kei Nishikori,n552,Jaume Munar,mu94,02:57:28, 6  -  2 , 5  -  7 , 7  -  6 3 ,-,-
404,2025,Round of 128,bnp_paribas_open,Cameron Norrie,n771,Luca Nardi,n0bg,01:04:09, 6  -  0 , 6  -  3 ,-,-,-
404,2025,Round of 128,bnp_paribas_open,Christopher O'Connell,o483,Roberto Carballes Baena,cf59,01:56:07, 6  -  3 , 0  -  6 , 6  -  1 ,-,-
404,2025,Round of 128,bnp_paribas_open,Roman Safiullin,sx50,Reilly Opelka,o522,01:26:16, 7  -  5 , 6  -  4 ,-,-,-
404,2025,Round of 128,bnp_paribas_open,Thiago Seyboth Wild,sx91,Alexandre Muller,mp20,02:55:03, 4  -  6 , 7  -  5 , 7  -  6 6 ,-,-
404,2025,Round of 128,bnp_paribas_open,Colton Smith,s0ze,Flavio Cobolli,c0e9,01:51:38, 3  -  6 , 6  -  2 , 6  -  2 ,-,-
404,2025,Round of 128,bnp_paribas_open,Yosuke Watanuki,wb08,Alexander Bublik,bk92,01:38:44, 6  -  3 , 3  -  6 , 6  -  3 ,-,-
404,2025,2nd Round Qualifying,bnp_paribas_open,Matteo Gigante,g0gd,Botic van de Zandschulp,v812,01:20:30, 7  -  5 , 6  -  0 ,-,-,-
404,2025,2nd Round Qualifying,bnp_paribas_open,Ethan Quinn,q02l,Gabriel Diallo,d0f6,01:42:12, 7  -  6 5 , 6  -  2 ,-,-,-
404,2025,2nd Round Qualifying,bnp_paribas_open,Damir Dzumhur,d923,Radu Albot,a829,01:30:24, 6  -  4 , 6  -  3 ,-,-,-
404,2025,2nd Round Qualifying,bnp_paribas_open,Hugo Gaston,g09o,Eliot Spizzirri,s0ja,00:50:47, 6  -  0 , 6  -  1 ,-,-,-
404,2025,2nd Round Qualifying,bnp_paribas_open,Li Tu,tc01,James Duckworth,d994,01:17:53, 6  -  4 , 6  -  2 ,-,-,-
404,2025,2nd Round Qualifying,bnp_paribas_open,Adam Walton,w09e,Michael Mmoh,mp01,02:02:21, 6  -  4 , 2  -  6 , 6  -  1 ,-,-
404,2025,2nd Round Qualifying,bnp_paribas_open,Colton Smith,s0ze,Pavel Kotov,k09f,01:53:55, 6  -  3 , 7  -  6 8 ,-,-,-
404,2025,2nd Round Qualifying,bnp_paribas_open,Pablo Carreno Busta,cd85,Alexis Galarneau,gk06,01:52:48, 7  -  6 3 , 6  -  3 ,-,-,-
404,2025,2nd Round Qualifying,bnp_paribas_open,Kamil Majchrzak,mq75,Cristian Garin,gd64,01:33:59, 7  -  6 0 , 6  -  2 ,-,-,-
404,2025,2nd Round Qualifying,bnp_paribas_open,Giulio Zeppieri,z0a1,Mikhail Kukushkin,k926,01:42:35, 7  -  6 6 , 6  -  2 ,-,-,-
404,2025,2nd Round Qualifying,bnp_paribas_open,Nikoloz Basilashvili,bg23,Yasutaka Uchiyama,u134,01:55:00, 6  -  4 , 3  -  6 , 6  -  3 ,-,-
404,2025,2nd Round Qualifying,bnp_paribas_open,Yosuke Watanuki,wb08,Rudy Quan,q02o,01:08:14, 6  -  3 , 6  -  2 ,-,-,-
404,2025,1st Round Qualifying,bnp_paribas_open,Yosuke Watanuki,wb08,Mattia Bellucci,b0gg,01:20:17, 6  -  1 , 6  -  2 ,-,-,-
404,2025,1st Round Qualifying,bnp_paribas_open,Cristian Garin,gd64,Daniel Altmaier,ae14,01:43:53, 7  -  5 , 6  -  4 ,-,-,-
404,2025,1st Round Qualifying,bnp_paribas_open,Botic van de Zandschulp,v812,Lukas Klein,ki63,02:50:18, 5  -  7 , 6  -  3 , 6  -  3 ,-,-
404,2025,1st Round Qualifying,bnp_paribas_open,Gabriel Diallo,d0f6,Hady Habib,hf80,01:34:16, 6  -  3 , 7  -  6 5 ,-,-,-
404,2025,1st Round Qualifying,bnp_paribas_open,Damir Dzumhur,d923,Brandon Holt,h09p,01:20:29, 6  -  4 , 6  -  2 ,-,-,-
404,2025,1st Round Qualifying,bnp_paribas_open,Hugo Gaston,g09o,James Trotter,t0bw,01:10:57, 6  -  2 , 6  -  4 ,-,-,-
404,2025,1st Round Qualifying,bnp_paribas_open,Colton Smith,s0ze,Fabio Fognini,f510,01:25:09, 6  -  3 , 6  -  4 ,-,-,-
404,2025,1st Round Qualifying,bnp_paribas_open,James Duckworth,d994,Terence Atmane,a0gc,01:45:33, 7  -  6 5 , 7  -  6 4 ,-,-,-
404,2025,1st Round Qualifying,bnp_paribas_open,Adam Walton,w09e,Constant Lestienne,lb66,01:46:25, 7  -  5 , 6  -  4 ,-,-,-
404,2025,1st Round Qualifying,bnp_paribas_open,Giulio Zeppieri,z0a1,Chun-Hsin Tseng,t0ap,01:02:35, 6  -  2 , 6  -  1 ,-,-,-
404,2025,1st Round Qualifying,bnp_paribas_open,Alexis Galarneau,gk06,Arthur Cazaux,c0h0,02:36:54, 6  -  4 , 4  -  6 , 6  -  4 ,-,-
404,2025,1st Round Qualifying,bnp_paribas_open,Nikoloz Basilashvili,bg23,Christopher Eubanks,e865,01:10:51, 6  -  2 , 6  -  4 ,-,-,-
404,2025,1st Round Qualifying,bnp_paribas_open,Pavel Kotov,k09f,Coleman Wong,w0bh,02:22:38, 7  -  6 5 , 5  -  7 , 6  -  1 ,-,-
404,2025,1st Round Qualifying,bnp_paribas_open,Michael Mmoh,mp01,Billy Harris,hd68,01:26:30, 6  -  3 , 6  -  2 ,-,-,-
404,2025,1st Round Qualifying,bnp_paribas_open,Pablo Carreno Busta,cd85,Zachary Svajda,s0k7,02:15:27, 1  -  6 , 6  -  3 , 7  -  6 7 ,-,-
404,2025,1st Round Qualifying,bnp_paribas_open,Kamil Majchrzak,mq75,Trevor Svajda,s0vm,01:07:27, 6  -  3 , 6  -  1 ,-,-,-
404,2025,1st Round Qualifying,bnp_paribas_open,Radu Albot,a829,Taro Daniel,da81,02:10:14, 3  -  6 , 6  -  2 , 6  -  4 ,-,-
404,2025,1st Round Qualifying,bnp_paribas_open,Yasutaka Uchiyama,u134,Jozef Kovalik,kc04,01:23:53, 6  -  4 , 6  -  4 ,-,-,-
404,2025,1st Round Qualifying,bnp_paribas_open,Li Tu,tc01,Adrian Mannarino,me82,01:20:25, 6  -  3 , 6  -  4 ,-,-,-
404,2025,1st Round Qualifying,bnp_paribas_open,Ethan Quinn,q02l,Tristan Schoolkate,s0n0,02:18:40, 6  -  4 , 6 6  -  7 , 6  -  3 ,-,-
404,2025,1st Round Qualifying,bnp_paribas_open,Rudy Quan,q02o,Federico Agustin Gomez,gj16,01:40:33, 6  -  4 , 7  -  5 ,-,-,-
404,2025,1st Round Qualifying,bnp_paribas_open,Matteo Gigante,g0gd,Mitchell Krueger,kc12,01:13:52, 6  -  4 , 6  -  2 ,-,-,-
404,2025,1st Round Qualifying,bnp_paribas_open,Mikhail Kukushkin,k926,Theo Papamalamis,p0k5,03:26:16, 6  -  4 , 6 4  -  7 , 7  -  5 ,-,-
404,2025,1st Round Qualifying,bnp_paribas_open,Eliot Spizzirri,s0ja,Lloyd Harris,hg86,01:27:08, 6  -  4 , 6  -  3 ,-,-,-
403,2025,Final,miami_open_presented_by_itau,Jakub Mensik,m0ni,Novak Djokovic,d643,02:03:40, 7  -  6 4 , 7  -  6 4 ,-,-,-
403,2025,Semifinals,miami_open_presented_by_itau,Jakub Mensik,m0ni,Taylor Fritz,fb98,02:25:25, 7  -  6 4 , 4  -  6 , 7  -  6 4 ,-,-
403,2025,Semifinals,miami_open_presented_by_itau,Novak Djokovic,d643,Grigor Dimitrov,d875,01:10:10, 6  -  2 , 6  -  3 ,-,-,-
403,2025,Quarterfinals,miami_open_presented_by_itau,Taylor Fritz,fb98,Matteo Berrettini,bk40,02:44:29, 7  -  5 , 6 7  -  7 , 7  -  5 ,-,-
403,2025,Quarterfinals,miami_open_presented_by_itau,Novak Djokovic,d643,Sebastian Korda,k0ah,01:22:17, 6  -  3 , 7  -  6 4 ,-,-,-
403,2025,Quarterfinals,miami_open_presented_by_itau,Jakub Mensik,m0ni,Arthur Fils,f0f1,01:15:16, 7  -  6 5 , 6  -  1 ,-,-,-
403,2025,Quarterfinals,miami_open_presented_by_itau,Grigor Dimitrov,d875,Francisco Cerundolo,c0au,02:48:16, 6 6  -  7 , 6  -  4 , 7  -  6 3 ,-,-
403,2025,Round of 16,miami_open_presented_by_itau,Arthur Fils,f0f1,Alexander Zverev,z355,02:00:14, 3  -  6 , 6  -  3 , 6  -  4 ,-,-
403,2025,Round of 16,miami_open_presented_by_itau,Taylor Fritz,fb98,Adam Walton,w09e,01:34:15, 6  -  3 , 7  -  5 ,-,-,-
403,2025,Round of 16,miami_open_presented_by_itau,Novak Djokovic,d643,Lorenzo Musetti,m0ej,01:23:03, 6  -  2 , 6  -  2 ,-,-,-
403,2025,Round of 16,miami_open_presented_by_itau,Francisco Cerundolo,c0au,Casper Ruud,rh16,01:26:39, 6  -  4 , 6  -  2 ,-,-,-
403,2025,Round of 16,miami_open_presented_by_itau,Matteo Berrettini,bk40,Alex de Minaur,dh58,02:00:38, 6  -  3 , 7  -  6 7 ,-,-,-
403,2025,Round of 16,miami_open_presented_by_itau,Grigor Dimitrov,d875,Brandon Nakashima,n0ae,01:23:30, 6  -  4 , 7  -  5 ,-,-,-
403,2025,Round of 16,miami_open_presented_by_itau,Jakub Mensik,m0ni,Tomas Machac,m0fh,,-,-,-,-,-
403,2025,Round of 16,miami_open_presented_by_itau,Sebastian Korda,k0ah,Gael Monfils,mc65,02:12:44, 6  -  4 , 2  -  6 , 6  -  4 ,-,-
403,2025,Round of 32,miami_open_presented_by_itau,Alexander Zverev,z355,Jordan Thompson,tc61,01:27:22, 7  -  5 , 6  -  4 ,-,-,-
403,2025,Round of 32,miami_open_presented_by_itau,Taylor Fritz,fb98,Denis Shapovalov,su55,01:26:46, 7  -  5 , 6  -  3 ,-,-,-
403,2025,Round of 32,miami_open_presented_by_itau,Arthur Fils,f0f1,Frances Tiafoe,td51,02:55:03, 7  -  6 11 , 5  -  7 , 6  -  2 ,-,-
403,2025,Round of 32,miami_open_presented_by_itau,Tomas Machac,m0fh,Reilly Opelka,o522,01:14:59, 7  -  6 1 , 6  -  3 ,-,-,-
403,2025,Round of 32,miami_open_presented_by_itau,Matteo Berrettini,bk40,Zizou Bergs,bu13,01:34:03, 6  -  4 , 6  -  4 ,-,-,-
403,2025,Round of 32,miami_open_presented_by_itau,Jakub Mensik,m0ni,Roman Safiullin,sx50,01:12:54, 6  -  4 , 6  -  4 ,-,-,-
403,2025,Round of 32,miami_open_presented_by_itau,Adam Walton,w09e,Coleman Wong,w0bh,02:19:29, 7  -  6 6 , 4  -  6 , 6  -  4 ,-,-
403,2025,Round of 32,miami_open_presented_by_itau,Novak Djokovic,d643,Camilo Ugo Carabelli,u182,01:45:19, 6  -  1 , 7  -  6 1 ,-,-,-
403,2025,Round of 32,miami_open_presented_by_itau,Casper Ruud,rh16,Alejandro Tabilo,te30,01:35:23, 6  -  4 , 7  -  6 4 ,-,-,-
403,2025,Round of 32,miami_open_presented_by_itau,Sebastian Korda,k0ah,Stefanos Tsitsipas,te51,01:35:34, 7  -  6 4 , 6  -  3 ,-,-,-
403,2025,Round of 32,miami_open_presented_by_itau,Francisco Cerundolo,c0au,Tommy Paul,pl56,01:31:16, 6  -  2 , 7  -  6 4 ,-,-,-
403,2025,Round of 32,miami_open_presented_by_itau,Grigor Dimitrov,d875,Karen Khachanov,ke29,02:37:56, 6 3  -  7 , 6  -  4 , 7  -  5 ,-,-
403,2025,Round of 32,miami_open_presented_by_itau,Lorenzo Musetti,m0ej,Felix Auger-Aliassime,ag37,02:26:05, 4  -  6 , 6  -  2 , 6  -  3 ,-,-
403,2025,Round of 32,miami_open_presented_by_itau,Brandon Nakashima,n0ae,David Goffin,gb88,02:16:36, 6  -  3 , 6 5  -  7 , 6  -  3 ,-,-
403,2025,Round of 32,miami_open_presented_by_itau,Gael Monfils,mc65,Jaume Munar,mu94,02:37:41, 7  -  5 , 5  -  7 , 7  -  6 1 ,-,-
403,2025,Round of 64,miami_open_presented_by_itau,Alexander Zverev,z355,Jacob Fearnley,f0by,01:14:48, 6  -  2 , 6  -  4 ,-,-,-
403,2025,Round of 64,miami_open_presented_by_itau,Taylor Fritz,fb98,Lorenzo Sonego,su87,01:48:08, 7  -  6 2 , 6  -  3 ,-,-,-
403,2025,Round of 64,miami_open_presented_by_itau,Jakub Mensik,m0ni,Jack Draper,d0co,01:54:47, 7  -  6 2 , 7  -  6 3 ,-,-,-
403,2025,Round of 64,miami_open_presented_by_itau,Zizou Bergs,bu13,Andrey Rublev,re44,01:39:59, 7  -  5 , 6  -  4 ,-,-,-
403,2025,Round of 64,miami_open_presented_by_itau,Alex de Minaur,dh58,Yunchaokete Bu,y09v,01:25:46, 6  -  4 , 6  -  4 ,-,-,-
403,2025,Round of 64,miami_open_presented_by_itau,Reilly Opelka,o522,Holger Rune,r0dg,02:03:21, 4  -  6 , 6  -  3 , 7  -  6 5 ,-,-
403,2025,Round of 64,miami_open_presented_by_itau,Coleman Wong,w0bh,Ben Shelton,s0s1,02:16:22, 7  -  6 3 , 2  -  6 , 7  -  6 5 ,-,-
403,2025,Round of 64,miami_open_presented_by_itau,Frances Tiafoe,td51,Alejandro Davidovich Fokina,dh50,01:59:41, 7  -  5 , 7  -  6 5 ,-,-,-
403,2025,Round of 64,miami_open_presented_by_itau,Arthur Fils,f0f1,Gabriel Diallo,d0f6,01:10:23, 6  -  4 , 2  -  3 ,-,-,-
403,2025,Round of 64,miami_open_presented_by_itau,Joao Fonseca,f0fv,Ugo Humbert,hh26,01:11:49, 6  -  4 , 6  -  3 ,-,-,-
403,2025,Round of 64,miami_open_presented_by_itau,Tomas Machac,m0fh,Matteo Arnaldi,a0fc,01:44:49, 6  -  2 , 1  -  6 , 6  -  3 ,-,-
403,2025,Round of 64,miami_open_presented_by_itau,Roman Safiullin,sx50,Alexei Popyrin,p09z,02:34:05, 6 4  -  7 , 6  -  3 , 7  -  5 ,-,-
403,2025,Round of 64,miami_open_presented_by_itau,Denis Shapovalov,su55,Thiago Agustin Tirante,t0a1,02:24:19, 6  -  3 , 6 1  -  7 , 7  -  6 3 ,-,-
403,2025,Round of 64,miami_open_presented_by_itau,Jordan Thompson,tc61,Giovanni Mpetshi Perricard,m0gz,01:37:48, 7  -  6 4 , 7  -  6 1 ,-,-,-
403,2025,Round of 64,miami_open_presented_by_itau,Matteo Berrettini,bk40,Hugo Gaston,g09o,01:57:27, 4  -  6 , 6  -  3 , 6  -  3 ,-,-
403,2025,Round of 64,miami_open_presented_by_itau,Adam Walton,w09e,Luciano Darderi,d0fj,01:32:32, 6  -  4 , 6  -  4 ,-,-,-
403,2025,Round of 64,miami_open_presented_by_itau,David Goffin,gb88,Carlos Alcaraz,a0e2,02:18:04, 5  -  7 , 6  -  4 , 6  -  3 ,-,-
403,2025,Round of 64,miami_open_presented_by_itau,Novak Djokovic,d643,Rinky Hijikata,h0bh,01:19:57, 6  -  0 , 7  -  6 1 ,-,-,-
403,2025,Round of 64,miami_open_presented_by_itau,Casper Ruud,rh16,Miomir Kecmanovic,ki95,02:05:16, 3  -  6 , 6  -  4 , 6  -  4 ,-,-
403,2025,Round of 64,miami_open_presented_by_itau,Jaume Munar,mu94,Daniil Medvedev,mm58,01:18:22, 6  -  2 , 6  -  3 ,-,-,-
403,2025,Round of 64,miami_open_presented_by_itau,Stefanos Tsitsipas,te51,Chun-Hsin Tseng,t0ap,02:14:15, 4  -  6 , 7  -  5 , 6  -  3 ,-,-
403,2025,Round of 64,miami_open_presented_by_itau,Tommy Paul,pl56,Alexander Bublik,bk92,02:10:52, 5  -  7 , 7  -  5 , 6  -  4 ,-,-
403,2025,Round of 64,miami_open_presented_by_itau,Grigor Dimitrov,d875,Federico Cina,c0nb,01:08:25, 6  -  1 , 6  -  4 ,-,-,-
403,2025,Round of 64,miami_open_presented_by_itau,Lorenzo Musetti,m0ej,Quentin Halys,hb64,02:27:19, 3  -  6 , 7  -  6 4 , 7  -  5 ,-,-
403,2025,Round of 64,miami_open_presented_by_itau,Felix Auger-Aliassime,ag37,Tristan Schoolkate,s0n0,01:27:35, 6  -  4 , 6  -  4 ,-,-,-
403,2025,Round of 64,miami_open_presented_by_itau,Karen Khachanov,ke29,Nick Kyrgios,ke17,01:16:26, 7  -  6 3 , 6  -  0 ,-,-,-
403,2025,Round of 64,miami_open_presented_by_itau,Francisco Cerundolo,c0au,Alexandre Muller,mp20,01:00:54, 6  -  1 , 6  -  2 ,-,-,-
403,2025,Round of 64,miami_open_presented_by_itau,Sebastian Korda,k0ah,Eliot Spizzirri,s0ja,01:11:28, 6  -  4 , 6  -  2 ,-,-,-
403,2025,Round of 64,miami_open_presented_by_itau,Gael Monfils,mc65,Jiri Lehecka,l0bv,02:06:47, 6  -  1 , 3  -  6 , 7  -  6 8 ,-,-
403,2025,Round of 64,miami_open_presented_by_itau,Alejandro Tabilo,te30,Corentin Moutet,mw02,02:51:04, 5  -  7 , 6  -  3 , 7  -  5 ,-,-
403,2025,Round of 64,miami_open_presented_by_itau,Brandon Nakashima,n0ae,Roberto Carballes Baena,cf59,02:22:40, 6  -  4 , 4  -  6 , 6  -  3 ,-,-
403,2025,Round of 64,miami_open_presented_by_itau,Camilo Ugo Carabelli,u182,Alex Michelsen,m0qi,02:32:07, 6 3  -  7 , 7  -  5 , 6  -  3 ,-,-
403,2025,Round of 128,miami_open_presented_by_itau,Matteo Arnaldi,a0fc,Yibing Wu,wb32,02:30:51, 7  -  6 3 , 4  -  6 , 6  -  3 ,-,-
403,2025,Round of 128,miami_open_presented_by_itau,Zizou Bergs,bu13,Nuno Borges,bt72,02:23:45, 7  -  6 2 , 7  -  5 ,-,-,-
403,2025,Round of 128,miami_open_presented_by_itau,Yunchaokete Bu,y09v,Cameron Norrie,n771,01:19:44, 6  -  4 , 6  -  2 ,-,-,-
403,2025,Round of 128,miami_open_presented_by_itau,Luciano Darderi,d0fj,Pedro Martinez,mo44,01:03:12, 6  -  4 , 6  -  1 ,-,-,-
403,2025,Round of 128,miami_open_presented_by_itau,Alejandro Davidovich Fokina,dh50,Jan-Lennard Struff,sl28,01:30:27, 7  -  6 3 , 6  -  3 ,-,-,-
403,2025,Round of 128,miami_open_presented_by_itau,Gabriel Diallo,d0f6,Tomas Martin Etcheverry,ea24,01:14:03, 6  -  3 , 6  -  0 ,-,-,-
403,2025,Round of 128,miami_open_presented_by_itau,Jacob Fearnley,f0by,Benjamin Bonzi,bm95,02:19:39, 7  -  6 6 , 2  -  6 , 6  -  4 ,-,-
403,2025,Round of 128,miami_open_presented_by_itau,Joao Fonseca,f0fv,Learner Tien,t0ha,02:23:18, 6 1  -  7 , 6  -  3 , 6  -  4 ,-,-
403,2025,Round of 128,miami_open_presented_by_itau,Hugo Gaston,g09o,Yoshihito Nishioka,n732,01:01:03, 6  -  4 , 3  -  1 ,-,-,-
403,2025,Round of 128,miami_open_presented_by_itau,Jakub Mensik,m0ni,Roberto Bautista Agut,bd06,01:53:07, 6  -  4 , 3  -  6 , 6  -  1 ,-,-
403,2025,Round of 128,miami_open_presented_by_itau,Reilly Opelka,o522,Christopher Eubanks,e865,01:25:23, 6  -  3 , 7  -  6 4 ,-,-,-
403,2025,Round of 128,miami_open_presented_by_itau,Roman Safiullin,sx50,Jenson Brooksby,b0cd,02:13:15, 6  -  3 , 3  -  6 , 6  -  3 ,-,-
403,2025,Round of 128,miami_open_presented_by_itau,Lorenzo Sonego,su87,Mariano Navone,n0bs,02:11:26, 7  -  5 , 7  -  5 ,-,-,-
403,2025,Round of 128,miami_open_presented_by_itau,Jordan Thompson,tc61,Marcos Giron,gc88,02:16:37, 3  -  6 , 6  -  4 , 7  -  5 ,-,-
403,2025,Round of 128,miami_open_presented_by_itau,Thiago Agustin Tirante,t0a1,Flavio Cobolli,c0e9,01:52:13, 6  -  1 , 3  -  6 , 6  -  3 ,-,-
403,2025,Round of 128,miami_open_presented_by_itau,Coleman Wong,w0bh,Daniel Altmaier,ae14,01:11:33, 6  -  4 , 6  -  3 ,-,-,-
403,2025,Round of 128,miami_open_presented_by_itau,Alexander Bublik,bk92,Sebastian Baez,b0bi,01:09:48, 6  -  3 , 6  -  4 ,-,-,-
403,2025,Round of 128,miami_open_presented_by_itau,Roberto Carballes Baena,cf59,Christopher O'Connell,o483,02:34:35, 6  -  3 , 3  -  6 , 7  -  6 5 ,-,-
403,2025,Round of 128,miami_open_presented_by_itau,Federico Cina,c0nb,Francisco Comesana,c0df,01:47:34, 7  -  6 4 , 7  -  6 2 ,-,-,-
403,2025,Round of 128,miami_open_presented_by_itau,David Goffin,gb88,Aleksandar Vukic,v832,01:43:21, 2  -  6 , 6  -  4 , 6  -  2 ,-,-
403,2025,Round of 128,miami_open_presented_by_itau,Quentin Halys,hb64,Thiago Seyboth Wild,sx91,01:15:04, 6  -  3 , 6  -  4 ,-,-,-
403,2025,Round of 128,miami_open_presented_by_itau,Rinky Hijikata,h0bh,Hamad Medjedovic,m0jf,02:27:18, 7  -  5 , 3  -  6 , 7  -  5 ,-,-
403,2025,Round of 128,miami_open_presented_by_itau,Miomir Kecmanovic,ki95,Aleksandar Kovacevic,k0az,01:31:55, 6  -  4 , 6  -  4 ,-,-,-
403,2025,Round of 128,miami_open_presented_by_itau,Nick Kyrgios,ke17,Mackenzie McDonald,mk66,01:43:07, 3  -  6 , 6  -  3 , 6  -  4 ,-,-
403,2025,Round of 128,miami_open_presented_by_itau,Gael Monfils,mc65,Fabian Marozsan,m0ci,01:45:45, 6  -  3 , 3  -  6 , 6  -  4 ,-,-
403,2025,Round of 128,miami_open_presented_by_itau,Corentin Moutet,mw02,Alexander Blockx,b0pg,02:03:09, 7  -  6 5 , 6  -  4 ,-,-,-
403,2025,Round of 128,miami_open_presented_by_itau,Alexandre Muller,mp20,Rei Sakamoto,s0uv,01:21:43, 6  -  4 , 6  -  4 ,-,-,-
403,2025,Round of 128,miami_open_presented_by_itau,Jaume Munar,mu94,Arthur Rinderknech,rc91,01:46:05, 6  -  3 , 7  -  6 5 ,-,-,-
403,2025,Round of 128,miami_open_presented_by_itau,Tristan Schoolkate,s0n0,Ethan Quinn,q02l,01:01:02, 6  -  0 , 6  -  2 ,-,-,-
403,2025,Round of 128,miami_open_presented_by_itau,Eliot Spizzirri,s0ja,Billy Harris,hd68,02:18:42, 7  -  6 2 , 3  -  6 , 6  -  2 ,-,-
403,2025,Round of 128,miami_open_presented_by_itau,Chun-Hsin Tseng,t0ap,Mattia Bellucci,b0gg,01:32:03, 7  -  6 5 , 6  -  2 ,-,-,-
403,2025,Round of 128,miami_open_presented_by_itau,Camilo Ugo Carabelli,u182,Brandon Holt,h09p,02:24:36, 2  -  6 , 7  -  6 5 , 6  -  4 ,-,-
403,2025,2nd Round Qualifying,miami_open_presented_by_itau,Ethan Quinn,q02l,Camilo Ugo Carabelli,u182,01:59:51, 7  -  6 2 , 3  -  6 , 6  -  2 ,-,-
403,2025,2nd Round Qualifying,miami_open_presented_by_itau,Francisco Comesana,c0df,Shintaro Mochizuki,m0hu,02:15:21, 7  -  6 4 , 7  -  5 ,-,-,-
403,2025,2nd Round Qualifying,miami_open_presented_by_itau,Christopher O'Connell,o483,Marco Trungelliti,ta29,01:13:14, 6  -  2 , 6  -  3 ,-,-,-
403,2025,2nd Round Qualifying,miami_open_presented_by_itau,Jacob Fearnley,f0by,Tristan Boyer,b0ej,01:23:46, 6  -  2 , 6  -  4 ,-,-,-
403,2025,2nd Round Qualifying,miami_open_presented_by_itau,Brandon Holt,h09p,Gabriel Diallo,d0f6,02:10:39, 6  -  4 , 2  -  6 , 7  -  5 ,-,-
403,2025,2nd Round Qualifying,miami_open_presented_by_itau,Billy Harris,hd68,Hugo Gaston,g09o,01:25:51, 7  -  5 , 6  -  2 ,-,-,-
403,2025,2nd Round Qualifying,miami_open_presented_by_itau,Tristan Schoolkate,s0n0,Adam Walton,w09e,01:17:10, 6  -  3 , 6  -  4 ,-,-,-
403,2025,2nd Round Qualifying,miami_open_presented_by_itau,Rei Sakamoto,s0uv,James Duckworth,d994,01:28:56, 7  -  5 , 7  -  6 5 ,-,-,-
403,2025,2nd Round Qualifying,miami_open_presented_by_itau,Thiago Agustin Tirante,t0a1,Alexander Shevchenko,s0h2,01:13:21, 6  -  3 , 6  -  3 ,-,-,-
403,2025,2nd Round Qualifying,miami_open_presented_by_itau,Chun-Hsin Tseng,t0ap,Darwin Blanch,b0no,01:58:29, 6  -  4 , 1  -  6 , 7  -  6 4 ,-,-
403,2025,2nd Round Qualifying,miami_open_presented_by_itau,Mackenzie McDonald,mk66,Pavel Kotov,k09f,01:14:13, 6  -  2 , 6  -  2 ,-,-,-
403,2025,2nd Round Qualifying,miami_open_presented_by_itau,Alexander Blockx,b0pg,Terence Atmane,a0gc,01:43:18, 6  -  4 , 6  -  4 ,-,-,-
403,2025,1st Round Qualifying,miami_open_presented_by_itau,Camilo Ugo Carabelli,u182,Mitchell Krueger,kc12,01:51:54, 6  -  2 , 3  -  6 , 6  -  3 ,-,-
403,2025,1st Round Qualifying,miami_open_presented_by_itau,Francisco Comesana,c0df,Michael Mmoh,mp01,01:27:55, 6  -  3 , 6  -  4 ,-,-,-
403,2025,1st Round Qualifying,miami_open_presented_by_itau,Terence Atmane,a0gc,Luca Nardi,n0bg,01:52:56, 6  -  3 , 7  -  6 4 ,-,-,-
403,2025,1st Round Qualifying,miami_open_presented_by_itau,Christopher O'Connell,o483,Liam Draxl,d0dp,01:26:41, 7  -  5 , 6  -  0 ,-,-,-
403,2025,1st Round Qualifying,miami_open_presented_by_itau,Jacob Fearnley,f0by,Thijs Boogaard,b0t6,01:15:56, 6  -  4 , 6  -  3 ,-,-,-
403,2025,1st Round Qualifying,miami_open_presented_by_itau,Gabriel Diallo,d0f6,Yosuke Watanuki,wb08,01:59:57, 6  -  1 , 6 3  -  7 , 6  -  3 ,-,-
403,2025,1st Round Qualifying,miami_open_presented_by_itau,Hugo Gaston,g09o,Hady Habib,hf80,01:02:57, 6  -  2 , 6  -  4 ,-,-,-
403,2025,1st Round Qualifying,miami_open_presented_by_itau,Adam Walton,w09e,Mikhail Kukushkin,k926,01:09:39, 6  -  1 , 6  -  4 ,-,-,-
403,2025,1st Round Qualifying,miami_open_presented_by_itau,James Duckworth,d994,Federico Agustin Gomez,gj16,01:47:40, 7  -  5 , 7  -  5 ,-,-,-
403,2025,1st Round Qualifying,miami_open_presented_by_itau,Alexander Shevchenko,s0h2,Lukas Klein,ki63,01:31:14, 6  -  3 , 7  -  6 5 ,-,-,-
403,2025,1st Round Qualifying,miami_open_presented_by_itau,Chun-Hsin Tseng,t0ap,Alejandro Moro Canas,m0ht,01:35:49, 7  -  6 6 , 6  -  2 ,-,-,-
403,2025,1st Round Qualifying,miami_open_presented_by_itau,Pavel Kotov,k09f,Alexis Galarneau,gk06,01:51:44, 4  -  6 , 6  -  2 , 6  -  1 ,-,-
403,2025,1st Round Qualifying,miami_open_presented_by_itau,Billy Harris,hd68,Mikael Ymer,y268,03:19:22, 6 6  -  7 , 7  -  6 5 , 6  -  3 ,-,-
403,2025,1st Round Qualifying,miami_open_presented_by_itau,Thiago Agustin Tirante,t0a1,Dusan Lajovic,l987,01:26:06, 6  -  4 , 6  -  3 ,-,-,-
403,2025,1st Round Qualifying,miami_open_presented_by_itau,Mackenzie McDonald,mk66,Nikoloz Basilashvili,bg23,01:41:16, 6  -  1 , 6 4  -  7 , 3  -  2 ,-,-
403,2025,1st Round Qualifying,miami_open_presented_by_itau,Shintaro Mochizuki,m0hu,Yannick Hanfmann,h997,01:40:24, 7  -  6 5 , 6  -  4 ,-,-,-
403,2025,1st Round Qualifying,miami_open_presented_by_itau,Brandon Holt,h09p,Martin Damm,d0dt,01:44:29, 4  -  6 , 6  -  2 , 6  -  2 ,-,-
403,2025,1st Round Qualifying,miami_open_presented_by_itau,Alexander Blockx,b0pg,Otto Virtanen,v0am,01:43:11, 3  -  6 , 6  -  4 , 6  -  3 ,-,-
403,2025,1st Round Qualifying,miami_open_presented_by_itau,Darwin Blanch,b0no,Taro Daniel,da81,01:53:13, 6 8  -  7 , 6  -  0 , 6  -  3 ,-,-
403,2025,1st Round Qualifying,miami_open_presented_by_itau,Tristan Boyer,b0ej,Yasutaka Uchiyama,u134,02:12:20, 6  -  3 , 6 2  -  7 , 6  -  1 ,-,-
403,2025,1st Round Qualifying,miami_open_presented_by_itau,Marco Trungelliti,ta29,Alexander Ritschard,rc04,02:12:05, 6  -  4 , 5  -  7 , 6  -  3 ,-,-
403,2025,1st Round Qualifying,miami_open_presented_by_itau,Rei Sakamoto,s0uv,Kamil Majchrzak,mq75,01:53:10, 6  -  4 , 6 5  -  7 , 6  -  2 ,-,-
403,2025,1st Round Qualifying,miami_open_presented_by_itau,Ethan Quinn,q02l,Adrian Mannarino,me82,02:13:20, 3  -  6 , 6  -  4 , 6  -  2 ,-,-
403,2025,1st Round Qualifying,miami_open_presented_by_itau,Tristan Schoolkate,s0n0,Stefano Napolitano,n679,02:50:19, 6  -  3 , 6 5  -  7 , 6  -  1 ,-,-
360,2025,Final,grand_prix_hassan_ii,Luciano Darderi,d0fj,Tallon Griekspoor,gj37,02:03:49, 7  -  6 3 , 7  -  6 4 ,-,-,-
360,2025,Semifinals,grand_prix_hassan_ii,Tallon Griekspoor,gj37,Kamil Majchrzak,mq75,01:47:34, 7  -  5 , 7  -  6 3 ,-,-,-
360,2025,Semifinals,grand_prix_hassan_ii,Luciano Darderi,d0fj,Roberto Carballes Baena,cf59,01:32:30, 6  -  3 , 6  -  2 ,-,-,-
360,2025,Quarterfinals,grand_prix_hassan_ii,Tallon Griekspoor,gj37,Mattia Bellucci,b0gg,01:24:49, 6  -  3 , 6  -  4 ,-,-,-
360,2025,Quarterfinals,grand_prix_hassan_ii,Kamil Majchrzak,mq75,Alexandre Muller,mp20,01:36:30, 7  -  5 , 6  -  4 ,-,-,-
360,2025,Quarterfinals,grand_prix_hassan_ii,Roberto Carballes Baena,cf59,Nuno Borges,bt72,01:46:51, 6  -  4 , 6  -  4 ,-,-,-
360,2025,Quarterfinals,grand_prix_hassan_ii,Luciano Darderi,d0fj,Vit Kopriva,ki82,01:56:47, 7  -  5 , 6  -  2 ,-,-,-
360,2025,Round of 16,grand_prix_hassan_ii,Tallon Griekspoor,gj37,Pablo Carreno Busta,cd85,02:23:35, 7  -  6 1 , 3  -  6 , 6  -  3 ,-,-
360,2025,Round of 16,grand_prix_hassan_ii,Vit Kopriva,ki82,Lorenzo Sonego,su87,02:42:47, 6  -  2 , 5  -  7 , 6  -  4 ,-,-
360,2025,Round of 16,grand_prix_hassan_ii,Luciano Darderi,d0fj,Hugo Gaston,g09o,01:51:12, 2  -  6 , 6  -  2 , 6  -  3 ,-,-
360,2025,Round of 16,grand_prix_hassan_ii,Mattia Bellucci,b0gg,Pierre-Hugues Herbert,h996,01:24:32, 6  -  2 , 7  -  5 ,-,-,-
360,2025,Round of 16,grand_prix_hassan_ii,Alexandre Muller,mp20,Hugo Dellien,da31,02:25:36, 6 5  -  7 , 6  -  1 , 6  -  4 ,-,-
360,2025,Round of 16,grand_prix_hassan_ii,Nuno Borges,bt72,Raphael Collignon,c0jp,01:59:48, 6  -  2 , 3  -  6 , 7  -  6 0 ,-,-
360,2025,Round of 16,grand_prix_hassan_ii,Roberto Carballes Baena,cf59,Otto Virtanen,v0am,01:20:58, 6  -  4 , 6  -  4 ,-,-,-
360,2025,Round of 16,grand_prix_hassan_ii,Kamil Majchrzak,mq75,Jesper de Jong,d0c1,01:28:32, 7  -  6 3 , 6  -  1 ,-,-,-
360,2025,Round of 32,grand_prix_hassan_ii,Luciano Darderi,d0fj,Tristan Boyer,b0ej,01:39:41, 6  -  4 , 6  -  4 ,-,-,-
360,2025,Round of 32,grand_prix_hassan_ii,Vit Kopriva,ki82,Borna Gojo,gh92,01:58:54, 2  -  6 , 6  -  2 , 6  -  4 ,-,-
360,2025,Round of 32,grand_prix_hassan_ii,Kamil Majchrzak,mq75,Jaume Munar,mu94,01:29:55, 6  -  4 , 6  -  3 ,-,-,-
360,2025,Round of 32,grand_prix_hassan_ii,Mattia Bellucci,b0gg,Pavel Kotov,k09f,01:43:03, 6  -  4 , 6  -  4 ,-,-,-
360,2025,Round of 32,grand_prix_hassan_ii,Pablo Carreno Busta,cd85,Younes Lalami Laaroussi,l0ck,01:17:08, 6  -  1 , 6  -  3 ,-,-,-
360,2025,Round of 32,grand_prix_hassan_ii,Jesper de Jong,d0c1,Elliot Benchetrit,bt68,01:32:08, 7  -  5 , 6  -  1 ,-,-,-
360,2025,Round of 32,grand_prix_hassan_ii,Hugo Gaston,g09o,Juan Manuel Cerundolo,c0c8,02:18:03, 5  -  7 , 6  -  3 , 6  -  4 ,-,-
360,2025,Round of 32,grand_prix_hassan_ii,Pierre-Hugues Herbert,h996,Federico Coria,ce77,02:09:15, 4  -  6 , 6  -  3 , 6  -  2 ,-,-
360,2025,Round of 32,grand_prix_hassan_ii,Otto Virtanen,v0am,Daniel Altmaier,ae14,02:29:53, 6  -  2 , 4  -  6 , 7  -  6 3 ,-,-
360,2025,Round of 32,grand_prix_hassan_ii,Roberto Carballes Baena,cf59,Taha Baadi,b0d6,02:01:17, 7  -  6 3 , 6  -  3 ,-,-,-
360,2025,Round of 32,grand_prix_hassan_ii,Raphael Collignon,c0jp,Fabio Fognini,f510,01:22:27, 6  -  3 , 6  -  3 ,-,-,-
360,2025,Round of 32,grand_prix_hassan_ii,Hugo Dellien,da31,Aleksandar Vukic,v832,02:32:37, 7  -  5 , 4  -  6 , 7  -  5 ,-,-
360,2025,2nd Round Qualifying,grand_prix_hassan_ii,Kamil Majchrzak,mq75,Sumit Nagal,n897,01:36:38, 7  -  5 , 6  -  1 ,-,-,-
360,2025,2nd Round Qualifying,grand_prix_hassan_ii,Federico Coria,ce77,Calvin Hemery,hb48,01:27:23, 6  -  4 , 6  -  2 ,-,-,-
360,2025,2nd Round Qualifying,grand_prix_hassan_ii,Juan Manuel Cerundolo,c0c8,Titouan Droguet,d0dw,01:53:40, 6  -  2 , 3  -  6 , 6  -  1 ,-,-
360,2025,2nd Round Qualifying,grand_prix_hassan_ii,Pierre-Hugues Herbert,h996,Harold Mayot,m0g4,01:26:19, 6  -  1 , 6  -  4 ,-,-,-
360,2025,1st Round Qualifying,grand_prix_hassan_ii,Kamil Majchrzak,mq75,Marco Trungelliti,ta29,01:30:14, 6  -  4 , 6  -  3 ,-,-,-
360,2025,1st Round Qualifying,grand_prix_hassan_ii,Federico Coria,ce77,Giulio Zeppieri,z0a1,01:05:06, 6  -  3 , 2  -  0 ,-,-,-
360,2025,1st Round Qualifying,grand_prix_hassan_ii,Juan Manuel Cerundolo,c0c8,Karim Bennani,b0qq,01:02:51, 6  -  0 , 6  -  2 ,-,-,-
360,2025,1st Round Qualifying,grand_prix_hassan_ii,Harold Mayot,m0g4,Aslan Karatsev,kc56,00:51:10, 6  -  4 , 3  -  0 ,-,-,-
360,2025,1st Round Qualifying,grand_prix_hassan_ii,Sumit Nagal,n897,Amine Jamji,j0dm,01:15:31, 6  -  2 , 6  -  2 ,-,-,-
360,2025,1st Round Qualifying,grand_prix_hassan_ii,Pierre-Hugues Herbert,h996,Henrique Rocha,r0go,02:37:59, 4  -  6 , 7  -  6 2 , 7  -  6 1 ,-,-
360,2025,1st Round Qualifying,grand_prix_hassan_ii,Calvin Hemery,hb48,Alejandro Moro Canas,m0ht,01:20:57, 6  -  1 , 6  -  3 ,-,-,-
360,2025,1st Round Qualifying,grand_prix_hassan_ii,Titouan Droguet,d0dw,Manuel Guinard,gh33,01:38:03, 7  -  6 3 , 6  -  3 ,-,-,-
4462,2025,Final,tiriac_open,Flavio Cobolli,c0e9,Sebastian Baez,b0bi,01:46:07, 6  -  4 , 6  -  4 ,-,-,-
4462,2025,Semifinals,tiriac_open,Sebastian Baez,b0bi,Marton Fucsovics,f724,01:23:30, 6  -  2 , 6  -  2 ,-,-,-
4462,2025,Semifinals,tiriac_open,Flavio Cobolli,c0e9,Damir Dzumhur,d923,01:03:54, 6  -  3 , 6  -  0 ,-,-,-
4462,2025,Quarterfinals,tiriac_open,Sebastian Baez,b0bi,Francisco Comesana,c0df,02:18:23, 7  -  6 5 , 2  -  6 , 6  -  1 ,-,-
4462,2025,Quarterfinals,tiriac_open,Damir Dzumhur,d923,Pedro Martinez,mo44,00:54:04, 6  -  1 , 2  -  0 ,-,-,-
4462,2025,Quarterfinals,tiriac_open,Flavio Cobolli,c0e9,Filip Misolic,m0jz,01:53:20, 7  -  6 5 , 6  -  4 ,-,-,-
4462,2025,Quarterfinals,tiriac_open,Marton Fucsovics,f724,Christopher O'Connell,o483,01:19:14, 6  -  0 , 6  -  4 ,-,-,-
4462,2025,Round of 16,tiriac_open,Pedro Martinez,mo44,Stan Wawrinka,w367,02:39:38, 4  -  6 , 7  -  5 , 6  -  2 ,-,-
4462,2025,Round of 16,tiriac_open,Christopher O'Connell,o483,Nicolas Jarry,j551,02:59:07, 6  -  2 , 5  -  7 , 7  -  6 5 ,-,-
4462,2025,Round of 16,tiriac_open,Marton Fucsovics,f724,Mariano Navone,n0bs,02:41:11, 4  -  6 , 6  -  4 , 6  -  4 ,-,-
4462,2025,Round of 16,tiriac_open,Damir Dzumhur,d923,Filip Cristian Jianu,j09x,02:32:36, 6  -  4 , 3  -  6 , 6  -  3 ,-,-
4462,2025,Round of 16,tiriac_open,Sebastian Baez,b0bi,Gabriel Diallo,d0f6,02:16:11, 7  -  6 5 , 2  -  6 , 6  -  2 ,-,-
4462,2025,Round of 16,tiriac_open,Flavio Cobolli,c0e9,Richard Gasquet,g628,01:55:25, 6  -  4 , 4  -  6 , 6  -  1 ,-,-
4462,2025,Round of 16,tiriac_open,Francisco Comesana,c0df,Roberto Bautista Agut,bd06,02:11:47, 6  -  4 , 3  -  6 , 6  -  3 ,-,-
4462,2025,Round of 16,tiriac_open,Filip Misolic,m0jz,Camilo Ugo Carabelli,u182,01:11:49, 6  -  3 , 6  -  1 ,-,-,-
4462,2025,Round of 32,tiriac_open,Roberto Bautista Agut,bd06,Yunchaokete Bu,y09v,02:52:31, 3  -  6 , 6  -  2 , 7  -  5 ,-,-
4462,2025,Round of 32,tiriac_open,Camilo Ugo Carabelli,u182,Radu Albot,a829,01:32:09, 6  -  4 , 6  -  3 ,-,-,-
4462,2025,Round of 32,tiriac_open,Francisco Comesana,c0df,Martin Klizan,k966,02:32:57, 4  -  6 , 7  -  5 , 7  -  5 ,-,-
4462,2025,Round of 32,tiriac_open,Gabriel Diallo,d0f6,Chun-Hsin Tseng,t0ap,02:06:57, 7  -  6 5 , 7  -  6 2 ,-,-,-
4462,2025,Round of 32,tiriac_open,Damir Dzumhur,d923,Valentin Vacherot,va25,01:13:10, 6  -  2 , 6  -  1 ,-,-,-
4462,2025,Round of 32,tiriac_open,Marton Fucsovics,f724,Luca Nardi,n0bg,01:07:13, 6  -  3 , 6  -  1 ,-,-,-
4462,2025,Round of 32,tiriac_open,Filip Misolic,m0jz,Alexander Shevchenko,s0h2,01:16:58, 6  -  3 , 6  -  4 ,-,-,-
4462,2025,Round of 32,tiriac_open,Christopher O'Connell,o483,Dusan Lajovic,l987,01:41:13, 6  -  4 , 6  -  3 ,-,-,-
4462,2025,Round of 32,tiriac_open,Stan Wawrinka,w367,Timofey Skatov,s0gr,03:18:11, 6  -  4 , 6 5  -  7 , 7  -  6 1 ,-,-
4462,2025,Round of 32,tiriac_open,Mariano Navone,n0bs,Laslo Djere,db63,01:58:04, 6  -  1 , 4  -  6 , 6  -  2 ,-,-
4462,2025,Round of 32,tiriac_open,Richard Gasquet,g628,Botic van de Zandschulp,v812,02:19:38, 4  -  6 , 7  -  5 , 6  -  1 ,-,-
4462,2025,Round of 32,tiriac_open,Filip Cristian Jianu,j09x,Nishesh Basavareddy,b0nn,01:32:57, 6  -  3 , 6  -  4 ,-,-,-
4462,2025,2nd Round Qualifying,tiriac_open,Filip Misolic,m0jz,Ugo Blanchet,bv16,01:06:10, 6  -  2 , 6  -  2 ,-,-,-
4462,2025,2nd Round Qualifying,tiriac_open,Timofey Skatov,s0gr,Radu Albot,a829,01:41:32, 6  -  1 , 7  -  6 3 ,-,-,-
4462,2025,2nd Round Qualifying,tiriac_open,Martin Klizan,k966,Sascha Gueymard Wayenburg,g0gw,02:40:42, 6 5  -  7 , 6  -  4 , 6  -  3 ,-,-
4462,2025,2nd Round Qualifying,tiriac_open,Valentin Vacherot,va25,Luca Preda,p0me,01:23:30, 6  -  2 , 6  -  3 ,-,-,-
4462,2025,1st Round Qualifying,tiriac_open,Valentin Vacherot,va25,Nikoloz Basilashvili,bg23,02:11:43, 6  -  2 , 6 8  -  7 , 6  -  4 ,-,-
4462,2025,1st Round Qualifying,tiriac_open,Martin Klizan,k966,Martin Landaluce,l0il,02:12:05, 6  -  2 , 3  -  6 , 6  -  4 ,-,-
4462,2025,1st Round Qualifying,tiriac_open,Ugo Blanchet,bv16,Cezar Cretu,c0b2,01:50:27, 6  -  4 , 7  -  5 ,-,-,-
4462,2025,1st Round Qualifying,tiriac_open,Timofey Skatov,s0gr,Oleg Prihodko,pl64,01:41:07, 6  -  4 , 6  -  3 ,-,-,-
4462,2025,1st Round Qualifying,tiriac_open,Radu Albot,a829,Stefan Adrian Andreescu,a0j5,02:07:01, 4  -  6 , 6  -  3 , 6  -  2 ,-,-
4462,2025,1st Round Qualifying,tiriac_open,Luca Preda,p0me,Murkel Dellien,dc48,01:08:32, 6  -  2 , 6  -  0 ,-,-,-
4462,2025,1st Round Qualifying,tiriac_open,Filip Misolic,m0jz,Matteo Martineau,mw76,01:48:04, 6  -  2 , 2  -  6 , 6  -  2 ,-,-
4462,2025,1st Round Qualifying,tiriac_open,Sascha Gueymard Wayenburg,g0gw,Elias Ymer,y218,01:50:00, 6  -  4 , 7  -  6 6 ,-,-,-
410,2025,Final,rolex_monte-carlo_masters,Carlos Alcaraz,a0e2,Lorenzo Musetti,m0ej,01:47:28, 3  -  6 , 6  -  1 , 6  -  0 ,-,-
410,2025,Semifinals,rolex_monte-carlo_masters,Carlos Alcaraz,a0e2,Alejandro Davidovich Fokina,dh50,02:09:05, 7  -  6 2 , 6  -  4 ,-,-,-
410,2025,Semifinals,rolex_monte-carlo_masters,Lorenzo Musetti,m0ej,Alex de Minaur,dh58,02:38:37, 1  -  6 , 6  -  4 , 7  -  6 4 ,-,-
410,2025,Quarterfinals,rolex_monte-carlo_masters,Carlos Alcaraz,a0e2,Arthur Fils,f0f1,02:23:42, 4  -  6 , 7  -  5 , 6  -  3 ,-,-
410,2025,Quarterfinals,rolex_monte-carlo_masters,Lorenzo Musetti,m0ej,Stefanos Tsitsipas,te51,02:21:37, 1  -  6 , 6  -  3 , 6  -  4 ,-,-
410,2025,Quarterfinals,rolex_monte-carlo_masters,Alex de Minaur,dh58,Grigor Dimitrov,d875,00:44:47, 6  -  0 , 6  -  0 ,-,-,-
410,2025,Quarterfinals,rolex_monte-carlo_masters,Alejandro Davidovich Fokina,dh50,Alexei Popyrin,p09z,01:09:31, 6  -  3 , 6  -  2 ,-,-,-
410,2025,Round of 16,rolex_monte-carlo_masters,Carlos Alcaraz,a0e2,Daniel Altmaier,ae14,01:26:08, 6  -  3 , 6  -  1 ,-,-,-
410,2025,Round of 16,rolex_monte-carlo_masters,Alexei Popyrin,p09z,Casper Ruud,rh16,02:57:40, 6  -  4 , 3  -  6 , 7  -  5 ,-,-
410,2025,Round of 16,rolex_monte-carlo_masters,Alejandro Davidovich Fokina,dh50,Jack Draper,d0co,02:46:55, 6  -  3 , 6 6  -  7 , 6  -  4 ,-,-
410,2025,Round of 16,rolex_monte-carlo_masters,Stefanos Tsitsipas,te51,Nuno Borges,bt72,01:07:40, 6  -  1 , 6  -  1 ,-,-,-
410,2025,Round of 16,rolex_monte-carlo_masters,Arthur Fils,f0f1,Andrey Rublev,re44,01:01:46, 6  -  2 , 6  -  3 ,-,-,-
410,2025,Round of 16,rolex_monte-carlo_masters,Alex de Minaur,dh58,Daniil Medvedev,mm58,01:12:18, 6  -  2 , 6  -  2 ,-,-,-
410,2025,Round of 16,rolex_monte-carlo_masters,Lorenzo Musetti,m0ej,Matteo Berrettini,bk40,01:34:03, 6  -  3 , 6  -  3 ,-,-,-
410,2025,Round of 16,rolex_monte-carlo_masters,Grigor Dimitrov,d875,Alejandro Tabilo,te30,01:56:15, 6  -  3 , 3  -  6 , 6  -  2 ,-,-
410,2025,Round of 32,rolex_monte-carlo_masters,Carlos Alcaraz,a0e2,Francisco Cerundolo,c0au,01:38:11, 3  -  6 , 6  -  0 , 6  -  1 ,-,-
410,2025,Round of 32,rolex_monte-carlo_masters,Alejandro Tabilo,te30,Novak Djokovic,d643,01:27:37, 6  -  3 , 6  -  4 ,-,-,-
410,2025,Round of 32,rolex_monte-carlo_masters,Casper Ruud,rh16,Roberto Bautista Agut,bd06,01:08:12, 6  -  2 , 6  -  1 ,-,-,-
410,2025,Round of 32,rolex_monte-carlo_masters,Andrey Rublev,re44,Gael Monfils,mc65,01:43:55, 6  -  4 , 7  -  6 2 ,-,-,-
410,2025,Round of 32,rolex_monte-carlo_masters,Alex de Minaur,dh58,Tomas Machac,m0fh,01:48:19, 3  -  6 , 6  -  0 , 6  -  3 ,-,-
410,2025,Round of 32,rolex_monte-carlo_masters,Daniil Medvedev,mm58,Alexandre Muller,mp20,02:48:42, 7  -  6 6 , 5  -  7 , 6  -  2 ,-,-
410,2025,Round of 32,rolex_monte-carlo_masters,Arthur Fils,f0f1,Flavio Cobolli,c0e9,01:10:05, 6  -  2 , 6  -  4 ,-,-,-
410,2025,Round of 32,rolex_monte-carlo_masters,Lorenzo Musetti,m0ej,Jiri Lehecka,l0bv,02:19:11, 1  -  6 , 7  -  5 , 6  -  2 ,-,-
410,2025,Round of 32,rolex_monte-carlo_masters,Alexei Popyrin,p09z,Frances Tiafoe,td51,02:04:09, 3  -  6 , 6  -  3 , 6  -  3 ,-,-
410,2025,Round of 32,rolex_monte-carlo_masters,Grigor Dimitrov,d875,Valentin Vacherot,va25,01:51:24, 4  -  6 , 6  -  3 , 6  -  1 ,-,-
410,2025,Round of 32,rolex_monte-carlo_masters,Daniel Altmaier,ae14,Richard Gasquet,g628,02:36:24, 7  -  5 , 5  -  7 , 6  -  2 ,-,-
410,2025,Round of 32,rolex_monte-carlo_masters,Nuno Borges,bt72,Pedro Martinez,mo44,03:08:44, 7  -  5 , 6 4  -  7 , 6  -  4 ,-,-
410,2025,Round of 32,rolex_monte-carlo_masters,Alejandro Davidovich Fokina,dh50,Tomas Martin Etcheverry,ea24,01:53:41, 7  -  6 2 , 6  -  3 ,-,-,-
410,2025,Round of 32,rolex_monte-carlo_masters,Matteo Berrettini,bk40,Alexander Zverev,z355,02:28:12, 2  -  6 , 6  -  3 , 7  -  5 ,-,-
410,2025,Round of 32,rolex_monte-carlo_masters,Jack Draper,d0co,Marcos Giron,gc88,01:01:26, 6  -  1 , 6  -  1 ,-,-,-
410,2025,Round of 32,rolex_monte-carlo_masters,Stefanos Tsitsipas,te51,Jordan Thompson,tc61,02:01:04, 4  -  6 , 6  -  4 , 6  -  2 ,-,-
410,2025,Round of 64,rolex_monte-carlo_masters,Nuno Borges,bt72,Holger Rune,r0dg,00:42:41, 6  -  2 , 3  -  0 ,-,-,-
410,2025,Round of 64,rolex_monte-carlo_masters,Arthur Fils,f0f1,Tallon Griekspoor,gj37,02:39:54, 6 3  -  7 , 6  -  4 , 6  -  2 ,-,-
410,2025,Round of 64,rolex_monte-carlo_masters,Frances Tiafoe,td51,Miomir Kecmanovic,ki95,02:31:34, 6  -  2 , 5  -  7 , 7  -  6 5 ,-,-
410,2025,Round of 64,rolex_monte-carlo_masters,Grigor Dimitrov,d875,Nicolas Jarry,j551,01:46:49, 6  -  3 , 6  -  4 ,-,-,-
410,2025,Round of 64,rolex_monte-carlo_masters,Roberto Bautista Agut,bd06,Brandon Nakashima,n0ae,01:26:15, 6  -  2 , 6  -  4 ,-,-,-
410,2025,Round of 64,rolex_monte-carlo_masters,Flavio Cobolli,c0e9,Dusan Lajovic,l987,01:13:09, 6  -  4 , 6  -  2 ,-,-,-
410,2025,Round of 64,rolex_monte-carlo_masters,Tomas Martin Etcheverry,ea24,Corentin Moutet,mw02,02:20:41, 4  -  6 , 6  -  1 , 6  -  4 ,-,-
410,2025,Round of 64,rolex_monte-carlo_masters,Tomas Machac,m0fh,Sebastian Baez,b0bi,01:54:20, 3  -  6 , 6  -  3 , 6  -  2 ,-,-
410,2025,Round of 64,rolex_monte-carlo_masters,Pedro Martinez,mo44,Lorenzo Sonego,su87,02:13:57, 6  -  4 , 1  -  6 , 6  -  2 ,-,-
410,2025,Round of 64,rolex_monte-carlo_masters,Alexei Popyrin,p09z,Ugo Humbert,hh26,02:50:49, 3  -  6 , 7  -  6 2 , 6  -  4 ,-,-
410,2025,Round of 64,rolex_monte-carlo_masters,Daniil Medvedev,mm58,Karen Khachanov,ke29,02:52:30, 7  -  5 , 4  -  6 , 6  -  4 ,-,-
410,2025,Round of 64,rolex_monte-carlo_masters,Alejandro Davidovich Fokina,dh50,Ben Shelton,s0s1,02:00:41, 6 2  -  7 , 6  -  2 , 6  -  1 ,-,-
410,2025,Round of 64,rolex_monte-carlo_masters,Lorenzo Musetti,m0ej,Yunchaokete Bu,y09v,02:39:00, 4  -  6 , 7  -  5 , 6  -  3 ,-,-
410,2025,Round of 64,rolex_monte-carlo_masters,Daniel Altmaier,ae14,Felix Auger-Aliassime,ag37,01:59:52, 7  -  6 5 , 6  -  3 ,-,-,-
410,2025,Round of 64,rolex_monte-carlo_masters,Matteo Berrettini,bk40,Mariano Navone,n0bs,01:46:49, 6  -  4 , 6  -  4 ,-,-,-
410,2025,Round of 64,rolex_monte-carlo_masters,Francisco Cerundolo,c0au,Fabio Fognini,f510,01:02:07, 6  -  0 , 6  -  3 ,-,-,-
410,2025,Round of 64,rolex_monte-carlo_masters,Marcos Giron,gc88,Denis Shapovalov,su55,01:48:22, 6  -  3 , 7  -  6 5 ,-,-,-
410,2025,Round of 64,rolex_monte-carlo_masters,Jiri Lehecka,l0bv,Sebastian Korda,k0ah,01:26:57, 6  -  3 , 7  -  6 7 ,-,-,-
410,2025,Round of 64,rolex_monte-carlo_masters,Gael Monfils,mc65,Fabian Marozsan,m0ci,01:42:32, 4  -  6 , 6  -  1 , 6  -  1 ,-,-
410,2025,Round of 64,rolex_monte-carlo_masters,Alexandre Muller,mp20,Camilo Ugo Carabelli,u182,01:32:35, 6  -  4 , 6  -  4 ,-,-,-
410,2025,Round of 64,rolex_monte-carlo_masters,Alejandro Tabilo,te30,Stan Wawrinka,w367,02:27:16, 1  -  6 , 7  -  5 , 7  -  5 ,-,-
410,2025,Round of 64,rolex_monte-carlo_masters,Richard Gasquet,g628,Matteo Arnaldi,a0fc,02:34:03, 6  -  3 , 4  -  6 , 6  -  4 ,-,-
410,2025,Round of 64,rolex_monte-carlo_masters,Jordan Thompson,tc61,Giovanni Mpetshi Perricard,m0gz,01:32:58, 6  -  4 , 6  -  3 ,-,-,-
410,2025,Round of 64,rolex_monte-carlo_masters,Valentin Vacherot,va25,Jan-Lennard Struff,sl28,00:58:08, 6  -  2 , 6  -  1 ,-,-,-
410,2025,2nd Round Qualifying,rolex_monte-carlo_masters,Corentin Moutet,mw02,David Goffin,gb88,03:29:06, 2  -  6 , 7  -  6 4 , 7  -  5 ,-,-
410,2025,2nd Round Qualifying,rolex_monte-carlo_masters,Mariano Navone,n0bs,Arthur Rinderknech,rc91,02:32:34, 6  -  0 , 6 5  -  7 , 6  -  1 ,-,-
410,2025,2nd Round Qualifying,rolex_monte-carlo_masters,Camilo Ugo Carabelli,u182,Hamad Medjedovic,m0jf,01:49:26, 7  -  5 , 6  -  4 ,-,-,-
410,2025,2nd Round Qualifying,rolex_monte-carlo_masters,Yunchaokete Bu,y09v,Albert Ramos-Vinolas,r772,01:28:22, 6  -  4 , 6  -  4 ,-,-,-
410,2025,2nd Round Qualifying,rolex_monte-carlo_masters,Fabian Marozsan,m0ci,Mattia Bellucci,b0gg,01:10:09, 6  -  1 , 6  -  2 ,-,-,-
410,2025,2nd Round Qualifying,rolex_monte-carlo_masters,Daniel Altmaier,ae14,Pierre-Hugues Herbert,h996,01:47:37, 7  -  6 3 , 6  -  3 ,-,-,-
410,2025,2nd Round Qualifying,rolex_monte-carlo_masters,Dusan Lajovic,l987,Laslo Djere,db63,01:32:17, 6  -  4 , 6  -  2 ,-,-,-
410,2025,1st Round Qualifying,rolex_monte-carlo_masters,Fabian Marozsan,m0ci,Zizou Bergs,bu13,01:24:52, 6  -  2 , 7  -  6 5 ,-,-,-
410,2025,1st Round Qualifying,rolex_monte-carlo_masters,David Goffin,gb88,Yannick Hanfmann,h997,02:35:15, 7  -  5 , 4  -  6 , 6  -  4 ,-,-
410,2025,1st Round Qualifying,rolex_monte-carlo_masters,Daniel Altmaier,ae14,Jaume Munar,mu94,02:46:53, 7  -  5 , 3  -  6 , 7  -  5 ,-,-
410,2025,1st Round Qualifying,rolex_monte-carlo_masters,Mariano Navone,n0bs,Chun-Hsin Tseng,t0ap,01:16:56, 6  -  3 , 6  -  1 ,-,-,-
410,2025,1st Round Qualifying,rolex_monte-carlo_masters,Albert Ramos-Vinolas,r772,Benjamin Bonzi,bm95,01:56:49, 6  -  4 , 0  -  6 , 6  -  3 ,-,-
410,2025,1st Round Qualifying,rolex_monte-carlo_masters,Camilo Ugo Carabelli,u182,Hugo Gaston,g09o,01:05:43, 6  -  4 , 6  -  0 ,-,-,-
410,2025,1st Round Qualifying,rolex_monte-carlo_masters,Laslo Djere,db63,Francisco Comesana,c0df,01:35:53, 6  -  4 , 6  -  4 ,-,-,-
410,2025,1st Round Qualifying,rolex_monte-carlo_masters,Yunchaokete Bu,y09v,Nicolai Budkov Kjaer,b0u4,01:26:05, 6  -  3 , 6  -  1 ,-,-,-
410,2025,1st Round Qualifying,rolex_monte-carlo_masters,Mattia Bellucci,b0gg,Cameron Norrie,n771,01:58:56, 6  -  4 , 2  -  6 , 6  -  3 ,-,-
410,2025,1st Round Qualifying,rolex_monte-carlo_masters,Hamad Medjedovic,m0jf,Borna Gojo,gh92,01:34:03, 6  -  4 , 6  -  4 ,-,-,-
410,2025,1st Round Qualifying,rolex_monte-carlo_masters,Arthur Rinderknech,rc91,Luca Nardi,n0bg,01:29:18, 6  -  4 , 6  -  4 ,-,-,-
410,2025,1st Round Qualifying,rolex_monte-carlo_masters,Corentin Moutet,mw02,Gabriel Diallo,d0f6,02:40:26, 5  -  7 , 6  -  4 , 6  -  4 ,-,-
410,2025,1st Round Qualifying,rolex_monte-carlo_masters,Pierre-Hugues Herbert,h996,Aleksandar Vukic,v832,02:05:44, 4  -  6 , 6  -  2 , 6  -  3 ,-,-
410,2025,1st Round Qualifying,rolex_monte-carlo_masters,Dusan Lajovic,l987,Alexander Bublik,bk92,01:41:44, 6  -  2 , 6 5  -  7 , 6  -  0 ,-,-
425,2025,Final,barcelona_open_banc_sabadell,Holger Rune,r0dg,Carlos Alcaraz,a0e2,01:40:20, 7  -  6 6 , 6  -  2 ,-,-,-
425,2025,Semifinals,barcelona_open_banc_sabadell,Carlos Alcaraz,a0e2,Arthur Fils,f0f1,01:15:35, 6  -  2 , 6  -  4 ,-,-,-
425,2025,Semifinals,barcelona_open_banc_sabadell,Holger Rune,r0dg,Karen Khachanov,ke29,01:07:20, 6  -  3 , 6  -  2 ,-,-,-
425,2025,Quarterfinals,barcelona_open_banc_sabadell,Carlos Alcaraz,a0e2,Alex de Minaur,dh58,01:39:27, 7  -  5 , 6  -  3 ,-,-,-
425,2025,Quarterfinals,barcelona_open_banc_sabadell,Holger Rune,r0dg,Casper Ruud,rh16,01:27:26, 6  -  4 , 6  -  2 ,-,-,-
425,2025,Quarterfinals,barcelona_open_banc_sabadell,Arthur Fils,f0f1,Stefanos Tsitsipas,te51,00:17:01,-,-,-,-,-
425,2025,Quarterfinals,barcelona_open_banc_sabadell,Karen Khachanov,ke29,Alejandro Davidovich Fokina,dh50,01:45:30, 6  -  4 , 7  -  5 ,-,-,-
425,2025,Round of 16,barcelona_open_banc_sabadell,Carlos Alcaraz,a0e2,Laslo Djere,db63,01:11:15, 6  -  2 , 6  -  4 ,-,-,-
425,2025,Round of 16,barcelona_open_banc_sabadell,Alejandro Davidovich Fokina,dh50,Andrey Rublev,re44,01:54:49, 7  -  5 , 6  -  4 ,-,-,-
425,2025,Round of 16,barcelona_open_banc_sabadell,Alex de Minaur,dh58,Jacob Fearnley,f0by,01:02:54, 6  -  1 , 6  -  2 ,-,-,-
425,2025,Round of 16,barcelona_open_banc_sabadell,Karen Khachanov,ke29,Jaume Munar,mu94,02:08:35, 7  -  5 , 6  -  4 ,-,-,-
425,2025,Round of 16,barcelona_open_banc_sabadell,Casper Ruud,rh16,Hamad Medjedovic,m0jf,02:08:15, 7  -  5 , 7  -  5 ,-,-,-
425,2025,Round of 16,barcelona_open_banc_sabadell,Stefanos Tsitsipas,te51,Sebastian Korda,k0ah,01:37:24, 7  -  6 4 , 6  -  4 ,-,-,-
425,2025,Round of 16,barcelona_open_banc_sabadell,Holger Rune,r0dg,Sebastian Baez,b0bi,01:48:10, 4  -  6 , 6  -  1 , 6  -  2 ,-,-
425,2025,Round of 16,barcelona_open_banc_sabadell,Arthur Fils,f0f1,Pedro Martinez,mo44,01:08:14, 6  -  3 , 6  -  2 ,-,-,-
425,2025,Round of 32,barcelona_open_banc_sabadell,Carlos Alcaraz,a0e2,Ethan Quinn,q02l,01:46:58, 6  -  2 , 7  -  6 6 ,-,-,-
425,2025,Round of 32,barcelona_open_banc_sabadell,Casper Ruud,rh16,Daniel Elahi Galan,ge33,01:33:24, 6  -  4 , 6  -  3 ,-,-,-
425,2025,Round of 32,barcelona_open_banc_sabadell,Stefanos Tsitsipas,te51,Reilly Opelka,o522,01:10:14, 6  -  2 , 6  -  2 ,-,-,-
425,2025,Round of 32,barcelona_open_banc_sabadell,Alex de Minaur,dh58,Tomas Martin Etcheverry,ea24,01:25:25, 6  -  4 , 6  -  4 ,-,-,-
425,2025,Round of 32,barcelona_open_banc_sabadell,Arthur Fils,f0f1,Pablo Carreno Busta,cd85,01:33:36, 7  -  6 6 , 6  -  3 ,-,-,-
425,2025,Round of 32,barcelona_open_banc_sabadell,Jaume Munar,mu94,Frances Tiafoe,td51,02:41:22, 2  -  6 , 7  -  5 , 6  -  1 ,-,-
425,2025,Round of 32,barcelona_open_banc_sabadell,Sebastian Baez,b0bi,Damir Dzumhur,d923,01:26:26, 6  -  1 , 7  -  5 ,-,-,-
425,2025,Round of 32,barcelona_open_banc_sabadell,Alejandro Davidovich Fokina,dh50,Stan Wawrinka,w367,01:11:12, 6  -  1 , 6  -  4 ,-,-,-
425,2025,Round of 32,barcelona_open_banc_sabadell,Laslo Djere,db63,Arthur Rinderknech,rc91,02:07:03, 6 2  -  7 , 6  -  1 , 6  -  2 ,-,-
425,2025,Round of 32,barcelona_open_banc_sabadell,Karen Khachanov,ke29,Cameron Norrie,n771,02:18:00, 6 3  -  7 , 6  -  4 , 6  -  3 ,-,-
425,2025,Round of 32,barcelona_open_banc_sabadell,Andrey Rublev,re44,Jesper de Jong,d0c1,01:04:48, 6  -  1 , 6  -  3 ,-,-,-
425,2025,Round of 32,barcelona_open_banc_sabadell,Holger Rune,r0dg,Albert Ramos-Vinolas,r772,01:40:34, 7  -  5 , 6  -  4 ,-,-,-
425,2025,Round of 32,barcelona_open_banc_sabadell,Jacob Fearnley,f0by,Roberto Carballes Baena,cf59,01:53:39, 6  -  1 , 7  -  5 ,-,-,-
425,2025,Round of 32,barcelona_open_banc_sabadell,Sebastian Korda,k0ah,Matteo Arnaldi,a0fc,01:56:06, 3  -  6 , 6  -  3 , 6  -  2 ,-,-
425,2025,Round of 32,barcelona_open_banc_sabadell,Pedro Martinez,mo44,Brandon Nakashima,n0ae,03:18:10, 7  -  5 , 5  -  7 , 6  -  4 ,-,-
425,2025,Round of 32,barcelona_open_banc_sabadell,Hamad Medjedovic,m0jf,Giovanni Mpetshi Perricard,m0gz,01:46:31, 7  -  5 , 7  -  6 6 ,-,-,-
425,2025,2nd Round Qualifying,barcelona_open_banc_sabadell,Cameron Norrie,n771,Damir Dzumhur,d923,02:09:22, 7  -  6 5 , 7  -  6 6 ,-,-,-
425,2025,2nd Round Qualifying,barcelona_open_banc_sabadell,Hamad Medjedovic,m0jf,Gabriel Diallo,d0f6,01:22:04, 6  -  4 , 6  -  4 ,-,-,-
425,2025,2nd Round Qualifying,barcelona_open_banc_sabadell,Daniel Elahi Galan,ge33,Jacob Fearnley,f0by,01:40:03, 7  -  5 , 6  -  4 ,-,-,-
425,2025,2nd Round Qualifying,barcelona_open_banc_sabadell,Jesper de Jong,d0c1,Arthur Rinderknech,rc91,01:31:34, 6  -  3 , 7  -  5 ,-,-,-
425,2025,2nd Round Qualifying,barcelona_open_banc_sabadell,Laslo Djere,db63,Daniel Rincon,r0fp,01:37:55, 6  -  3 , 7  -  5 ,-,-,-
425,2025,2nd Round Qualifying,barcelona_open_banc_sabadell,Ethan Quinn,q02l,Borna Coric,cg80,02:24:20, 2  -  6 , 6  -  4 , 6  -  3 ,-,-
425,2025,1st Round Qualifying,barcelona_open_banc_sabadell,Daniel Rincon,r0fp,Benjamin Bonzi,bm95,01:22:01, 6  -  2 , 6  -  4 ,-,-,-
425,2025,1st Round Qualifying,barcelona_open_banc_sabadell,Damir Dzumhur,d923,Max Alcala Gurri,a0ea,01:34:20, 7  -  6 4 , 6  -  0 ,-,-,-
425,2025,1st Round Qualifying,barcelona_open_banc_sabadell,Borna Coric,cg80,Mattia Bellucci,b0gg,01:35:58, 6  -  2 , 6  -  4 ,-,-,-
425,2025,1st Round Qualifying,barcelona_open_banc_sabadell,Hamad Medjedovic,m0jf,Hugo Dellien,da31,02:26:45, 7  -  6 1 , 4  -  6 , 6  -  3 ,-,-
425,2025,1st Round Qualifying,barcelona_open_banc_sabadell,Jacob Fearnley,f0by,Leo Borg,b0jg,01:52:04, 7  -  5 , 7  -  6 1 ,-,-,-
425,2025,1st Round Qualifying,barcelona_open_banc_sabadell,Arthur Rinderknech,rc91,Jozef Kovalik,kc04,02:31:53, 7  -  6 2 , 2  -  6 , 6  -  3 ,-,-
425,2025,1st Round Qualifying,barcelona_open_banc_sabadell,Ethan Quinn,q02l,Corentin Moutet,mw02,02:22:05, 2  -  6 , 6  -  3 , 7  -  5 ,-,-
425,2025,1st Round Qualifying,barcelona_open_banc_sabadell,Laslo Djere,db63,Federico Coria,ce77,01:07:33,-,-,-,-,-
425,2025,1st Round Qualifying,barcelona_open_banc_sabadell,Gabriel Diallo,d0f6,Martin Landaluce,l0il,01:27:09, 6  -  2 , 6  -  4 ,-,-,-
425,2025,1st Round Qualifying,barcelona_open_banc_sabadell,Cameron Norrie,n771,Hugo Gaston,g09o,01:04:40, 6  -  2 , 6  -  3 ,-,-,-
425,2025,1st Round Qualifying,barcelona_open_banc_sabadell,Jesper de Jong,d0c1,Lloyd Harris,hg86,01:42:40, 6  -  3 , 7  -  6 0 ,-,-,-
425,2025,1st Round Qualifying,barcelona_open_banc_sabadell,Daniel Elahi Galan,ge33,Nikoloz Basilashvili,bg23,01:31:42, 6  -  3 , 6  -  3 ,-,-,-
308,2025,Final,bmw_open,Alexander Zverev,z355,Ben Shelton,s0s1,01:11:28, 6  -  2 , 6  -  4 ,-,-,-
308,2025,Semifinals,bmw_open,Alexander Zverev,z355,Fabian Marozsan,m0ci,01:31:58, 7  -  6 3 , 6  -  3 ,-,-,-
308,2025,Semifinals,bmw_open,Ben Shelton,s0s1,Francisco Cerundolo,c0au,02:07:21, 2  -  6 , 7  -  6 7 , 6  -  4 ,-,-
308,2025,Quarterfinals,bmw_open,Alexander Zverev,z355,Tallon Griekspoor,gj37,03:14:29, 6 6  -  7 , 7  -  6 3 , 6  -  4 ,-,-
308,2025,Quarterfinals,bmw_open,Ben Shelton,s0s1,Luciano Darderi,d0fj,01:13:43, 6  -  4 , 6  -  3 ,-,-,-
308,2025,Quarterfinals,bmw_open,Francisco Cerundolo,c0au,David Goffin,gb88,01:15:19, 6  -  2 , 6  -  4 ,-,-,-
308,2025,Quarterfinals,bmw_open,Fabian Marozsan,m0ci,Zizou Bergs,bu13,01:39:51, 6  -  3 , 7  -  6 4 ,-,-,-
308,2025,Round of 16,bmw_open,Fabian Marozsan,m0ci,Ugo Humbert,hh26,01:23:46, 6  -  4 , 6  -  4 ,-,-,-
308,2025,Round of 16,bmw_open,Francisco Cerundolo,c0au,Alexander Shevchenko,s0h2,01:22:21, 6  -  3 , 6  -  2 ,-,-,-
308,2025,Round of 16,bmw_open,Zizou Bergs,bu13,Diego Dedura,d0lj,01:09:15, 6  -  1 , 6  -  1 ,-,-,-
308,2025,Round of 16,bmw_open,David Goffin,gb88,Mariano Navone,n0bs,02:14:29, 0  -  6 , 7  -  5 , 6  -  1 ,-,-
308,2025,Round of 16,bmw_open,Alexander Zverev,z355,Daniel Altmaier,ae14,01:19:44, 6  -  3 , 6  -  2 ,-,-,-
308,2025,Round of 16,bmw_open,Ben Shelton,s0s1,Botic van de Zandschulp,v812,01:29:18, 7  -  6 1 , 6  -  3 ,-,-,-
308,2025,Round of 16,bmw_open,Luciano Darderi,d0fj,Miomir Kecmanovic,ki95,02:29:08, 2  -  6 , 7  -  6 4 , 6  -  4 ,-,-
308,2025,Round of 16,bmw_open,Tallon Griekspoor,gj37,Yannick Hanfmann,h997,01:30:16, 7  -  6 3 , 6  -  3 ,-,-,-
308,2025,Round of 32,bmw_open,Mariano Navone,n0bs,Felix Auger-Aliassime,ag37,03:02:28, 2  -  6 , 6  -  4 , 7  -  6 3 ,-,-
308,2025,Round of 32,bmw_open,Ugo Humbert,hh26,Nicolas Jarry,j551,02:20:56, 4  -  6 , 6  -  3 , 6  -  2 ,-,-
308,2025,Round of 32,bmw_open,Francisco Cerundolo,c0au,Jan-Lennard Struff,sl28,00:54:21, 6  -  0 , 6  -  2 ,-,-,-
308,2025,Round of 32,bmw_open,Yannick Hanfmann,h997,Jakub Mensik,m0ni,02:32:03, 7  -  6 4 , 4  -  6 , 6  -  3 ,-,-
308,2025,Round of 32,bmw_open,Diego Dedura,d0lj,Denis Shapovalov,su55,01:03:58, 7  -  6 2 , 3  -  0 ,-,-,-
308,2025,Round of 32,bmw_open,Zizou Bergs,bu13,Alexander Bublik,bk92,02:22:13, 6 5  -  7 , 6  -  4 , 7  -  5 ,-,-
308,2025,Round of 32,bmw_open,Luciano Darderi,d0fj,Christopher O'Connell,o483,01:56:03, 7  -  6 3 , 7  -  6 3 ,-,-,-
308,2025,Round of 32,bmw_open,Fabian Marozsan,m0ci,Justin Engel,e0dd,01:08:25, 6  -  4 , 6  -  1 ,-,-,-
308,2025,Round of 32,bmw_open,Alexander Shevchenko,s0h2,Flavio Cobolli,c0e9,02:37:27, 6 2  -  7 , 6  -  3 , 6  -  4 ,-,-
308,2025,Round of 32,bmw_open,Botic van de Zandschulp,v812,Roberto Bautista Agut,bd06,02:32:32, 6  -  4 , 3  -  6 , 6  -  4 ,-,-
308,2025,Round of 32,bmw_open,Alexander Zverev,z355,Alexandre Muller,mp20,01:20:41, 6  -  4 , 6  -  1 ,-,-,-
308,2025,Round of 32,bmw_open,Ben Shelton,s0s1,Borna Gojo,gh92,02:24:37, 4  -  6 , 7  -  6 6 , 7  -  6 3 ,-,-
308,2025,Round of 32,bmw_open,Daniel Altmaier,ae14,Chun-Hsin Tseng,t0ap,02:15:15, 7  -  6 5 , 7  -  6 5 ,-,-,-
308,2025,Round of 32,bmw_open,David Goffin,gb88,Billy Harris,hd68,02:29:42, 6  -  2 , 6 2  -  7 , 6  -  4 ,-,-
308,2025,Round of 32,bmw_open,Tallon Griekspoor,gj37,Learner Tien,t0ha,01:11:21, 6  -  4 , 6  -  2 ,-,-,-
308,2025,Round of 32,bmw_open,Miomir Kecmanovic,ki95,Marcos Giron,gc88,02:54:59, 6  -  2 , 6 2  -  7 , 7  -  6 9 ,-,-
308,2025,2nd Round Qualifying,bmw_open,Learner Tien,t0ha,Botic van de Zandschulp,v812,01:16:18, 6  -  2 , 6  -  2 ,-,-,-
308,2025,2nd Round Qualifying,bmw_open,Alexander Bublik,bk92,Diego Dedura,d0lj,01:05:31, 6  -  3 , 6  -  3 ,-,-,-
308,2025,2nd Round Qualifying,bmw_open,Borna Gojo,gh92,Alexander Shevchenko,s0h2,01:26:34, 6  -  4 , 6  -  4 ,-,-,-
308,2025,2nd Round Qualifying,bmw_open,Chun-Hsin Tseng,t0ap,Billy Harris,hd68,02:31:48, 4  -  6 , 7  -  6 5 , 6  -  2 ,-,-
308,2025,1st Round Qualifying,bmw_open,Learner Tien,t0ha,Henri Squire,s0ak,01:42:09, 7  -  5 , 2  -  6 , 6  -  0 ,-,-
308,2025,1st Round Qualifying,bmw_open,Alexander Bublik,bk92,Alexander Ritschard,rc04,01:09:31, 6  -  2 , 6  -  3 ,-,-,-
308,2025,1st Round Qualifying,bmw_open,Chun-Hsin Tseng,t0ap,Christopher O'Connell,o483,01:37:47, 6  -  3 , 6  -  2 ,-,-,-
308,2025,1st Round Qualifying,bmw_open,Billy Harris,hd68,Aleksandar Vukic,v832,01:56:25, 3  -  6 , 6  -  3 , 6  -  4 ,-,-
308,2025,1st Round Qualifying,bmw_open,Alexander Shevchenko,s0h2,Rinky Hijikata,h0bh,01:59:44, 6  -  4 , 1  -  6 , 6  -  3 ,-,-
308,2025,1st Round Qualifying,bmw_open,Botic van de Zandschulp,v812,Max Hans Rehberg,r0ed,01:09:42, 6  -  3 , 6  -  1 ,-,-,-
308,2025,1st Round Qualifying,bmw_open,Diego Dedura,d0lj,Mackenzie McDonald,mk66,01:05:02, 6  -  3 , 6  -  1 ,-,-,-
308,2025,1st Round Qualifying,bmw_open,Borna Gojo,gh92,Daniel Masur,mn20,01:32:35, 6  -  3 , 7  -  6 6 ,-,-,-
1536,2025,Final,mutua_madrid_open,Casper Ruud,rh16,Jack Draper,d0co,02:29:18, 7  -  5 , 3  -  6 , 6  -  4 ,-,-
1536,2025,Semifinals,mutua_madrid_open,Jack Draper,d0co,Lorenzo Musetti,m0ej,01:57:35, 6  -  3 , 7  -  6 4 ,-,-,-
1536,2025,Semifinals,mutua_madrid_open,Casper Ruud,rh16,Francisco Cerundolo,c0au,01:54:16, 6  -  4 , 7  -  5 ,-,-,-
1536,2025,Quarterfinals,mutua_madrid_open,Jack Draper,d0co,Matteo Arnaldi,a0fc,01:17:29, 6  -  0 , 6  -  4 ,-,-,-
1536,2025,Quarterfinals,mutua_madrid_open,Casper Ruud,rh16,Daniil Medvedev,mm58,01:40:20, 6  -  3 , 7  -  5 ,-,-,-
1536,2025,Quarterfinals,mutua_madrid_open,Lorenzo Musetti,m0ej,Gabriel Diallo,d0f6,01:29:04, 6  -  4 , 6  -  3 ,-,-,-
1536,2025,Quarterfinals,mutua_madrid_open,Francisco Cerundolo,c0au,Jakub Mensik,m0ni,02:11:35, 3  -  6 , 7  -  6 5 , 6  -  2 ,-,-
1536,2025,Round of 16,mutua_madrid_open,Jack Draper,d0co,Tommy Paul,pl56,01:08:06, 6  -  2 , 6  -  2 ,-,-,-
1536,2025,Round of 16,mutua_madrid_open,Lorenzo Musetti,m0ej,Alex de Minaur,dh58,01:23:12, 6  -  4 , 6  -  2 ,-,-,-
1536,2025,Round of 16,mutua_madrid_open,Gabriel Diallo,d0f6,Grigor Dimitrov,d875,02:22:39, 5  -  7 , 7  -  6 7 , 6  -  4 ,-,-
1536,2025,Round of 16,mutua_madrid_open,Matteo Arnaldi,a0fc,Frances Tiafoe,td51,01:37:59, 6  -  3 , 7  -  5 ,-,-,-
1536,2025,Round of 16,mutua_madrid_open,Francisco Cerundolo,c0au,Alexander Zverev,z355,01:29:33, 7  -  5 , 6  -  3 ,-,-,-
1536,2025,Round of 16,mutua_madrid_open,Casper Ruud,rh16,Taylor Fritz,fb98,01:36:24, 7  -  5 , 6  -  4 ,-,-,-
1536,2025,Round of 16,mutua_madrid_open,Daniil Medvedev,mm58,Brandon Nakashima,n0ae,01:49:22, 3  -  6 , 6  -  1 , 6  -  4 ,-,-
1536,2025,Round of 16,mutua_madrid_open,Jakub Mensik,m0ni,Alexander Bublik,bk92,00:56:11, 6  -  3 , 6  -  2 ,-,-,-
1536,2025,Round of 32,mutua_madrid_open,Jack Draper,d0co,Matteo Berrettini,bk40,00:58:33,-,-,-,-,-
1536,2025,Round of 32,mutua_madrid_open,Alex de Minaur,dh58,Denis Shapovalov,su55,01:29:24, 6  -  3 , 7  -  6 3 ,-,-,-
1536,2025,Round of 32,mutua_madrid_open,Lorenzo Musetti,m0ej,Stefanos Tsitsipas,te51,01:54:50, 7  -  5 , 7  -  6 3 ,-,-,-
1536,2025,Round of 32,mutua_madrid_open,Tommy Paul,pl56,Karen Khachanov,ke29,01:43:44, 6  -  3 , 3  -  6 , 6  -  2 ,-,-
1536,2025,Round of 32,mutua_madrid_open,Frances Tiafoe,td51,Alexandre Muller,mp20,01:18:29, 6  -  3 , 6  -  3 ,-,-,-
1536,2025,Round of 32,mutua_madrid_open,Gabriel Diallo,d0f6,Cameron Norrie,n771,02:31:29, 2  -  6 , 6  -  4 , 6  -  4 ,-,-
1536,2025,Round of 32,mutua_madrid_open,Grigor Dimitrov,d875,Jacob Fearnley,f0by,01:57:06, 6  -  4 , 7  -  6 3 ,-,-,-
1536,2025,Round of 32,mutua_madrid_open,Matteo Arnaldi,a0fc,Damir Dzumhur,d923,01:44:43, 6  -  3 , 6  -  4 ,-,-,-
1536,2025,Round of 32,mutua_madrid_open,Alexander Zverev,z355,Alejandro Davidovich Fokina,dh50,02:44:49, 2  -  6 , 7  -  6 3 , 7  -  6 0 ,-,-
1536,2025,Round of 32,mutua_madrid_open,Taylor Fritz,fb98,Benjamin Bonzi,bm95,01:36:08, 4  -  6 , 7  -  5 ,-,-,-
1536,2025,Round of 32,mutua_madrid_open,Alexander Bublik,bk92,Andrey Rublev,re44,01:22:59, 6  -  4 , 0  -  6 , 6  -  4 ,-,-
1536,2025,Round of 32,mutua_madrid_open,Daniil Medvedev,mm58,Juan Manuel Cerundolo,c0c8,01:03:00, 6  -  2 , 6  -  2 ,-,-,-
1536,2025,Round of 32,mutua_madrid_open,Jakub Mensik,m0ni,Ben Shelton,s0s1,01:08:03, 6  -  1 , 6  -  4 ,-,-,-
1536,2025,Round of 32,mutua_madrid_open,Casper Ruud,rh16,Sebastian Korda,k0ah,01:10:59, 6  -  3 , 6  -  3 ,-,-,-
1536,2025,Round of 32,mutua_madrid_open,Francisco Cerundolo,c0au,Francisco Comesana,c0df,01:36:55, 6  -  4 , 6  -  4 ,-,-,-
1536,2025,Round of 32,mutua_madrid_open,Brandon Nakashima,n0ae,Flavio Cobolli,c0e9,01:42:12, 7  -  5 , 6  -  3 ,-,-,-
1536,2025,Round of 64,mutua_madrid_open,Matteo Arnaldi,a0fc,Novak Djokovic,d643,01:41:19, 6  -  3 , 6  -  4 ,-,-,-
1536,2025,Round of 64,mutua_madrid_open,Jack Draper,d0co,Tallon Griekspoor,gj37,01:15:52, 6  -  3 , 6  -  4 ,-,-,-
1536,2025,Round of 64,mutua_madrid_open,Alex de Minaur,dh58,Lorenzo Sonego,su87,01:15:45, 6  -  2 , 6  -  3 ,-,-,-
1536,2025,Round of 64,mutua_madrid_open,Lorenzo Musetti,m0ej,Tomas Martin Etcheverry,ea24,01:47:17, 7  -  6 3 , 6  -  2 ,-,-,-
1536,2025,Round of 64,mutua_madrid_open,Tommy Paul,pl56,Joao Fonseca,f0fv,02:05:22, 7  -  6 7 , 7  -  6 3 ,-,-,-
1536,2025,Round of 64,mutua_madrid_open,Grigor Dimitrov,d875,Nicolas Jarry,j551,01:37:36, 6  -  3 , 6  -  4 ,-,-,-
1536,2025,Round of 64,mutua_madrid_open,Frances Tiafoe,td51,Luciano Darderi,d0fj,01:07:04, 7  -  5 , 3  -  1 ,-,-,-
1536,2025,Round of 64,mutua_madrid_open,Stefanos Tsitsipas,te51,Jan-Lennard Struff,sl28,01:58:12, 3  -  6 , 6  -  4 , 6  -  3 ,-,-
1536,2025,Round of 64,mutua_madrid_open,Jacob Fearnley,f0by,Tomas Machac,m0fh,01:44:24, 1  -  6 , 6  -  3 , 6  -  2 ,-,-
1536,2025,Round of 64,mutua_madrid_open,Alexandre Muller,mp20,Ugo Humbert,hh26,02:30:42, 6  -  2 , 6 3  -  7 , 7  -  6 5 ,-,-
1536,2025,Round of 64,mutua_madrid_open,Karen Khachanov,ke29,Reilly Opelka,o522,01:46:23, 7  -  6 3 , 7  -  6 4 ,-,-,-
1536,2025,Round of 64,mutua_madrid_open,Cameron Norrie,n771,Jiri Lehecka,l0bv,01:35:51, 2  -  6 , 6  -  4 , 6  -  0 ,-,-
1536,2025,Round of 64,mutua_madrid_open,Denis Shapovalov,su55,Kei Nishikori,n552,01:04:44, 6  -  1 , 6  -  4 ,-,-,-
1536,2025,Round of 64,mutua_madrid_open,Matteo Berrettini,bk40,Marcos Giron,gc88,02:34:51, 6 3  -  7 , 7  -  6 6 , 6  -  1 ,-,-
1536,2025,Round of 64,mutua_madrid_open,Damir Dzumhur,d923,Sebastian Baez,b0bi,01:38:32, 1  -  6 , 6  -  1 , 6  -  2 ,-,-
1536,2025,Round of 64,mutua_madrid_open,Gabriel Diallo,d0f6,Kamil Majchrzak,mq75,02:10:15, 7  -  5 , 4  -  6 , 6  -  4 ,-,-
1536,2025,Round of 64,mutua_madrid_open,Alexander Zverev,z355,Roberto Bautista Agut,bd06,01:10:40, 6  -  2 , 6  -  2 ,-,-,-
1536,2025,Round of 64,mutua_madrid_open,Taylor Fritz,fb98,Christopher O'Connell,o483,01:15:56, 6  -  1 , 6  -  4 ,-,-,-
1536,2025,Round of 64,mutua_madrid_open,Andrey Rublev,re44,Gael Monfils,mc65,(7),-,-,-,-,-
1536,2025,Round of 64,mutua_madrid_open,Flavio Cobolli,c0e9,Holger Rune,r0dg,00:43:29,-,-,-,-,-
1536,2025,Round of 64,mutua_madrid_open,Daniil Medvedev,mm58,Laslo Djere,db63,(9),-,-,-,-,-
1536,2025,Round of 64,mutua_madrid_open,Ben Shelton,s0s1,Mariano Navone,n0bs,02:19:13, 4  -  6 , 7  -  6 5 , 6  -  3 ,-,-
1536,2025,Round of 64,mutua_madrid_open,Francisco Comesana,c0df,Arthur Fils,f0f1,01:45:40, 7  -  6 4 , 6  -  4 ,-,-,-
1536,2025,Round of 64,mutua_madrid_open,Casper Ruud,rh16,Arthur Rinderknech,rc91,01:13:37, 6  -  3 , 6  -  4 ,-,-,-
1536,2025,Round of 64,mutua_madrid_open,Juan Manuel Cerundolo,c0c8,Felix Auger-Aliassime,ag37,01:53:20, 7  -  6 5 , 6  -  4 ,-,-,-
1536,2025,Round of 64,mutua_madrid_open,Francisco Cerundolo,c0au,Harold Mayot,m0g4,01:29:37, 6  -  3 , 6  -  4 ,-,-,-
1536,2025,Round of 64,mutua_madrid_open,Jakub Mensik,m0ni,Ethan Quinn,q02l,01:20:55, 7  -  6 4 , 6  -  1 ,-,-,-
1536,2025,Round of 64,mutua_madrid_open,Sebastian Korda,k0ah,Federico Cina,c0nb,01:41:10, 6  -  3 , 3  -  6 , 6  -  1 ,-,-
1536,2025,Round of 64,mutua_madrid_open,Alexander Bublik,bk92,Alexei Popyrin,p09z,01:50:29, 6  -  4 , 7  -  6 4 ,-,-,-
1536,2025,Round of 64,mutua_madrid_open,Benjamin Bonzi,bm95,Hubert Hurkacz,hb71,01:27:58, 6  -  4 , 7  -  5 ,-,-,-
1536,2025,Round of 64,mutua_madrid_open,Alejandro Davidovich Fokina,dh50,Nuno Borges,bt72,01:13:21, 6  -  2 , 6  -  3 ,-,-,-
1536,2025,Round of 64,mutua_madrid_open,Brandon Nakashima,n0ae,Sebastian Ofner,o513,01:30:08, 6  -  3 , 7  -  6 3 ,-,-,-
1536,2025,Round of 128,mutua_madrid_open,Matteo Arnaldi,a0fc,Borna Coric,cg80,02:47:05, 4  -  6 , 6  -  4 , 7  -  5 ,-,-
1536,2025,Round of 128,mutua_madrid_open,Luciano Darderi,d0fj,Quentin Halys,hb64,01:13:30, 6  -  4 , 6  -  4 ,-,-,-
1536,2025,Round of 128,mutua_madrid_open,Gabriel Diallo,d0f6,Zizou Bergs,bu13,00:57:24, 6  -  1 , 6  -  2 ,-,-,-
1536,2025,Round of 128,mutua_madrid_open,Damir Dzumhur,d923,Mattia Bellucci,b0gg,02:34:35, 4  -  6 , 6  -  4 , 6  -  2 ,-,-
1536,2025,Round of 128,mutua_madrid_open,Tomas Martin Etcheverry,ea24,Hamad Medjedovic,m0jf,03:16:11, 6  -  4 , 6 4  -  7 , 6  -  4 ,-,-
1536,2025,Round of 128,mutua_madrid_open,Jacob Fearnley,f0by,Yunchaokete Bu,y09v,01:45:26, 6  -  3 , 7  -  6 2 ,-,-,-
1536,2025,Round of 128,mutua_madrid_open,Joao Fonseca,f0fv,Elmer Moller,m0k4,01:13:14, 6  -  2 , 6  -  3 ,-,-,-
1536,2025,Round of 128,mutua_madrid_open,Marcos Giron,gc88,Learner Tien,t0ha,02:07:34, 6  -  1 , 1  -  6 , 7  -  6 4 ,-,-
1536,2025,Round of 128,mutua_madrid_open,Tallon Griekspoor,gj37,Vit Kopriva,ki82,01:12:24, 6  -  1 , 6  -  4 ,-,-,-
1536,2025,Round of 128,mutua_madrid_open,Nicolas Jarry,j551,Daniel Altmaier,ae14,01:16:38, 6  -  3 , 6  -  2 ,-,-,-
1536,2025,Round of 128,mutua_madrid_open,Alexandre Muller,mp20,David Goffin,gb88,01:39:28, 6  -  3 , 3  -  6 , 1  -  0 ,-,-
1536,2025,Round of 128,mutua_madrid_open,Kei Nishikori,n552,Aleksandar Vukic,v832,01:59:04, 6  -  4 , 3  -  6 , 6  -  3 ,-,-
1536,2025,Round of 128,mutua_madrid_open,Cameron Norrie,n771,Martin Landaluce,l0il,02:41:28, 6 4  -  7 , 7  -  5 , 6  -  4 ,-,-
1536,2025,Round of 128,mutua_madrid_open,Reilly Opelka,o522,Rinky Hijikata,h0bh,02:05:14, 7  -  5 , 7  -  5 ,-,-,-
1536,2025,Round of 128,mutua_madrid_open,Lorenzo Sonego,su87,Miomir Kecmanovic,ki95,02:03:13, 6  -  4 , 7  -  6 5 ,-,-,-
1536,2025,Round of 128,mutua_madrid_open,Jan-Lennard Struff,sl28,Botic van de Zandschulp,v812,01:42:55, 7  -  5 , 2  -  6 , 4  -  1 ,-,-
1536,2025,Round of 128,mutua_madrid_open,Roberto Bautista Agut,bd06,Jaume Munar,mu94,02:17:41, 6  -  4 , 2  -  6 , 6  -  3 ,-,-
1536,2025,Round of 128,mutua_madrid_open,Benjamin Bonzi,bm95,Marin Cilic,c977,01:33:37, 6  -  3 , 6  -  2 ,-,-,-
1536,2025,Round of 128,mutua_madrid_open,Nuno Borges,bt72,Pablo Carreno Busta,cd85,02:32:10, 6 7  -  7 , 7  -  6 3 , 6  -  3 ,-,-
1536,2025,Round of 128,mutua_madrid_open,Alexander Bublik,bk92,Alex Michelsen,m0qi,01:45:56, 7  -  6 2 , 7  -  6 4 ,-,-,-
1536,2025,Round of 128,mutua_madrid_open,Juan Manuel Cerundolo,c0c8,Aleksandar Kovacevic,k0az,02:26:51, 3  -  6 , 7  -  5 , 6  -  2 ,-,-
1536,2025,Round of 128,mutua_madrid_open,Federico Cina,c0nb,Coleman Wong,w0bh,01:18:58, 7  -  6 5 , 6  -  1 ,-,-,-
1536,2025,Round of 128,mutua_madrid_open,Flavio Cobolli,c0e9,Fabian Marozsan,m0ci,01:55:56, 7  -  6 4 , 7  -  5 ,-,-,-
1536,2025,Round of 128,mutua_madrid_open,Francisco Comesana,c0df,Pedro Martinez,mo44,01:48:40, 6  -  4 , 6  -  4 ,-,-,-
1536,2025,Round of 128,mutua_madrid_open,Laslo Djere,db63,Fabio Fognini,f510,01:07:32, 6  -  2 , 6  -  3 ,-,-,-
1536,2025,Round of 128,mutua_madrid_open,Harold Mayot,m0g4,Corentin Moutet,mw02,01:13:33, 6  -  3 , 4  -  2 ,-,-,-
1536,2025,Round of 128,mutua_madrid_open,Gael Monfils,mc65,Borna Gojo,gh92,01:42:41, 1  -  6 , 6  -  2 , 6  -  4 ,-,-
1536,2025,Round of 128,mutua_madrid_open,Mariano Navone,n0bs,Giovanni Mpetshi Perricard,m0gz,01:24:00, 6  -  4 , 6  -  4 ,-,-,-
1536,2025,Round of 128,mutua_madrid_open,Christopher O'Connell,o483,Camilo Ugo Carabelli,u182,01:13:55, 6  -  3 , 6  -  4 ,-,-,-
1536,2025,Round of 128,mutua_madrid_open,Sebastian Ofner,o513,Hugo Gaston,g09o,01:18:37, 6  -  4 , 6  -  3 ,-,-,-
1536,2025,Round of 128,mutua_madrid_open,Ethan Quinn,q02l,Dusan Lajovic,l987,01:26:14, 6  -  3 , 6  -  4 ,-,-,-
1536,2025,Round of 128,mutua_madrid_open,Arthur Rinderknech,rc91,Roman Safiullin,sx50,01:21:52, 7  -  6 4 , 6  -  1 ,-,-,-
1536,2025,2nd Round Qualifying,mutua_madrid_open,Daniel Altmaier,ae14,Daniel Elahi Galan,ge33,02:16:41, 7  -  6 3 , 3  -  6 , 6  -  1 ,-,-
1536,2025,2nd Round Qualifying,mutua_madrid_open,Jacob Fearnley,f0by,Hugo Dellien,da31,01:29:30, 7  -  5 , 6  -  1 ,-,-,-
1536,2025,2nd Round Qualifying,mutua_madrid_open,Borna Coric,cg80,Gabriel Diallo,d0f6,01:55:13, 6  -  3 , 7  -  6 6 ,-,-,-
1536,2025,2nd Round Qualifying,mutua_madrid_open,Hugo Gaston,g09o,Luca Nardi,n0bg,01:20:24, 6  -  4 , 6  -  2 ,-,-,-
1536,2025,2nd Round Qualifying,mutua_madrid_open,Fabio Fognini,f510,Rinky Hijikata,h0bh,02:48:29, 6  -  4 , 5  -  7 , 7  -  5 ,-,-
1536,2025,2nd Round Qualifying,mutua_madrid_open,Juan Manuel Cerundolo,c0c8,Botic van de Zandschulp,v812,03:16:42, 7  -  6 3 , 5  -  7 , 7  -  6 5 ,-,-
1536,2025,2nd Round Qualifying,mutua_madrid_open,Elmer Moller,m0k4,Kamil Majchrzak,mq75,02:14:38, 5  -  7 , 6  -  4 , 6  -  4 ,-,-
1536,2025,2nd Round Qualifying,mutua_madrid_open,Ethan Quinn,q02l,Thiago Monteiro,mj08,02:59:28, 2  -  6 , 7  -  6 5 , 7  -  6 0 ,-,-
1536,2025,2nd Round Qualifying,mutua_madrid_open,Vit Kopriva,ki82,Valentin Royer,r0eb,02:29:03, 1  -  6 , 6  -  3 , 7  -  6 3 ,-,-
1536,2025,2nd Round Qualifying,mutua_madrid_open,Dusan Lajovic,l987,Cristian Garin,gd64,01:31:14, 6  -  4 , 6  -  2 ,-,-,-
1536,2025,2nd Round Qualifying,mutua_madrid_open,Borna Gojo,gh92,Jerome Kym,k0ep,01:46:14, 7  -  6 12 , 6  -  3 ,-,-,-
1536,2025,2nd Round Qualifying,mutua_madrid_open,Harold Mayot,m0g4,Tristan Boyer,b0ej,01:40:55, 7  -  5 , 6  -  2 ,-,-,-
1536,2025,1st Round Qualifying,mutua_madrid_open,Daniel Altmaier,ae14,Luca Van Assche,v0dz,02:12:08, 7  -  6 10 , 6  -  4 ,-,-,-
1536,2025,1st Round Qualifying,mutua_madrid_open,Jacob Fearnley,f0by,Pavel Kotov,k09f,02:06:54, 4  -  6 , 6  -  4 , 6  -  1 ,-,-
1536,2025,1st Round Qualifying,mutua_madrid_open,Gabriel Diallo,d0f6,Nicolas Moreno De Alboran,mw18,01:10:08, 6  -  3 , 6  -  3 ,-,-,-
1536,2025,1st Round Qualifying,mutua_madrid_open,Hugo Gaston,g09o,Yannick Hanfmann,h997,02:44:29, 7  -  6 6 , 4  -  6 , 6  -  4 ,-,-
1536,2025,1st Round Qualifying,mutua_madrid_open,Rinky Hijikata,h0bh,Lloyd Harris,hg86,02:27:25, 6  -  4 , 6 11  -  7 , 4  -  1 ,-,-
1536,2025,1st Round Qualifying,mutua_madrid_open,Botic van de Zandschulp,v812,Moise Kouame,k0o4,01:17:32, 6  -  3 , 6  -  2 ,-,-,-
1536,2025,1st Round Qualifying,mutua_madrid_open,Borna Gojo,gh92,Marton Fucsovics,f724,01:43:25, 2  -  6 , 6  -  3 , 6  -  2 ,-,-
1536,2025,1st Round Qualifying,mutua_madrid_open,Kamil Majchrzak,mq75,Darwin Blanch,b0no,01:10:07, 6  -  1 , 6  -  4 ,-,-,-
1536,2025,1st Round Qualifying,mutua_madrid_open,Thiago Monteiro,mj08,Mitchell Krueger,kc12,01:32:28, 7  -  5 , 6  -  3 ,-,-,-
1536,2025,1st Round Qualifying,mutua_madrid_open,Tristan Boyer,b0ej,Jesper de Jong,d0c1,02:19:43, 3  -  6 , 7  -  6 4 , 6  -  4 ,-,-
1536,2025,1st Round Qualifying,mutua_madrid_open,Vit Kopriva,ki82,Roman Andres Burruchaga,b0fv,02:52:56, 7  -  5 , 5  -  7 , 6  -  4 ,-,-
1536,2025,1st Round Qualifying,mutua_madrid_open,Dusan Lajovic,l987,Thiago Agustin Tirante,t0a1,01:31:31, 6  -  3 , 7  -  6 6 ,-,-,-
1536,2025,1st Round Qualifying,mutua_madrid_open,Jerome Kym,k0ep,Mackenzie McDonald,mk66,01:01:10, 4  -  6 , 0  -  2 ,-,-,-
1536,2025,1st Round Qualifying,mutua_madrid_open,Hugo Dellien,da31,Adrian Mannarino,me82,01:41:47, 6  -  3 , 7  -  6 8 ,-,-,-
1536,2025,1st Round Qualifying,mutua_madrid_open,Luca Nardi,n0bg,Manas Dhamne,d0ji,01:15:43, 6  -  4 , 6  -  4 ,-,-,-
1536,2025,1st Round Qualifying,mutua_madrid_open,Cristian Garin,gd64,Chun-Hsin Tseng,t0ap,02:42:59, 2  -  6 , 6  -  3 , 7  -  5 ,-,-
1536,2025,1st Round Qualifying,mutua_madrid_open,Harold Mayot,m0g4,Alexander Shevchenko,s0h2,01:13:09, 6  -  2 , 7  -  5 ,-,-,-
1536,2025,1st Round Qualifying,mutua_madrid_open,Ethan Quinn,q02l,Billy Harris,hd68,01:21:18, 6  -  3 , 6  -  4 ,-,-,-
1536,2025,1st Round Qualifying,mutua_madrid_open,Elmer Moller,m0k4,Nishesh Basavareddy,b0nn,01:14:02, 6  -  1 , 6  -  1 ,-,-,-
1536,2025,1st Round Qualifying,mutua_madrid_open,Borna Coric,cg80,Otto Virtanen,v0am,02:31:40, 6 1  -  7 , 7  -  5 , 6  -  2 ,-,-
1536,2025,1st Round Qualifying,mutua_madrid_open,Juan Manuel Cerundolo,c0c8,Thiago Seyboth Wild,sx91,01:30:41, 6  -  4 , 6  -  4 ,-,-,-
1536,2025,1st Round Qualifying,mutua_madrid_open,Fabio Fognini,f510,Alexander Ritschard,rc04,01:31:09, 6  -  1 , 7  -  6 6 ,-,-,-
1536,2025,1st Round Qualifying,mutua_madrid_open,Valentin Royer,r0eb,Taro Daniel,da81,01:13:51, 6  -  3 , 6  -  2 ,-,-,-
1536,2025,1st Round Qualifying,mutua_madrid_open,Daniel Elahi Galan,ge33,Diego Dedura,d0lj,02:28:13, 6 7  -  7 , 6  -  4 , 6  -  1 ,-,-
416,2025,Final,internazionali_bnl_d'italia,Carlos Alcaraz,a0e2,Jannik Sinner,s0ag,01:43:54, 7  -  6 5 , 6  -  1 ,-,-,-
416,2025,Semifinals,internazionali_bnl_d'italia,Jannik Sinner,s0ag,Tommy Paul,pl56,01:43:18, 1  -  6 , 6  -  0 , 6  -  3 ,-,-
416,2025,Semifinals,internazionali_bnl_d'italia,Carlos Alcaraz,a0e2,Lorenzo Musetti,m0ej,02:03:09, 6  -  3 , 7  -  6 4 ,-,-,-
416,2025,Quarterfinals,internazionali_bnl_d'italia,Jannik Sinner,s0ag,Casper Ruud,rh16,01:04:21, 6  -  0 , 6  -  1 ,-,-,-
416,2025,Quarterfinals,internazionali_bnl_d'italia,Tommy Paul,pl56,Hubert Hurkacz,hb71,01:58:56, 7  -  6 4 , 6  -  3 ,-,-,-
416,2025,Quarterfinals,internazionali_bnl_d'italia,Lorenzo Musetti,m0ej,Alexander Zverev,z355,02:15:50, 7  -  6 1 , 6  -  4 ,-,-,-
416,2025,Quarterfinals,internazionali_bnl_d'italia,Carlos Alcaraz,a0e2,Jack Draper,d0co,01:37:37, 6  -  4 , 6  -  4 ,-,-,-
416,2025,Round of 16,internazionali_bnl_d'italia,Casper Ruud,rh16,Jaume Munar,mu94,01:37:26, 6  -  3 , 6  -  4 ,-,-,-
416,2025,Round of 16,internazionali_bnl_d'italia,Jannik Sinner,s0ag,Francisco Cerundolo,c0au,02:17:17, 7  -  6 2 , 6  -  3 ,-,-,-
416,2025,Round of 16,internazionali_bnl_d'italia,Alexander Zverev,z355,Arthur Fils,f0f1,01:45:47, 7  -  6 3 , 6  -  1 ,-,-,-
416,2025,Round of 16,internazionali_bnl_d'italia,Carlos Alcaraz,a0e2,Karen Khachanov,ke29,02:28:55, 6  -  3 , 3  -  6 , 7  -  5 ,-,-
416,2025,Round of 16,internazionali_bnl_d'italia,Jack Draper,d0co,Corentin Moutet,mw02,02:20:55, 1  -  6 , 6  -  4 , 6  -  3 ,-,-
416,2025,Round of 16,internazionali_bnl_d'italia,Tommy Paul,pl56,Alex de Minaur,dh58,01:54:55, 7  -  5 , 6  -  3 ,-,-,-
416,2025,Round of 16,internazionali_bnl_d'italia,Lorenzo Musetti,m0ej,Daniil Medvedev,mm58,01:39:23, 7  -  5 , 6  -  4 ,-,-,-
416,2025,Round of 16,internazionali_bnl_d'italia,Hubert Hurkacz,hb71,Jakub Mensik,m0ni,02:59:47, 7  -  6 5 , 4  -  6 , 7  -  6 5 ,-,-
416,2025,Round of 32,internazionali_bnl_d'italia,Jannik Sinner,s0ag,Jesper de Jong,d0c1,01:33:49, 6  -  4 , 6  -  2 ,-,-,-
416,2025,Round of 32,internazionali_bnl_d'italia,Casper Ruud,rh16,Matteo Berrettini,bk40,01:00:17, 7  -  5 , 2  -  0 ,-,-,-
416,2025,Round of 32,internazionali_bnl_d'italia,Alex de Minaur,dh58,Hugo Dellien,da31,01:57:19, 6  -  4 , 6  -  4 ,-,-,-
416,2025,Round of 32,internazionali_bnl_d'italia,Tommy Paul,pl56,Tomas Machac,m0fh,02:23:55, 6  -  3 , 6 5  -  7 , 6  -  4 ,-,-
416,2025,Round of 32,internazionali_bnl_d'italia,Francisco Cerundolo,c0au,Sebastian Ofner,o513,01:16:46, 6  -  2 , 6  -  4 ,-,-,-
416,2025,Round of 32,internazionali_bnl_d'italia,Jakub Mensik,m0ni,Fabian Marozsan,m0ci,01:29:01, 6  -  4 , 7  -  6 2 ,-,-,-
416,2025,Round of 32,internazionali_bnl_d'italia,Jaume Munar,mu94,Sebastian Korda,k0ah,01:27:55, 6  -  4 , 6  -  2 ,-,-,-
416,2025,Round of 32,internazionali_bnl_d'italia,Hubert Hurkacz,hb71,Marcos Giron,gc88,01:36:24, 6  -  3 , 1  -  6 , 6  -  1 ,-,-
416,2025,Round of 32,internazionali_bnl_d'italia,Alexander Zverev,z355,Vilius Gaubas,g0fw,01:25:48, 6  -  4 , 6  -  0 ,-,-,-
416,2025,Round of 32,internazionali_bnl_d'italia,Carlos Alcaraz,a0e2,Laslo Djere,db63,01:43:51, 7  -  6 2 , 6  -  2 ,-,-,-
416,2025,Round of 32,internazionali_bnl_d'italia,Jack Draper,d0co,Vit Kopriva,ki82,01:41:41, 6  -  4 , 6  -  3 ,-,-,-
416,2025,Round of 32,internazionali_bnl_d'italia,Lorenzo Musetti,m0ej,Brandon Nakashima,n0ae,01:23:27, 6  -  4 , 6  -  3 ,-,-,-
416,2025,Round of 32,internazionali_bnl_d'italia,Corentin Moutet,mw02,Holger Rune,r0dg,03:44:34, 7  -  5 , 5  -  7 , 7  -  6 4 ,-,-
416,2025,Round of 32,internazionali_bnl_d'italia,Daniil Medvedev,mm58,Alexei Popyrin,p09z,01:26:22, 6  -  4 , 6  -  1 ,-,-,-
416,2025,Round of 32,internazionali_bnl_d'italia,Arthur Fils,f0f1,Stefanos Tsitsipas,te51,01:53:56, 2  -  6 , 6  -  4 , 6  -  2 ,-,-
416,2025,Round of 32,internazionali_bnl_d'italia,Karen Khachanov,ke29,Francesco Passaro,p0ct,01:01:52, 6  -  3 , 6  -  0 ,-,-,-
416,2025,Round of 64,internazionali_bnl_d'italia,Jannik Sinner,s0ag,Mariano Navone,n0bs,01:38:08, 6  -  3 , 6  -  4 ,-,-,-
416,2025,Round of 64,internazionali_bnl_d'italia,Marcos Giron,gc88,Taylor Fritz,fb98,01:42:14, 7  -  6 4 , 7  -  6 3 ,-,-,-
416,2025,Round of 64,internazionali_bnl_d'italia,Casper Ruud,rh16,Alexander Bublik,bk92,01:56:58, 6  -  4 , 4  -  6 , 6  -  3 ,-,-
416,2025,Round of 64,internazionali_bnl_d'italia,Alex de Minaur,dh58,Luca Nardi,n0bg,01:57:48, 6  -  4 , 7  -  5 ,-,-,-
416,2025,Round of 64,internazionali_bnl_d'italia,Tommy Paul,pl56,Roberto Bautista Agut,bd06,01:20:06, 6  -  1 , 6  -  4 ,-,-,-
416,2025,Round of 64,internazionali_bnl_d'italia,Jaume Munar,mu94,Ben Shelton,s0s1,01:17:42, 6  -  2 , 6  -  1 ,-,-,-
416,2025,Round of 64,internazionali_bnl_d'italia,Sebastian Ofner,o513,Frances Tiafoe,td51,02:00:46, 6  -  2 , 6 2  -  7 , 6  -  3 ,-,-
416,2025,Round of 64,internazionali_bnl_d'italia,Fabian Marozsan,m0ci,Andrey Rublev,re44,02:22:21, 7  -  5 , 4  -  6 , 6  -  3 ,-,-
416,2025,Round of 64,internazionali_bnl_d'italia,Francisco Cerundolo,c0au,Nicolas Jarry,j551,01:57:24, 7  -  6 4 , 6  -  3 ,-,-,-
416,2025,Round of 64,internazionali_bnl_d'italia,Tomas Machac,m0fh,Learner Tien,t0ha,01:22:52, 6  -  4 , 6  -  4 ,-,-,-
416,2025,Round of 64,internazionali_bnl_d'italia,Jakub Mensik,m0ni,Matteo Gigante,g0gd,01:42:18, 7  -  6 4 , 7  -  5 ,-,-,-
416,2025,Round of 64,internazionali_bnl_d'italia,Sebastian Korda,k0ah,Aleksandar Vukic,v832,01:27:30, 6  -  3 , 6  -  4 ,-,-,-
416,2025,Round of 64,internazionali_bnl_d'italia,Jesper de Jong,d0c1,Alejandro Davidovich Fokina,dh50,01:06:52, 6  -  0 , 6  -  2 ,-,-,-
416,2025,Round of 64,internazionali_bnl_d'italia,Matteo Berrettini,bk40,Jacob Fearnley,f0by,01:56:24, 6  -  4 , 7  -  6 0 ,-,-,-
416,2025,Round of 64,internazionali_bnl_d'italia,Hubert Hurkacz,hb71,Pedro Martinez,mo44,01:23:28, 6  -  1 , 7  -  5 ,-,-,-
416,2025,Round of 64,internazionali_bnl_d'italia,Hugo Dellien,da31,Thiago Seyboth Wild,sx91,02:15:54, 4  -  6 , 6  -  3 , 6  -  4 ,-,-
416,2025,Round of 64,internazionali_bnl_d'italia,Alexander Zverev,z355,Camilo Ugo Carabelli,u182,01:06:46, 6  -  2 , 6  -  1 ,-,-,-
416,2025,Round of 64,internazionali_bnl_d'italia,Carlos Alcaraz,a0e2,Dusan Lajovic,l987,01:22:40, 6  -  3 , 6  -  3 ,-,-,-
416,2025,Round of 64,internazionali_bnl_d'italia,Jack Draper,d0co,Luciano Darderi,d0fj,01:18:22, 6  -  1 , 6  -  4 ,-,-,-
416,2025,Round of 64,internazionali_bnl_d'italia,Lorenzo Musetti,m0ej,Otto Virtanen,v0am,01:25:20, 6  -  3 , 6  -  2 ,-,-,-
416,2025,Round of 64,internazionali_bnl_d'italia,Holger Rune,r0dg,Francisco Comesana,c0df,02:57:05, 3  -  6 , 6  -  3 , 6  -  4 ,-,-
416,2025,Round of 64,internazionali_bnl_d'italia,Daniil Medvedev,mm58,Cameron Norrie,n771,01:32:15, 6  -  4 , 6  -  2 ,-,-,-
416,2025,Round of 64,internazionali_bnl_d'italia,Arthur Fils,f0f1,Tallon Griekspoor,gj37,01:07:51, 6  -  2 , 6  -  2 ,-,-,-
416,2025,Round of 64,internazionali_bnl_d'italia,Francesco Passaro,p0ct,Grigor Dimitrov,d875,01:44:54, 7  -  5 , 6  -  3 ,-,-,-
416,2025,Round of 64,internazionali_bnl_d'italia,Stefanos Tsitsipas,te51,Alexandre Muller,mp20,01:31:17, 6  -  2 , 7  -  6 3 ,-,-,-
416,2025,Round of 64,internazionali_bnl_d'italia,Corentin Moutet,mw02,Ugo Humbert,hh26,01:09:48, 6  -  3 , 4  -  0 ,-,-,-
416,2025,Round of 64,internazionali_bnl_d'italia,Karen Khachanov,ke29,Roman Andres Burruchaga,b0fv,02:40:21, 6  -  4 , 5  -  7 , 6  -  1 ,-,-
416,2025,Round of 64,internazionali_bnl_d'italia,Alexei Popyrin,p09z,Carlos Taberner,te16,01:40:12, 6  -  1 , 7  -  6 4 ,-,-,-
416,2025,Round of 64,internazionali_bnl_d'italia,Vilius Gaubas,g0fw,Denis Shapovalov,su55,01:47:02, 6  -  3 , 6  -  4 ,-,-,-
416,2025,Round of 64,internazionali_bnl_d'italia,Brandon Nakashima,n0ae,Jordan Thompson,tc61,(28),-,-,-,-,-
416,2025,Round of 64,internazionali_bnl_d'italia,Laslo Djere,db63,Alex Michelsen,m0qi,01:11:19, 6  -  0 , 6  -  3 ,-,-,-
416,2025,Round of 64,internazionali_bnl_d'italia,Vit Kopriva,ki82,Sebastian Baez,b0bi,02:32:00, 3  -  6 , 6  -  4 , 6  -  4 ,-,-
416,2025,Round of 128,internazionali_bnl_d'italia,Roberto Bautista Agut,bd06,Matteo Arnaldi,a0fc,01:54:34, 6  -  4 , 6  -  3 ,-,-,-
416,2025,Round of 128,internazionali_bnl_d'italia,Alexander Bublik,bk92,Roman Safiullin,sx50,01:37:21, 6  -  3 , 7  -  6 4 ,-,-,-
416,2025,Round of 128,internazionali_bnl_d'italia,Jesper de Jong,d0c1,Alexander Shevchenko,s0h2,01:26:38, 6  -  2 , 6  -  4 ,-,-,-
416,2025,Round of 128,internazionali_bnl_d'italia,Jacob Fearnley,f0by,Fabio Fognini,f510,01:20:37, 6  -  2 , 6  -  3 ,-,-,-
416,2025,Round of 128,internazionali_bnl_d'italia,Matteo Gigante,g0gd,Arthur Rinderknech,rc91,02:13:08, 7  -  6 4 , 7  -  6 4 ,-,-,-
416,2025,Round of 128,internazionali_bnl_d'italia,Marcos Giron,gc88,Gabriel Diallo,d0f6,01:59:42, 3  -  6 , 6  -  3 , 6  -  4 ,-,-
416,2025,Round of 128,internazionali_bnl_d'italia,Nicolas Jarry,j551,Hugo Gaston,g09o,01:51:52, 7  -  6 4 , 6  -  4 ,-,-,-
416,2025,Round of 128,internazionali_bnl_d'italia,Fabian Marozsan,m0ci,Joao Fonseca,f0fv,01:27:54, 6  -  3 , 7  -  6 4 ,-,-,-
416,2025,Round of 128,internazionali_bnl_d'italia,Pedro Martinez,mo44,Mattia Bellucci,b0gg,01:32:53, 6  -  4 , 6  -  2 ,-,-,-
416,2025,Round of 128,internazionali_bnl_d'italia,Jaume Munar,mu94,Tomas Barrios Vera,bs86,03:06:09, 4  -  6 , 6  -  2 , 7  -  5 ,-,-
416,2025,Round of 128,internazionali_bnl_d'italia,Luca Nardi,n0bg,Flavio Cobolli,c0e9,01:28:11, 6  -  3 , 6  -  4 ,-,-,-
416,2025,Round of 128,internazionali_bnl_d'italia,Mariano Navone,n0bs,Federico Cina,c0nb,01:24:14, 6  -  3 , 6  -  3 ,-,-,-
416,2025,Round of 128,internazionali_bnl_d'italia,Sebastian Ofner,o513,Roberto Carballes Baena,cf59,00:50:33,-,-,-,-,-
416,2025,Round of 128,internazionali_bnl_d'italia,Thiago Seyboth Wild,sx91,Nuno Borges,bt72,02:23:20, 6  -  1 , 4  -  6 , 6  -  4 ,-,-
416,2025,Round of 128,internazionali_bnl_d'italia,Learner Tien,t0ha,Reilly Opelka,o522,01:48:11, 6  -  4 , 7  -  6 11 ,-,-,-
416,2025,Round of 128,internazionali_bnl_d'italia,Aleksandar Vukic,v832,Nicolas Moreno De Alboran,mw18,01:31:32, 7  -  6 2 , 6  -  2 ,-,-,-
416,2025,Round of 128,internazionali_bnl_d'italia,Roman Andres Burruchaga,b0fv,Lorenzo Sonego,su87,01:32:25, 6  -  2 , 6  -  3 ,-,-,-
416,2025,Round of 128,internazionali_bnl_d'italia,Francisco Comesana,c0df,Daniel Altmaier,ae14,01:22:41, 6  -  1 , 7  -  5 ,-,-,-
416,2025,Round of 128,internazionali_bnl_d'italia,Luciano Darderi,d0fj,Yunchaokete Bu,y09v,01:51:48, 7  -  6 4 , 6  -  3 ,-,-,-
416,2025,Round of 128,internazionali_bnl_d'italia,Laslo Djere,db63,Tomas Martin Etcheverry,ea24,01:14:47, 6  -  3 , 6  -  2 ,-,-,-
416,2025,Round of 128,internazionali_bnl_d'italia,Vilius Gaubas,g0fw,Damir Dzumhur,d923,02:27:31, 7  -  6 3 , 2  -  6 , 6  -  4 ,-,-
416,2025,Round of 128,internazionali_bnl_d'italia,Tallon Griekspoor,gj37,Miomir Kecmanovic,ki95,01:34:05, 4  -  6 , 6  -  3 , 6  -  0 ,-,-
416,2025,Round of 128,internazionali_bnl_d'italia,Vit Kopriva,ki82,Quentin Halys,hb64,01:33:56, 6  -  4 , 6  -  3 ,-,-,-
416,2025,Round of 128,internazionali_bnl_d'italia,Dusan Lajovic,l987,Yoshihito Nishioka,n732,01:20:29, 7  -  5 , 6  -  1 ,-,-,-
416,2025,Round of 128,internazionali_bnl_d'italia,Corentin Moutet,mw02,Rinky Hijikata,h0bh,02:33:33, 3  -  6 , 6  -  1 , 7  -  5 ,-,-
416,2025,Round of 128,internazionali_bnl_d'italia,Alexandre Muller,mp20,Jiri Lehecka,l0bv,02:36:48, 2  -  6 , 6  -  3 , 7  -  6 5 ,-,-
416,2025,Round of 128,internazionali_bnl_d'italia,Cameron Norrie,n771,Christopher O'Connell,o483,01:16:46, 6  -  3 , 6  -  2 ,-,-,-
416,2025,Round of 128,internazionali_bnl_d'italia,Francesco Passaro,p0ct,Chun-Hsin Tseng,t0ap,01:57:49, 6  -  0 , 2  -  6 , 6  -  3 ,-,-
416,2025,Round of 128,internazionali_bnl_d'italia,Carlos Taberner,te16,Aleksandar Kovacevic,k0az,02:17:46, 6  -  3 , 1  -  6 , 7  -  5 ,-,-
416,2025,Round of 128,internazionali_bnl_d'italia,Jordan Thompson,tc61,Giovanni Mpetshi Perricard,m0gz,02:22:14, 3  -  6 , 6  -  3 , 7  -  6 5 ,-,-
416,2025,Round of 128,internazionali_bnl_d'italia,Camilo Ugo Carabelli,u182,Pablo Carreno Busta,cd85,02:06:01, 6  -  2 , 1  -  6 , 6  -  3 ,-,-
416,2025,Round of 128,internazionali_bnl_d'italia,Otto Virtanen,v0am,Hamad Medjedovic,m0jf,01:39:44, 6  -  4 , 6  -  4 ,-,-,-
416,2025,2nd Round Qualifying,internazionali_bnl_d'italia,Dusan Lajovic,l987,Cameron Norrie,n771,02:03:33, 6  -  1 , 4  -  6 , 6  -  3 ,-,-
416,2025,2nd Round Qualifying,internazionali_bnl_d'italia,Alexander Shevchenko,s0h2,Marton Fucsovics,f724,01:23:01, 6  -  4 , 6  -  2 ,-,-,-
416,2025,2nd Round Qualifying,internazionali_bnl_d'italia,Thiago Seyboth Wild,sx91,Jesper de Jong,d0c1,02:00:33, 7  -  6 5 , 6  -  4 ,-,-,-
416,2025,2nd Round Qualifying,internazionali_bnl_d'italia,Vit Kopriva,ki82,Nishesh Basavareddy,b0nn,01:32:34, 6  -  4 , 6  -  2 ,-,-,-
416,2025,2nd Round Qualifying,internazionali_bnl_d'italia,Roman Andres Burruchaga,b0fv,Pablo Carreno Busta,cd85,02:20:03, 3  -  6 , 6  -  3 , 6  -  2 ,-,-
416,2025,2nd Round Qualifying,internazionali_bnl_d'italia,Chun-Hsin Tseng,t0ap,Juan Manuel Cerundolo,c0c8,01:18:46, 6  -  1 , 6  -  4 ,-,-,-
416,2025,2nd Round Qualifying,internazionali_bnl_d'italia,Vilius Gaubas,g0fw,Hugo Dellien,da31,01:39:05, 7  -  5 , 6  -  3 ,-,-,-
416,2025,2nd Round Qualifying,internazionali_bnl_d'italia,Carlos Taberner,te16,Jaime Faria,f0f2,00:29:32,-,-,-,-,-
416,2025,2nd Round Qualifying,internazionali_bnl_d'italia,Tomas Barrios Vera,bs86,Valentin Royer,r0eb,02:56:46, 7  -  5 , 5  -  7 , 7  -  5 ,-,-
416,2025,2nd Round Qualifying,internazionali_bnl_d'italia,Sebastian Ofner,o513,Yannick Hanfmann,h997,01:29:14, 7  -  6 1 , 6  -  2 ,-,-,-
416,2025,2nd Round Qualifying,internazionali_bnl_d'italia,Nicolas Moreno De Alboran,mw18,Giulio Zeppieri,z0a1,01:44:54, 6  -  4 , 3  -  6 , 6  -  1 ,-,-
416,2025,2nd Round Qualifying,internazionali_bnl_d'italia,Otto Virtanen,v0am,Federico Arnaboldi,a0ba,01:03:07, 6  -  3 , 6  -  1 ,-,-,-
416,2025,1st Round Qualifying,internazionali_bnl_d'italia,Nicolas Moreno De Alboran,mw18,Raphael Collignon,c0jp,01:30:24, 6  -  4 , 6  -  4 ,-,-,-
416,2025,1st Round Qualifying,internazionali_bnl_d'italia,Sebastian Ofner,o513,Kamil Majchrzak,mq75,01:28:11, 6  -  4 , 6  -  4 ,-,-,-
416,2025,1st Round Qualifying,internazionali_bnl_d'italia,Cameron Norrie,n771,Jacopo Vasami,v0j1,01:20:38, 6  -  3 , 6  -  2 ,-,-,-
416,2025,1st Round Qualifying,internazionali_bnl_d'italia,Alexander Shevchenko,s0h2,Juan Pablo Ficovich,fa43,01:41:35, 6  -  4 , 6  -  4 ,-,-,-
416,2025,1st Round Qualifying,internazionali_bnl_d'italia,Jesper de Jong,d0c1,Harold Mayot,m0g4,01:27:39, 6  -  2 , 6  -  4 ,-,-,-
416,2025,1st Round Qualifying,internazionali_bnl_d'italia,Federico Arnaboldi,a0ba,Thiago Monteiro,mj08,03:06:01, 7  -  6 5 , 6 5  -  7 , 6  -  3 ,-,-
416,2025,1st Round Qualifying,internazionali_bnl_d'italia,Vit Kopriva,ki82,Dalibor Svrcina,s0gd,02:31:46, 6  -  2 , 5  -  7 , 6  -  2 ,-,-
416,2025,1st Round Qualifying,internazionali_bnl_d'italia,Pablo Carreno Busta,cd85,Thiago Agustin Tirante,t0a1,01:36:07, 7  -  6 5 , 2  -  1 ,-,-,-
416,2025,1st Round Qualifying,internazionali_bnl_d'italia,Chun-Hsin Tseng,t0ap,Gabriele Piraino,p0i6,01:25:39, 6  -  2 , 6  -  4 ,-,-,-
416,2025,1st Round Qualifying,internazionali_bnl_d'italia,Hugo Dellien,da31,Marc-Andrea Huesler,hh06,02:16:41, 6  -  3 , 6 1  -  7 , 6  -  3 ,-,-
416,2025,1st Round Qualifying,internazionali_bnl_d'italia,Tomas Barrios Vera,bs86,Billy Harris,hd68,01:21:28, 6  -  2 , 6  -  4 ,-,-,-
416,2025,1st Round Qualifying,internazionali_bnl_d'italia,Jaime Faria,f0f2,Jerome Kym,k0ep,02:33:06, 4  -  6 , 7  -  6 5 , 6  -  4 ,-,-
416,2025,1st Round Qualifying,internazionali_bnl_d'italia,Nishesh Basavareddy,b0nn,Mitchell Krueger,kc12,02:05:08, 7  -  5 , 6  -  1 ,-,-,-
416,2025,1st Round Qualifying,internazionali_bnl_d'italia,Thiago Seyboth Wild,sx91,Pierluigi Basile,b0vx,01:08:40, 6  -  2 , 6  -  3 ,-,-,-
416,2025,1st Round Qualifying,internazionali_bnl_d'italia,Roman Andres Burruchaga,b0fv,Daniel Elahi Galan,ge33,02:22:56, 6  -  4 , 2  -  6 , 6  -  3 ,-,-
416,2025,1st Round Qualifying,internazionali_bnl_d'italia,Valentin Royer,r0eb,Federico Agustin Gomez,gj16,02:35:59, 6  -  4 , 4  -  6 , 7  -  5 ,-,-
416,2025,1st Round Qualifying,internazionali_bnl_d'italia,Dusan Lajovic,l987,Ethan Quinn,q02l,02:27:02, 7  -  5 , 6 5  -  7 , 6  -  3 ,-,-
416,2025,1st Round Qualifying,internazionali_bnl_d'italia,Otto Virtanen,v0am,Tristan Boyer,b0ej,02:33:33, 7  -  6 3 , 4  -  6 , 6  -  3 ,-,-
416,2025,1st Round Qualifying,internazionali_bnl_d'italia,Giulio Zeppieri,z0a1,Pavel Kotov,k09f,02:19:48, 4  -  6 , 7  -  5 , 6  -  3 ,-,-
416,2025,1st Round Qualifying,internazionali_bnl_d'italia,Yannick Hanfmann,h997,Taro Daniel,da81,02:17:18, 6  -  2 , 4  -  6 , 6  -  4 ,-,-
416,2025,1st Round Qualifying,internazionali_bnl_d'italia,Carlos Taberner,te16,Adrian Mannarino,me82,01:44:25, 6  -  1 , 0  -  6 , 6  -  0 ,-,-
416,2025,1st Round Qualifying,internazionali_bnl_d'italia,Vilius Gaubas,g0fw,Eliot Spizzirri,s0ja,01:11:37, 6  -  1 , 6  -  2 ,-,-,-
416,2025,1st Round Qualifying,internazionali_bnl_d'italia,Juan Manuel Cerundolo,c0c8,Pierre-Hugues Herbert,h996,02:01:45, 6  -  3 , 7  -  6 6 ,-,-,-
416,2025,1st Round Qualifying,internazionali_bnl_d'italia,Marton Fucsovics,f724,Stefano Napolitano,n679,01:16:56, 6  -  2 , 6  -  3 ,-,-,-
414,2025,Final,hamburg_open,Flavio Cobolli,c0e9,Andrey Rublev,re44,01:28:37, 6  -  2 , 6  -  4 ,-,-,-
414,2025,Semifinals,hamburg_open,Andrey Rublev,re44,Felix Auger-Aliassime,ag37,01:25:13, 6  -  1 , 6  -  4 ,-,-,-
414,2025,Semifinals,hamburg_open,Flavio Cobolli,c0e9,Tomas Martin Etcheverry,ea24,02:47:54, 2  -  6 , 7  -  5 , 6  -  4 ,-,-
414,2025,Quarterfinals,hamburg_open,Andrey Rublev,re44,Luciano Darderi,d0fj,01:53:35, 6  -  1 , 3  -  6 , 6  -  3 ,-,-
414,2025,Quarterfinals,hamburg_open,Felix Auger-Aliassime,ag37,Alexandre Muller,mp20,02:58:31, 7  -  6 4 , 6 6  -  7 , 6  -  3 ,-,-
414,2025,Quarterfinals,hamburg_open,Flavio Cobolli,c0e9,Roberto Bautista Agut,bd06,01:24:22, 7  -  6 4 , 6  -  0 ,-,-,-
414,2025,Quarterfinals,hamburg_open,Tomas Martin Etcheverry,ea24,Jiri Lehecka,l0bv,01:52:36, 7  -  5 , 6  -  3 ,-,-,-
414,2025,Round of 16,hamburg_open,Alexandre Muller,mp20,Alexander Zverev,z355,02:40:57, 6  -  3 , 4  -  6 , 7  -  6 5 ,-,-
414,2025,Round of 16,hamburg_open,Roberto Bautista Agut,bd06,Frances Tiafoe,td51,01:26:54, 6  -  2 , 6  -  3 ,-,-,-
414,2025,Round of 16,hamburg_open,Andrey Rublev,re44,Justin Engel,e0dd,01:42:44, 6  -  3 , 7  -  5 ,-,-,-
414,2025,Round of 16,hamburg_open,Jiri Lehecka,l0bv,Francisco Cerundolo,c0au,01:40:50, 7  -  5 , 6  -  2 ,-,-,-
414,2025,Round of 16,hamburg_open,Flavio Cobolli,c0e9,Alejandro Davidovich Fokina,dh50,01:46:22, 6  -  4 , 7  -  5 ,-,-,-
414,2025,Round of 16,hamburg_open,Felix Auger-Aliassime,ag37,Giovanni Mpetshi Perricard,m0gz,01:13:40, 6  -  2 , 6  -  4 ,-,-,-
414,2025,Round of 16,hamburg_open,Luciano Darderi,d0fj,Brandon Nakashima,n0ae,02:47:52, 7  -  5 , 6 7  -  7 , 6  -  2 ,-,-
414,2025,Round of 16,hamburg_open,Tomas Martin Etcheverry,ea24,Camilo Ugo Carabelli,u182,01:54:28, 6  -  4 , 6  -  4 ,-,-,-
414,2025,Round of 32,hamburg_open,Frances Tiafoe,td51,Yunchaokete Bu,y09v,01:28:20, 7  -  5 , 6  -  2 ,-,-,-
414,2025,Round of 32,hamburg_open,Alejandro Davidovich Fokina,dh50,Gael Monfils,mc65,01:23:26, 6  -  3 , 6  -  3 ,-,-,-
414,2025,Round of 32,hamburg_open,Felix Auger-Aliassime,ag37,Daniel Altmaier,ae14,01:19:41, 6  -  3 , 6  -  3 ,-,-,-
414,2025,Round of 32,hamburg_open,Camilo Ugo Carabelli,u182,Sebastian Baez,b0bi,02:25:29, 6  -  3 , 2  -  6 , 6  -  4 ,-,-
414,2025,Round of 32,hamburg_open,Flavio Cobolli,c0e9,Vitaliy Sachko,ss25,02:37:48, 5  -  7 , 6  -  2 , 6  -  2 ,-,-
414,2025,Round of 32,hamburg_open,Tomas Martin Etcheverry,ea24,Francisco Comesana,c0df,01:59:01, 7  -  6 4 , 6  -  3 ,-,-,-
414,2025,Round of 32,hamburg_open,Giovanni Mpetshi Perricard,m0gz,Alexander Bublik,bk92,01:24:17, 7  -  6 6 , 6  -  4 ,-,-,-
414,2025,Round of 32,hamburg_open,Alexander Zverev,z355,Aleksandar Kovacevic,k0az,01:34:45, 6  -  1 , 7  -  6 5 ,-,-,-
414,2025,Round of 32,hamburg_open,Andrey Rublev,re44,Damir Dzumhur,d923,01:29:43, 6  -  4 , 6  -  3 ,-,-,-
414,2025,Round of 32,hamburg_open,Brandon Nakashima,n0ae,Raphael Collignon,c0jp,01:00:53,-,-,-,-,-
414,2025,Round of 32,hamburg_open,Roberto Bautista Agut,bd06,Marcos Giron,gc88,01:37:36, 7  -  6 5 , 6  -  0 ,-,-,-
414,2025,Round of 32,hamburg_open,Justin Engel,e0dd,Jan-Lennard Struff,sl28,01:40:13, 7  -  6 4 , 7  -  6 4 ,-,-,-
414,2025,Round of 32,hamburg_open,Jiri Lehecka,l0bv,Borna Gojo,gh92,01:55:33, 6  -  4 , 3  -  6 , 6  -  2 ,-,-
414,2025,Round of 32,hamburg_open,Alexandre Muller,mp20,Elias Ymer,y218,01:54:55, 6  -  3 , 7  -  5 ,-,-,-
414,2025,Round of 32,hamburg_open,Francisco Cerundolo,c0au,Pedro Martinez,mo44,01:28:29, 6  -  2 , 6  -  3 ,-,-,-
414,2025,Round of 32,hamburg_open,Luciano Darderi,d0fj,Diego Dedura,d0lj,01:09:15, 6  -  1 , 6  -  4 ,-,-,-
414,2025,2nd Round Qualifying,hamburg_open,Aleksandar Kovacevic,k0az,Vitaliy Sachko,ss25,01:06:15, 6  -  1 , 6  -  3 ,-,-,-
414,2025,2nd Round Qualifying,hamburg_open,Raphael Collignon,c0jp,Daniel Dutra da Silva,sg56,01:06:19, 6  -  2 , 6  -  3 ,-,-,-
414,2025,2nd Round Qualifying,hamburg_open,Borna Gojo,gh92,Dimitar Kuzmanov,kc33,01:41:20, 7  -  5 , 6  -  4 ,-,-,-
414,2025,2nd Round Qualifying,hamburg_open,Elias Ymer,y218,Marko Topo,t0fi,02:56:56, 6 5  -  7 , 6  -  4 , 6  -  4 ,-,-
414,2025,1st Round Qualifying,hamburg_open,Dimitar Kuzmanov,kc33,Aleksandar Vukic,v832,01:33:21, 6  -  4 , 6  -  2 ,-,-,-
414,2025,1st Round Qualifying,hamburg_open,Aleksandar Kovacevic,k0az,Max Wiskandt,w0bb,01:38:51, 7  -  6 4 , 6  -  4 ,-,-,-
414,2025,1st Round Qualifying,hamburg_open,Elias Ymer,y218,Christopher O'Connell,o483,02:16:14, 6  -  2 , 3  -  6 , 6  -  4 ,-,-
414,2025,1st Round Qualifying,hamburg_open,Raphael Collignon,c0jp,Patrick Zahraj,z09f,01:42:18, 6  -  3 , 7  -  6 3 ,-,-,-
414,2025,1st Round Qualifying,hamburg_open,Marko Topo,t0fi,Emilio Nava,n0am,01:51:29, 6  -  3 , 3  -  6 , 6  -  2 ,-,-
414,2025,1st Round Qualifying,hamburg_open,Daniel Dutra da Silva,sg56,Max Hans Rehberg,r0ed,01:43:42, 6  -  4 , 6  -  4 ,-,-,-
414,2025,1st Round Qualifying,hamburg_open,Borna Gojo,gh92,Mika Petkovic,p0o9,01:07:34, 6  -  3 , 6  -  2 ,-,-,-
414,2025,1st Round Qualifying,hamburg_open,Vitaliy Sachko,ss25,Denis Yevseyev,y171,01:12:08, 6  -  2 , 6  -  1 ,-,-,-
322,2025,Final,gonet_geneva_open,Novak Djokovic,d643,Hubert Hurkacz,hb71,03:05:33, 5  -  7 , 7  -  6 2 , 7  -  6 2 ,-,-
322,2025,Semifinals,gonet_geneva_open,Novak Djokovic,d643,Cameron Norrie,n771,02:14:49, 6  -  4 , 6 6  -  7 , 6  -  1 ,-,-
322,2025,Semifinals,gonet_geneva_open,Hubert Hurkacz,hb71,Sebastian Ofner,o513,01:00:40, 6  -  3 , 6  -  4 ,-,-,-
322,2025,Quarterfinals,gonet_geneva_open,Hubert Hurkacz,hb71,Taylor Fritz,fb98,01:25:20, 6  -  3 , 7  -  6 5 ,-,-,-
322,2025,Quarterfinals,gonet_geneva_open,Novak Djokovic,d643,Matteo Arnaldi,a0fc,01:39:16, 6  -  4 , 6  -  4 ,-,-,-
322,2025,Quarterfinals,gonet_geneva_open,Sebastian Ofner,o513,Karen Khachanov,ke29,01:56:36, 4  -  6 , 6  -  4 , 6  -  4 ,-,-
322,2025,Quarterfinals,gonet_geneva_open,Cameron Norrie,n771,Alexei Popyrin,p09z,01:43:52, 7  -  6 6 , 6  -  4 ,-,-,-
322,2025,Round of 16,gonet_geneva_open,Taylor Fritz,fb98,Quentin Halys,hb64,01:35:53, 6  -  4 , 7  -  6 5 ,-,-,-
322,2025,Round of 16,gonet_geneva_open,Novak Djokovic,d643,Marton Fucsovics,f724,01:17:19, 6  -  2 , 6  -  3 ,-,-,-
322,2025,Round of 16,gonet_geneva_open,Cameron Norrie,n771,Tomas Machac,m0fh,01:45:15, 3  -  6 , 6  -  2 , 4  -  3 ,-,-
322,2025,Round of 16,gonet_geneva_open,Alexei Popyrin,p09z,Jacob Fearnley,f0by,01:10:16, 6  -  4 , 6  -  3 ,-,-,-
322,2025,Round of 16,gonet_geneva_open,Hubert Hurkacz,hb71,Arthur Rinderknech,rc91,01:01:15, 6  -  4 , 6  -  1 ,-,-,-
322,2025,Round of 16,gonet_geneva_open,Matteo Arnaldi,a0fc,Fabian Marozsan,m0ci,01:52:10, 6  -  3 , 7  -  6 3 ,-,-,-
322,2025,Round of 16,gonet_geneva_open,Sebastian Ofner,o513,Nuno Borges,bt72,01:53:53, 7  -  6 2 , 7  -  6 4 ,-,-,-
322,2025,Round of 16,gonet_geneva_open,Karen Khachanov,ke29,Kei Nishikori,n552,01:24:26, 7  -  5 , 2  -  5 ,-,-,-
322,2025,Round of 32,gonet_geneva_open,Hubert Hurkacz,hb71,Arthur Cazaux,c0h0,01:17:56, 6  -  3 , 6  -  4 ,-,-,-
322,2025,Round of 32,gonet_geneva_open,Fabian Marozsan,m0ci,Karue Sell,sm88,00:45:52, 6  -  1 , 6  -  1 ,-,-,-
322,2025,Round of 32,gonet_geneva_open,Arthur Rinderknech,rc91,Miomir Kecmanovic,ki95,01:13:35, 6  -  4 , 6  -  2 ,-,-,-
322,2025,Round of 32,gonet_geneva_open,Matteo Arnaldi,a0fc,Hugo Gaston,g09o,02:24:33, 6 6  -  7 , 6  -  4 , 6  -  4 ,-,-
322,2025,Round of 32,gonet_geneva_open,Jacob Fearnley,f0by,Dusan Lajovic,l987,01:12:00, 6  -  4 , 6  -  1 ,-,-,-
322,2025,Round of 32,gonet_geneva_open,Marton Fucsovics,f724,Zizou Bergs,bu13,01:20:21, 6  -  2 , 6  -  3 ,-,-,-
322,2025,Round of 32,gonet_geneva_open,Quentin Halys,hb64,Jaume Munar,mu94,02:23:10, 4  -  6 , 6  -  3 , 7  -  6 5 ,-,-
322,2025,Round of 32,gonet_geneva_open,Kei Nishikori,n552,Learner Tien,t0ha,02:06:30, 4  -  6 , 6  -  4 , 6  -  4 ,-,-
322,2025,Round of 32,gonet_geneva_open,Cameron Norrie,n771,Dominic Stricker,s0la,01:35:53, 7  -  6 2 , 6  -  3 ,-,-,-
322,2025,Round of 32,gonet_geneva_open,Sebastian Ofner,o513,Ivan Gakhov,ge28,00:53:34, 6  -  1 , 6  -  2 ,-,-,-
322,2025,Round of 32,gonet_geneva_open,Alexei Popyrin,p09z,Nicolas Jarry,j551,02:27:21, 6  -  4 , 3  -  6 , 7  -  5 ,-,-
322,2025,Round of 32,gonet_geneva_open,Nuno Borges,bt72,Alex Michelsen,m0qi,01:41:45, 4  -  6 , 6  -  3 , 6  -  3 ,-,-
322,2025,2nd Round Qualifying,gonet_geneva_open,Cameron Norrie,n771,Jenson Brooksby,b0cd,01:15:07, 6  -  4 , 6  -  1 ,-,-,-
322,2025,2nd Round Qualifying,gonet_geneva_open,Sebastian Ofner,o513,Reilly Opelka,o522,01:36:27, 7  -  5 , 7  -  6 2 ,-,-,-
322,2025,2nd Round Qualifying,gonet_geneva_open,Ivan Gakhov,ge28,Kilian Feldbausch,f0f4,02:20:37, 6  -  3 , 4  -  6 , 7  -  5 ,-,-
322,2025,2nd Round Qualifying,gonet_geneva_open,Karue Sell,sm88,Remy Bertola,bu70,01:53:46, 3  -  6 , 6  -  4 , 6  -  4 ,-,-
322,2025,1st Round Qualifying,gonet_geneva_open,Remy Bertola,bu70,James Duckworth,d994,01:33:38, 7  -  6 3 , 6  -  4 ,-,-,-
322,2025,1st Round Qualifying,gonet_geneva_open,Cameron Norrie,n771,Ergi Kirkin,ki48,01:18:02, 6  -  1 , 6  -  3 ,-,-,-
322,2025,1st Round Qualifying,gonet_geneva_open,Reilly Opelka,o522,Enrico Dalla Valle,dg80,01:28:53, 6  -  4 , 6  -  4 ,-,-,-
322,2025,1st Round Qualifying,gonet_geneva_open,Ivan Gakhov,ge28,Thiago Monteiro,mj08,02:27:02, 4  -  6 , 7  -  6 3 , 6  -  3 ,-,-
322,2025,1st Round Qualifying,gonet_geneva_open,Kilian Feldbausch,f0f4,Tristan Schoolkate,s0n0,02:03:11, 6  -  4 , 2  -  6 , 6  -  4 ,-,-
322,2025,1st Round Qualifying,gonet_geneva_open,Sebastian Ofner,o513,Leo Borg,b0jg,01:14:19, 6  -  3 , 7  -  5 ,-,-,-
322,2025,1st Round Qualifying,gonet_geneva_open,Karue Sell,sm88,Pierre-Hugues Herbert,h996,02:15:33, 6  -  2 , 4  -  6 , 6  -  4 ,-,-
322,2025,1st Round Qualifying,gonet_geneva_open,Jenson Brooksby,b0cd,Radu Albot,a829,02:01:57, 6  -  3 , 4  -  6 , 6  -  2 ,-,-
520,2025,Final,roland_garros,Carlos Alcaraz,a0e2,Jannik Sinner,s0ag,(2), 4  -  6 , 6 4  -  7 , 6  -  4 , 7  -  6 3 , 7  -  6 2 
520,2025,Semifinals,roland_garros,Jannik Sinner,s0ag,Novak Djokovic,d643,(1), 6  -  4 , 7  -  5 , 7  -  6 3 ,-,-
520,2025,Semifinals,roland_garros,Carlos Alcaraz,a0e2,Lorenzo Musetti,m0ej,(2), 4  -  6 , 7  -  6 3 , 6  -  0 , 2  -  0 ,-
520,2025,Quarterfinals,roland_garros,Jannik Sinner,s0ag,Alexander Bublik,bk92,(1), 6  -  1 , 7  -  5 , 6  -  0 ,-,-
520,2025,Quarterfinals,roland_garros,Novak Djokovic,d643,Alexander Zverev,z355,(6), 4  -  6 , 6  -  3 , 6  -  2 , 6  -  4 ,-
520,2025,Quarterfinals,roland_garros,Carlos Alcaraz,a0e2,Tommy Paul,pl56,(2), 6  -  0 , 6  -  1 , 6  -  4 ,-,-
520,2025,Quarterfinals,roland_garros,Lorenzo Musetti,m0ej,Frances Tiafoe,td51,(8), 6  -  2 , 4  -  6 , 7  -  5 , 6  -  2 ,-
520,2025,Round of 16,roland_garros,Jannik Sinner,s0ag,Andrey Rublev,re44,(1), 6  -  1 , 6  -  3 , 6  -  4 ,-,-
520,2025,Round of 16,roland_garros,Alexander Zverev,z355,Tallon Griekspoor,gj37,(3), 6  -  4 , 3  -  0 ,-,-,-
520,2025,Round of 16,roland_garros,Alexander Bublik,bk92,Jack Draper,d0co,, 5  -  7 , 6  -  3 , 6  -  2 , 6  -  4 ,-
520,2025,Round of 16,roland_garros,Novak Djokovic,d643,Cameron Norrie,n771,(6), 6  -  2 , 6  -  3 , 6  -  2 ,-,-
520,2025,Round of 16,roland_garros,Carlos Alcaraz,a0e2,Ben Shelton,s0s1,(2), 7  -  6 8 , 6  -  3 , 4  -  6 , 6  -  4 ,-
520,2025,Round of 16,roland_garros,Lorenzo Musetti,m0ej,Holger Rune,r0dg,(8), 7  -  5 , 3  -  6 , 6  -  3 , 6  -  2 ,-
520,2025,Round of 16,roland_garros,Tommy Paul,pl56,Alexei Popyrin,p09z,(12), 6  -  3 , 6  -  3 , 6  -  3 ,-,-
520,2025,Round of 16,roland_garros,Frances Tiafoe,td51,Daniel Altmaier,ae14,(15), 6  -  3 , 6  -  4 , 7  -  6 4 ,-,-
520,2025,Round of 32,roland_garros,Jannik Sinner,s0ag,Jiri Lehecka,l0bv,(1), 6  -  0 , 6  -  1 , 6  -  2 ,-,-
520,2025,Round of 32,roland_garros,Alexander Zverev,z355,Flavio Cobolli,c0e9,(3), 6  -  2 , 7  -  6 4 , 6  -  1 ,-,-
520,2025,Round of 32,roland_garros,Jack Draper,d0co,Joao Fonseca,f0fv,(5), 6  -  2 , 6  -  4 , 6  -  2 ,-,-
520,2025,Round of 32,roland_garros,Novak Djokovic,d643,Filip Misolic,m0jz,(6), 6  -  3 , 6  -  4 , 6  -  2 ,-,-
520,2025,Round of 32,roland_garros,Andrey Rublev,re44,Arthur Fils,f0f1,(17),-,-,-,-,-
520,2025,Round of 32,roland_garros,Alexander Bublik,bk92,Henrique Rocha,r0go,, 7  -  5 , 6  -  1 , 6  -  2 ,-,-
520,2025,Round of 32,roland_garros,Tallon Griekspoor,gj37,Ethan Quinn,q02l,, 4  -  6 , 6  -  1 , 6 2  -  7 , 6  -  1 , 6  -  4 
520,2025,Round of 32,roland_garros,Cameron Norrie,n771,Jacob Fearnley,f0by,, 6  -  3 , 7  -  6 1 , 6  -  2 ,-,-
520,2025,Round of 32,roland_garros,Carlos Alcaraz,a0e2,Damir Dzumhur,d923,(2), 6  -  1 , 6  -  3 , 4  -  6 , 6  -  4 ,-
520,2025,Round of 32,roland_garros,Lorenzo Musetti,m0ej,Mariano Navone,n0bs,(8), 4  -  6 , 6  -  4 , 6  -  3 , 6  -  2 ,-
520,2025,Round of 32,roland_garros,Holger Rune,r0dg,Quentin Halys,hb64,(10), 4  -  6 , 6  -  2 , 5  -  7 , 7  -  5 , 6  -  2 
520,2025,Round of 32,roland_garros,Tommy Paul,pl56,Karen Khachanov,ke29,(12), 6  -  3 , 3  -  6 , 7  -  6 7 , 3  -  6 , 6  -  3 
520,2025,Round of 32,roland_garros,Ben Shelton,s0s1,Matteo Gigante,g0gd,(13), 6  -  3 , 6  -  3 , 6  -  4 ,-,-
520,2025,Round of 32,roland_garros,Frances Tiafoe,td51,Sebastian Korda,k0ah,(15), 7  -  6 6 , 6  -  3 , 6  -  4 ,-,-
520,2025,Round of 32,roland_garros,Alexei Popyrin,p09z,Nuno Borges,bt72,(25), 6  -  4 , 7  -  6 11 , 7  -  6 5 ,-,-
520,2025,Round of 32,roland_garros,Daniel Altmaier,ae14,Hamad Medjedovic,m0jf,, 4  -  6 , 6  -  3 , 6  -  3 , 6  -  2 ,-
520,2025,Round of 64,roland_garros,Jannik Sinner,s0ag,Richard Gasquet,g628,(1), 6  -  3 , 6  -  0 , 6  -  4 ,-,-
520,2025,Round of 64,roland_garros,Alexander Zverev,z355,Jesper de Jong,d0c1,(3), 3  -  6 , 6  -  1 , 6  -  2 , 6  -  3 ,-
520,2025,Round of 64,roland_garros,Jack Draper,d0co,Gael Monfils,mc65,(5), 6  -  3 , 4  -  6 , 6  -  3 , 7  -  5 ,-
520,2025,Round of 64,roland_garros,Novak Djokovic,d643,Corentin Moutet,mw02,(6), 6  -  3 , 6  -  2 , 7  -  6 1 ,-,-
520,2025,Round of 64,roland_garros,Alexander Bublik,bk92,Alex de Minaur,dh58,, 2  -  6 , 2  -  6 , 6  -  4 , 6  -  3 , 6  -  2 
520,2025,Round of 64,roland_garros,Arthur Fils,f0f1,Jaume Munar,mu94,(14), 7  -  6 3 , 7  -  6 4 , 2  -  6 , 0  -  6 , 6  -  4 
520,2025,Round of 64,roland_garros,Andrey Rublev,re44,Adam Walton,w09e,(17), 7  -  6 1 , 6  -  1 , 7  -  6 5 ,-,-
520,2025,Round of 64,roland_garros,Henrique Rocha,r0go,Jakub Mensik,m0ni,(Q), 2  -  6 , 1  -  6 , 6  -  4 , 6  -  3 , 6  -  3 
520,2025,Round of 64,roland_garros,Jacob Fearnley,f0by,Ugo Humbert,hh26,, 6  -  3 , 4  -  4 ,-,-,-
520,2025,Round of 64,roland_garros,Jiri Lehecka,l0bv,Alejandro Davidovich Fokina,dh50,, 6  -  3 , 3  -  6 , 6  -  1 , 6  -  2 ,-
520,2025,Round of 64,roland_garros,Filip Misolic,m0jz,Denis Shapovalov,su55,(Q), 7  -  6 5 , 7  -  6 6 , 4  -  6 , 4  -  6 , 6  -  3 
520,2025,Round of 64,roland_garros,Flavio Cobolli,c0e9,Matteo Arnaldi,a0fc,, 6  -  3 , 6  -  3 , 6 6  -  7 , 6  -  1 ,-
520,2025,Round of 64,roland_garros,Joao Fonseca,f0fv,Pierre-Hugues Herbert,h996,, 7  -  6 4 , 7  -  6 4 , 6  -  4 ,-,-
520,2025,Round of 64,roland_garros,Tallon Griekspoor,gj37,Gabriel Diallo,d0f6,, 7  -  5 , 7  -  6 3 , 1  -  6 , 6  -  3 ,-
520,2025,Round of 64,roland_garros,Cameron Norrie,n771,Federico Agustin Gomez,gj16,, 7  -  6 7 , 6  -  2 , 6  -  1 ,-,-
520,2025,Round of 64,roland_garros,Ethan Quinn,q02l,Alexander Shevchenko,s0h2,(Q), 6  -  4 , 4  -  6 , 6 5  -  7 , 7  -  6 3 , 7  -  5 
520,2025,Round of 64,roland_garros,Carlos Alcaraz,a0e2,Fabian Marozsan,m0ci,(2), 6  -  1 , 4  -  6 , 6  -  1 , 6  -  2 ,-
520,2025,Round of 64,roland_garros,Nuno Borges,bt72,Casper Ruud,rh16,, 2  -  6 , 6  -  4 , 6  -  1 , 6  -  0 ,-
520,2025,Round of 64,roland_garros,Lorenzo Musetti,m0ej,Daniel Elahi Galan,ge33,(8), 6  -  4 , 6  -  0 , 6  -  4 ,-,-
520,2025,Round of 64,roland_garros,Holger Rune,r0dg,Emilio Nava,n0am,(10), 6  -  3 , 7  -  6 5 , 6  -  3 ,-,-
520,2025,Round of 64,roland_garros,Tommy Paul,pl56,Marton Fucsovics,f724,(12), 4  -  6 , 2  -  6 , 6  -  3 , 7  -  5 , 6  -  4 
520,2025,Round of 64,roland_garros,Ben Shelton,s0s1,Hugo Gaston,g09o,(13),-,-,-,-,-
520,2025,Round of 64,roland_garros,Frances Tiafoe,td51,Pablo Carreno Busta,cd85,(15), 6  -  4 , 6  -  3 , 6  -  1 ,-,-
520,2025,Round of 64,roland_garros,Matteo Gigante,g0gd,Stefanos Tsitsipas,te51,(Q), 6  -  4 , 5  -  7 , 6  -  2 , 6  -  4 ,-
520,2025,Round of 64,roland_garros,Sebastian Korda,k0ah,Jenson Brooksby,b0cd,(23), 6  -  1 , 6  -  2 , 7  -  6 2 ,-,-
520,2025,Round of 64,roland_garros,Karen Khachanov,ke29,Sebastian Ofner,o513,(24), 7  -  5 , 3  -  6 , 7  -  5 , 4  -  6 , 6  -  2 
520,2025,Round of 64,roland_garros,Alexei Popyrin,p09z,Alejandro Tabilo,te30,(25), 7  -  5 , 6  -  3 , 6  -  4 ,-,-
520,2025,Round of 64,roland_garros,Damir Dzumhur,d923,Giovanni Mpetshi Perricard,m0gz,, 7  -  6 4 , 6  -  3 , 4  -  6 , 6  -  4 ,-
520,2025,Round of 64,roland_garros,Daniel Altmaier,ae14,Vit Kopriva,ki82,, 6  -  2 , 4  -  6 , 6  -  3 , 7  -  5 ,-
520,2025,Round of 64,roland_garros,Quentin Halys,hb64,Miomir Kecmanovic,ki95,, 4  -  6 , 6  -  3 , 7  -  6 2 , 7  -  5 ,-
520,2025,Round of 64,roland_garros,Hamad Medjedovic,m0jf,Juan Manuel Cerundolo,c0c8,, 6  -  3 , 6  -  4 , 7  -  5 ,-,-
520,2025,Round of 64,roland_garros,Mariano Navone,n0bs,Reilly Opelka,o522,, 6  -  1 , 7  -  6 1 , 6  -  3 ,-,-
520,2025,Round of 128,roland_garros,Alexander Zverev,z355,Learner Tien,t0ha,(3), 6  -  3 , 6  -  3 , 6  -  4 ,-,-
520,2025,Round of 128,roland_garros,Jack Draper,d0co,Mattia Bellucci,b0gg,(5), 3  -  6 , 6  -  1 , 6  -  4 , 6  -  2 ,-
520,2025,Round of 128,roland_garros,Novak Djokovic,d643,Mackenzie McDonald,mk66,(6), 6  -  3 , 6  -  3 , 6  -  3 ,-,-
520,2025,Round of 128,roland_garros,Alex de Minaur,dh58,Laslo Djere,db63,(9), 6  -  3 , 6  -  4 , 7  -  6 6 ,-,-
520,2025,Round of 128,roland_garros,Cameron Norrie,n771,Daniil Medvedev,mm58,, 7  -  5 , 6  -  3 , 4  -  6 , 1  -  6 , 7  -  5 
520,2025,Round of 128,roland_garros,Ethan Quinn,q02l,Grigor Dimitrov,d875,(Q), 2  -  6 , 3  -  6 , 6  -  2 ,-,-
520,2025,Round of 128,roland_garros,Andrey Rublev,re44,Lloyd Harris,hg86,(17), 6  -  4 , 4  -  6 , 6  -  3 , 6  -  1 ,-
520,2025,Round of 128,roland_garros,Jakub Mensik,m0ni,Alexandre Muller,mp20,(19), 7  -  5 , 6 5  -  7 , 7  -  5 , 6  -  3 ,-
520,2025,Round of 128,roland_garros,Matteo Arnaldi,a0fc,Felix Auger-Aliassime,ag37,, 5  -  7 , 2  -  6 , 6  -  3 , 6  -  4 , 6  -  2 
520,2025,Round of 128,roland_garros,Joao Fonseca,f0fv,Hubert Hurkacz,hb71,, 6  -  2 , 6  -  4 , 6  -  2 ,-,-
520,2025,Round of 128,roland_garros,Alexander Bublik,bk92,James Duckworth,d994,, 6  -  2 , 6  -  4 , 6  -  4 ,-,-
520,2025,Round of 128,roland_garros,Flavio Cobolli,c0e9,Marin Cilic,c977,, 6  -  2 , 6  -  1 , 6  -  3 ,-,-
520,2025,Round of 128,roland_garros,Jesper de Jong,d0c1,Francesco Passaro,p0ct,, 3  -  6 , 6 7  -  7 , 6  -  4 , 7  -  6 1 , 6  -  1 
520,2025,Round of 128,roland_garros,Federico Agustin Gomez,gj16,Aleksandar Kovacevic,k0az,(LL), 4  -  6 , 6  -  4 , 6  -  4 , 6  -  1 ,-
520,2025,Round of 128,roland_garros,Pierre-Hugues Herbert,h996,Benjamin Bonzi,bm95,(WC), 7  -  5 , 3  -  6 , 4  -  6 , 7  -  5 , 6  -  2 
520,2025,Round of 128,roland_garros,Gael Monfils,mc65,Hugo Dellien,da31,, 4  -  6 , 3  -  6 , 6  -  1 , 7  -  6 4 , 6  -  1 
520,2025,Round of 128,roland_garros,Corentin Moutet,mw02,Clement Tabur,t09x,, 6  -  3 , 7  -  6 6 , 6  -  3 ,-,-
520,2025,Round of 128,roland_garros,Henrique Rocha,r0go,Nikoloz Basilashvili,bg23,(Q), 7  -  6 0 , 2  -  6 , 7  -  6 9 , 2  -  6 , 6  -  2 
520,2025,Round of 128,roland_garros,Alexander Shevchenko,s0h2,Dusan Lajovic,l987,(LL), 6  -  2 , 6  -  4 , 7  -  6 4 ,-,-
520,2025,Round of 128,roland_garros,Adam Walton,w09e,Maximilian Marterer,mn13,, 7  -  6 3 , 4  -  6 , 6  -  3 , 2  -  6 , 6  -  2 
520,2025,Round of 128,roland_garros,Jannik Sinner,s0ag,Arthur Rinderknech,rc91,(1), 6  -  4 , 6  -  3 , 7  -  5 ,-,-
520,2025,Round of 128,roland_garros,Carlos Alcaraz,a0e2,Giulio Zeppieri,z0a1,(2), 6  -  3 , 6  -  4 , 6  -  2 ,-,-
520,2025,Round of 128,roland_garros,Daniel Altmaier,ae14,Taylor Fritz,fb98,, 7  -  5 , 3  -  6 , 6  -  3 , 6  -  1 ,-
520,2025,Round of 128,roland_garros,Casper Ruud,rh16,Albert Ramos-Vinolas,r772,(7), 6  -  3 , 6  -  4 , 6  -  2 ,-,-
520,2025,Round of 128,roland_garros,Holger Rune,r0dg,Roberto Bautista Agut,bd06,(10), 6 4  -  7 , 6  -  4 , 6  -  3 , 6  -  2 ,-
520,2025,Round of 128,roland_garros,Arthur Fils,f0f1,Nicolas Jarry,j551,(14), 6  -  3 , 6  -  4 , 6 6  -  7 , 6  -  3 ,-
520,2025,Round of 128,roland_garros,Gabriel Diallo,d0f6,Francisco Cerundolo,c0au,, 7  -  5 , 6  -  3 , 6  -  4 ,-,-
520,2025,Round of 128,roland_garros,Stefanos Tsitsipas,te51,Tomas Martin Etcheverry,ea24,(20), 7  -  5 , 6  -  3 , 6  -  4 ,-,-
520,2025,Round of 128,roland_garros,Ugo Humbert,hh26,Christopher O'Connell,o483,(22), 7  -  5 , 6  -  3 , 7  -  6 3 ,-,-
520,2025,Round of 128,roland_garros,Sebastian Korda,k0ah,Luciano Darderi,d0fj,(23), 6  -  2 , 4  -  6 , 6  -  3 , 6  -  2 ,-
520,2025,Round of 128,roland_garros,Karen Khachanov,ke29,Aleksandar Vukic,v832,(24), 6  -  4 , 6  -  4 , 6  -  4 ,-,-
520,2025,Round of 128,roland_garros,Alexei Popyrin,p09z,Yoshihito Nishioka,n732,(25), 7  -  5 , 6  -  4 , 1  -  2 ,-,-
520,2025,Round of 128,roland_garros,Alejandro Davidovich Fokina,dh50,Pablo Llamas Ruiz,l0cx,(26), 6  -  3 , 6  -  2 , 6 4  -  7 , 6  -  3 ,-
520,2025,Round of 128,roland_garros,Denis Shapovalov,su55,Pedro Martinez,mo44,(27), 6  -  2 , 6  -  0 , 6  -  3 ,-,-
520,2025,Round of 128,roland_garros,Jacob Fearnley,f0by,Stan Wawrinka,w367,, 7  -  6 6 , 6  -  3 , 6  -  2 ,-,-
520,2025,Round of 128,roland_garros,Richard Gasquet,g628,Terence Atmane,a0gc,(WC), 6  -  2 , 2  -  6 , 6  -  3 , 6  -  0 ,-
520,2025,Round of 128,roland_garros,Hugo Gaston,g09o,Ugo Blanchet,bv16,, 2  -  6 , 6  -  0 , 2  -  6 , 6  -  3 , 6  -  4 
520,2025,Round of 128,roland_garros,Tallon Griekspoor,gj37,Marcos Giron,gc88,, 4  -  6 , 6  -  3 , 6  -  4 , 7  -  5 ,-
520,2025,Round of 128,roland_garros,Miomir Kecmanovic,ki95,Sebastian Baez,b0bi,, 6 3  -  7 , 6 4  -  7 , 6  -  4 , 6  -  2 , 6  -  2 
520,2025,Round of 128,roland_garros,Jiri Lehecka,l0bv,Jordan Thompson,tc61,, 6  -  4 , 6  -  2 , 6  -  1 ,-,-
520,2025,Round of 128,roland_garros,Filip Misolic,m0jz,Yunchaokete Bu,y09v,(Q), 5  -  7 , 7  -  6 3 , 7  -  6 4 , 6  -  1 ,-
520,2025,Round of 128,roland_garros,Jaume Munar,mu94,Camilo Ugo Carabelli,u182,, 6  -  4 , 6  -  1 , 7  -  5 ,-,-
520,2025,Round of 128,roland_garros,Sebastian Ofner,o513,Jan-Lennard Struff,sl28,, 7  -  6 5 , 6  -  3 , 6 5  -  7 , 6  -  2 ,-
520,2025,Round of 128,roland_garros,Alejandro Tabilo,te30,Arthur Cazaux,c0h0,, 5  -  7 , 6  -  3 , 6  -  2 , 1  -  6 , 6  -  3 
520,2025,Round of 128,roland_garros,Lorenzo Musetti,m0ej,Yannick Hanfmann,h997,(8), 7  -  5 , 6  -  2 , 6  -  0 ,-,-
520,2025,Round of 128,roland_garros,Tommy Paul,pl56,Elmer Moller,m0k4,(12), 6 5  -  7 , 6  -  2 , 6  -  3 , 6  -  1 ,-
520,2025,Round of 128,roland_garros,Ben Shelton,s0s1,Lorenzo Sonego,su87,(13), 6  -  4 , 4  -  6 , 3  -  6 , 6  -  2 , 6  -  3 
520,2025,Round of 128,roland_garros,Frances Tiafoe,td51,Roman Safiullin,sx50,(15), 6  -  4 , 7  -  5 , 6  -  4 ,-,-
520,2025,Round of 128,roland_garros,Quentin Halys,hb64,Tomas Machac,m0fh,, 7  -  6 4 , 4  -  1 ,-,-,-
520,2025,Round of 128,roland_garros,Mariano Navone,n0bs,Brandon Nakashima,n0ae,, 7  -  6 2 , 4  -  6 , 6  -  1 , 6  -  2 ,-
520,2025,Round of 128,roland_garros,Giovanni Mpetshi Perricard,m0gz,Zizou Bergs,bu13,(31), 4  -  6 , 6  -  3 , 7  -  6 5 , 6  -  4 ,-
520,2025,Round of 128,roland_garros,Juan Manuel Cerundolo,c0c8,Alex Michelsen,m0qi,(Q), 6  -  3 , 6  -  2 , 6  -  4 ,-,-
520,2025,Round of 128,roland_garros,Nuno Borges,bt72,Kyrian Jacquet,j0az,, 3  -  6 , 6 3  -  7 , 6  -  4 , 6  -  3 , 6  -  3 
520,2025,Round of 128,roland_garros,Jenson Brooksby,b0cd,Jaime Faria,f0f2,, 6  -  1 , 3  -  6 , 6  -  3 , 6  -  2 ,-
520,2025,Round of 128,roland_garros,Pablo Carreno Busta,cd85,Francisco Comesana,c0df,, 6  -  2 , 7  -  6 3 , 7  -  5 ,-,-
520,2025,Round of 128,roland_garros,Damir Dzumhur,d923,Thiago Agustin Tirante,t0a1,, 3  -  6 , 6  -  4 , 6  -  3 , 7  -  5 ,-
520,2025,Round of 128,roland_garros,Marton Fucsovics,f724,Tristan Schoolkate,s0n0,, 6  -  4 , 6  -  2 , 6  -  2 ,-,-
520,2025,Round of 128,roland_garros,Daniel Elahi Galan,ge33,Valentin Royer,r0eb,(LL), 7  -  6 6 , 6  -  3 , 3  -  6 , 6 4  -  7 , 7  -  5 
520,2025,Round of 128,roland_garros,Matteo Gigante,g0gd,Benjamin Hassan,hg94,(Q), 6  -  4 , 6  -  2 , 6  -  0 ,-,-
520,2025,Round of 128,roland_garros,Vit Kopriva,ki82,Thiago Monteiro,mj08,, 6  -  4 , 6  -  3 , 4  -  6 , 6 6  -  7 , 6  -  1 
520,2025,Round of 128,roland_garros,Fabian Marozsan,m0ci,Luca Nardi,n0bg,, 6  -  2 , 6  -  3 , 7  -  6 3 ,-,-
520,2025,Round of 128,roland_garros,Hamad Medjedovic,m0jf,Kamil Majchrzak,mq75,, 6  -  3 , 6  -  3 , 7  -  6 2 ,-,-
520,2025,Round of 128,roland_garros,Emilio Nava,n0am,Botic van de Zandschulp,v812,(WC), 6  -  2 , 7  -  5 , 7  -  5 ,-,-
520,2025,Round of 128,roland_garros,Reilly Opelka,o522,Rinky Hijikata,h0bh,, 1  -  6 , 6  -  3 , 7  -  5 , 7  -  6 3 ,-
520,2025,3rd Round Qualifying,roland_garros,Filip Misolic,m0jz,Alexander Shevchenko,s0h2,, 6  -  4 , 6  -  4 ,-,-,-
520,2025,3rd Round Qualifying,roland_garros,Lloyd Harris,hg86,Marin Cilic,c977,, 6  -  3 , 4  -  6 , 6  -  3 ,-,-
520,2025,3rd Round Qualifying,roland_garros,Juan Manuel Cerundolo,c0c8,Daniel Elahi Galan,ge33,(12), 6  -  4 , 6  -  2 ,-,-,-
520,2025,3rd Round Qualifying,roland_garros,Yannick Hanfmann,h997,Titouan Droguet,d0dw,(19), 6  -  4 , 3  -  6 , 6  -  3 ,-,-
520,2025,3rd Round Qualifying,roland_garros,Giulio Zeppieri,z0a1,Federico Agustin Gomez,gj16,, 6  -  1 , 6  -  4 ,-,-,-
520,2025,3rd Round Qualifying,roland_garros,Nikoloz Basilashvili,bg23,Geoffrey Blancaneaux,bu54,, 6  -  2 , 6  -  4 ,-,-,-
520,2025,3rd Round Qualifying,roland_garros,Ugo Blanchet,bv16,Lukas Klein,ki63,, 6  -  4 , 7  -  5 ,-,-,-
520,2025,3rd Round Qualifying,roland_garros,Benjamin Hassan,hg94,James Trotter,t0bw,, 6  -  2 , 7  -  6 5 ,-,-,-
520,2025,3rd Round Qualifying,roland_garros,Maximilian Marterer,mn13,Federico Arnaboldi,a0ba,, 6  -  4 , 6  -  1 ,-,-,-
520,2025,3rd Round Qualifying,roland_garros,Henrique Rocha,r0go,Luca Van Assche,v0dz,, 6  -  3 , 6 1  -  7 , 7  -  5 ,-,-
520,2025,3rd Round Qualifying,roland_garros,Clement Tabur,t09x,Filip Cristian Jianu,j09x,(WC), 6  -  4 , 7  -  5 ,-,-,-
520,2025,3rd Round Qualifying,roland_garros,Matteo Gigante,g0gd,Elmer Moller,m0k4,, 6  -  3 , 7  -  6 5 ,-,-,-
520,2025,3rd Round Qualifying,roland_garros,Ethan Quinn,q02l,Thiago Agustin Tirante,t0a1,(11), 6  -  3 , 4  -  6 , 7  -  6 5 ,-,-
520,2025,3rd Round Qualifying,roland_garros,Kyrian Jacquet,j0az,Jurij Rodionov,r09x,, 6  -  2 , 6  -  2 ,-,-,-
520,2025,3rd Round Qualifying,roland_garros,Pablo Llamas Ruiz,l0cx,Vilius Gaubas,g0fw,, 6  -  0 , 3  -  6 , 6  -  2 ,-,-
520,2025,3rd Round Qualifying,roland_garros,Albert Ramos-Vinolas,r772,Andrea Collarini,cc66,, 6  -  2 , 6  -  1 ,-,-,-
520,2025,2nd Round Qualifying,roland_garros,Marin Cilic,c977,Pol Martin Tiffon,m0ea,(8), 6  -  4 , 6  -  3 ,-,-,-
520,2025,2nd Round Qualifying,roland_garros,Juan Manuel Cerundolo,c0c8,Hady Habib,hf80,(12), 6  -  4 , 6 4  -  7 , 6  -  3 ,-,-
520,2025,2nd Round Qualifying,roland_garros,Henrique Rocha,r0go,Tomas Barrios Vera,bs86,, 7  -  6 1 , 6  -  3 ,-,-,-
520,2025,2nd Round Qualifying,roland_garros,Giulio Zeppieri,z0a1,Eliot Spizzirri,s0ja,, 6  -  2 , 6  -  3 ,-,-,-
520,2025,2nd Round Qualifying,roland_garros,Daniel Elahi Galan,ge33,Dmitry Popko,pg20,(18), 6  -  1 , 6  -  2 ,-,-,-
520,2025,2nd Round Qualifying,roland_garros,Yannick Hanfmann,h997,Matteo Martineau,mw76,(19), 6  -  4 , 6  -  4 ,-,-,-
520,2025,2nd Round Qualifying,roland_garros,Lloyd Harris,hg86,Otto Virtanen,v0am,, 6  -  4 , 7  -  5 ,-,-,-
520,2025,2nd Round Qualifying,roland_garros,Federico Agustin Gomez,gj16,Martin Landaluce,l0il,(29), 6  -  0 , 6 5  -  7 , 6  -  3 ,-,-
520,2025,2nd Round Qualifying,roland_garros,Maximilian Marterer,mn13,Federico Coria,ce77,,-,-,-,-,-
520,2025,2nd Round Qualifying,roland_garros,Nikoloz Basilashvili,bg23,Valentin Vacherot,va25,, 7  -  6 3 , 6  -  3 ,-,-,-
520,2025,2nd Round Qualifying,roland_garros,Ugo Blanchet,bv16,Cristian Garin,gd64,, 7  -  6 5 , 7  -  6 5 ,-,-,-
520,2025,2nd Round Qualifying,roland_garros,Titouan Droguet,d0dw,Arthur Gea,g0ix,, 7  -  5 , 4  -  6 , 6  -  1 ,-,-
520,2025,2nd Round Qualifying,roland_garros,Filip Cristian Jianu,j09x,Henri Squire,s0ak,, 6  -  4 , 6  -  2 ,-,-,-
520,2025,2nd Round Qualifying,roland_garros,Lukas Klein,ki63,Nicolas Moreno De Alboran,mw18,, 6  -  3 , 6 3  -  7 , 6  -  4 ,-,-
520,2025,2nd Round Qualifying,roland_garros,Clement Tabur,t09x,Daniel Evans,e687,(WC), 6  -  1 , 6  -  3 ,-,-,-
520,2025,2nd Round Qualifying,roland_garros,Luca Van Assche,v0dz,Timofey Skatov,s0gr,, 6 3  -  7 , 6  -  2 , 6  -  2 ,-,-
520,2025,2nd Round Qualifying,roland_garros,Alexander Shevchenko,s0h2,Mathys Erhard,e0ac,(2), 3  -  6 , 6  -  3 , 7  -  6 5 ,-,-
520,2025,2nd Round Qualifying,roland_garros,Elmer Moller,m0k4,Kimmer Coppejans,cg33,(10), 4  -  6 , 6  -  1 , 6  -  2 ,-,-
520,2025,2nd Round Qualifying,roland_garros,Ethan Quinn,q02l,Bernard Tomic,ta46,(11), 6  -  3 , 6  -  4 ,-,-,-
520,2025,2nd Round Qualifying,roland_garros,Geoffrey Blancaneaux,bu54,Thiago Seyboth Wild,sx91,(WC), 6  -  3 , 6  -  3 ,-,-,-
520,2025,2nd Round Qualifying,roland_garros,Vilius Gaubas,g0fw,Tristan Boyer,b0ej,, 7  -  5 , 6  -  3 ,-,-,-
520,2025,2nd Round Qualifying,roland_garros,Pablo Llamas Ruiz,l0cx,Dalibor Svrcina,s0gd,, 6  -  1 , 6  -  0 ,-,-,-
520,2025,2nd Round Qualifying,roland_garros,Thiago Agustin Tirante,t0a1,August Holmgren,h09n,(24), 6  -  3 , 6  -  4 ,-,-,-
520,2025,2nd Round Qualifying,roland_garros,Albert Ramos-Vinolas,r772,Roman Andres Burruchaga,b0fv,, 6  -  4 , 7  -  6 0 ,-,-,-
520,2025,2nd Round Qualifying,roland_garros,Federico Arnaboldi,a0ba,Michael Mmoh,mp01,,-,-,-,-,-
520,2025,2nd Round Qualifying,roland_garros,Andrea Collarini,cc66,Alvaro Guillen Meza,g0dh,, 6  -  3 , 7  -  6 4 ,-,-,-
520,2025,2nd Round Qualifying,roland_garros,Matteo Gigante,g0gd,Zachary Svajda,s0k7,, 6  -  4 , 6  -  4 ,-,-,-
520,2025,2nd Round Qualifying,roland_garros,Benjamin Hassan,hg94,Sascha Gueymard Wayenburg,g0gw,, 6  -  4 , 6  -  4 ,-,-,-
520,2025,2nd Round Qualifying,roland_garros,Kyrian Jacquet,j0az,Stefano Napolitano,sr:competitor:42152,, 6  -  3 , 2  -  6 , 6  -  0 ,-,-
520,2025,2nd Round Qualifying,roland_garros,Filip Misolic,m0jz,Lukas Neumayer,n0cs,, 7  -  6 5 , 7  -  5 ,-,-,-
520,2025,2nd Round Qualifying,roland_garros,Jurij Rodionov,r09x,Sumit Nagal,n897,, 6  -  2 , 6  -  4 ,-,-,-
520,2025,2nd Round Qualifying,roland_garros,James Trotter,t0bw,Jason Kubler,kb95,, 7  -  6 6 , 3  -  6 , 6  -  3 ,-,-
520,2025,1st Round Qualifying,roland_garros,Titouan Droguet,d0dw,Borna Coric,cg80,, 5  -  7 , 7  -  6 9 , 6  -  2 ,-,-
520,2025,1st Round Qualifying,roland_garros,Federico Arnaboldi,a0ba,Chun-Hsin Tseng,t0ap,, 6  -  3 , 3  -  6 , 6  -  3 ,-,-
520,2025,1st Round Qualifying,roland_garros,Daniel Evans,e687,Billy Harris,hd68,, 7  -  5 , 6  -  3 ,-,-,-
520,2025,1st Round Qualifying,roland_garros,Marin Cilic,c977,Yibing Wu,wb32,(8), 6  -  2 , 6  -  3 ,-,-,-
520,2025,1st Round Qualifying,roland_garros,Jurij Rodionov,r09x,Christopher Eubanks,e865,, 7  -  6 4 , 6  -  3 ,-,-,-
520,2025,1st Round Qualifying,roland_garros,Juan Manuel Cerundolo,c0c8,Gauthier Onclin,o0a2,(12), 7  -  6 4 , 6  -  4 ,-,-,-
520,2025,1st Round Qualifying,roland_garros,Tomas Barrios Vera,bs86,Luka Pavlovic,p0ay,(13), 6  -  4 , 6  -  3 ,-,-,-
520,2025,1st Round Qualifying,roland_garros,Thiago Seyboth Wild,sx91,Yasutaka Uchiyama,u134,(14), 6  -  3 , 6  -  3 ,-,-,-
520,2025,1st Round Qualifying,roland_garros,Eliot Spizzirri,s0ja,Hugo Grenier,gf95,(15), 7  -  6 6 , 4  -  6 , 7  -  6 6 ,-,-
520,2025,1st Round Qualifying,roland_garros,Henri Squire,s0ak,Felipe Meligeni Alves,mw75,, 3  -  6 , 6  -  1 , 6  -  4 ,-,-
520,2025,1st Round Qualifying,roland_garros,Daniel Elahi Galan,ge33,Omar Jasika,j553,(18), 6  -  3 , 4  -  6 , 6  -  1 ,-,-
520,2025,1st Round Qualifying,roland_garros,Luca Van Assche,v0dz,Adrian Mannarino,me82,, 6  -  3 , 7  -  5 ,-,-,-
520,2025,1st Round Qualifying,roland_garros,Otto Virtanen,v0am,Antoine Escoffier,e768,(23), 7  -  6 3 , 6  -  3 ,-,-,-
520,2025,1st Round Qualifying,roland_garros,Valentin Vacherot,va25,Carlos Taberner,te16,, 6  -  2 , 6  -  4 ,-,-,-
520,2025,1st Round Qualifying,roland_garros,Filip Misolic,m0jz,Liam Draxl,d0dp,, 6  -  2 , 6  -  2 ,-,-,-
520,2025,1st Round Qualifying,roland_garros,Cristian Garin,gd64,Harold Mayot,m0g4,, 6  -  3 , 6  -  4 ,-,-,-
520,2025,1st Round Qualifying,roland_garros,Nikoloz Basilashvili,bg23,Gijs Brouwer,bo10,, 6  -  3 , 6  -  2 ,-,-,-
520,2025,1st Round Qualifying,roland_garros,Geoffrey Blancaneaux,bu54,Mikhail Kukushkin,k926,(WC), 6  -  1 , 6  -  1 ,-,-,-
520,2025,1st Round Qualifying,roland_garros,Ugo Blanchet,bv16,Chris Rodesch,r0e0,, 7  -  6 5 , 6  -  4 ,-,-,-
520,2025,1st Round Qualifying,roland_garros,Arthur Gea,g0ix,Alexander Blockx,b0pg,(WC), 4  -  6 , 6  -  4 , 6  -  3 ,-,-
520,2025,1st Round Qualifying,roland_garros,Hady Habib,hf80,Facundo Mena,mj98,, 6 1  -  7 , 7  -  6 5 , 6  -  1 ,-,-
520,2025,1st Round Qualifying,roland_garros,Lloyd Harris,hg86,Marc-Andrea Huesler,hh06,, 6  -  4 , 6  -  2 ,-,-,-
520,2025,1st Round Qualifying,roland_garros,Filip Cristian Jianu,j09x,Jozef Kovalik,kc04,, 2  -  6 , 7  -  6 4 , 6  -  4 ,-,-
520,2025,1st Round Qualifying,roland_garros,Pol Martin Tiffon,m0ea,Moise Kouame,k0o4,, 2  -  6 , 6  -  4 , 6  -  3 ,-,-
520,2025,1st Round Qualifying,roland_garros,Michael Mmoh,mp01,Calvin Hemery,hb48,, 6 3  -  7 , 7  -  5 , 6  -  3 ,-,-
520,2025,1st Round Qualifying,roland_garros,Sumit Nagal,n897,Mitchell Krueger,kc12,, 6  -  1 , 6  -  1 ,-,-,-
520,2025,1st Round Qualifying,roland_garros,Lukas Neumayer,n0cs,Marco Trungelliti,ta29,, 6  -  3 , 6  -  3 ,-,-,-
520,2025,1st Round Qualifying,roland_garros,Dmitry Popko,pg20,Aziz Dougaz,df88,, 7  -  6 4 , 3  -  6 , 7  -  6 7 ,-,-
520,2025,1st Round Qualifying,roland_garros,Henrique Rocha,r0go,Robin Bertrand,b0jj,, 7  -  6 5 , 6  -  2 ,-,-,-
520,2025,1st Round Qualifying,roland_garros,Timofey Skatov,s0gr,Alibek Kachmazov,k0e6,, 6  -  3 , 6  -  4 ,-,-,-
520,2025,1st Round Qualifying,roland_garros,Clement Tabur,t09x,Li Tu,tc01,(WC), 3  -  6 , 6  -  3 , 7  -  5 ,-,-
520,2025,1st Round Qualifying,roland_garros,Giulio Zeppieri,z0a1,Jan Choinski,ch12,, 6  -  4 , 7  -  6 5 ,-,-,-
520,2025,1st Round Qualifying,roland_garros,Alexander Shevchenko,s0h2,Shintaro Mochizuki,m0hu,(2), 6 2  -  7 , 6  -  2 , 6  -  4 ,-,-
520,2025,1st Round Qualifying,roland_garros,Andrea Collarini,cc66,Nishesh Basavareddy,b0nn,, 7  -  5 , 5  -  7 , 6  -  4 ,-,-
520,2025,1st Round Qualifying,roland_garros,James Trotter,t0bw,Brandon Holt,h09p,, 6  -  1 , 6  -  4 ,-,-,-
520,2025,1st Round Qualifying,roland_garros,Nicolas Moreno De Alboran,mw18,Fabio Fognini,f510,, 6  -  3 , 6  -  2 ,-,-,-
520,2025,1st Round Qualifying,roland_garros,Elmer Moller,m0k4,Facundo Bagnis,bf23,(10), 6  -  4 , 7  -  5 ,-,-,-
520,2025,1st Round Qualifying,roland_garros,Ethan Quinn,q02l,Mark Lajal,l0gh,(11), 7  -  5 , 7  -  5 ,-,-,-
520,2025,1st Round Qualifying,roland_garros,Tristan Boyer,b0ej,Daniel Rincon,r0fp,(16), 7  -  6 5 , 6  -  4 ,-,-,-
520,2025,1st Round Qualifying,roland_garros,Yannick Hanfmann,h997,Ignacio Buse,b0id,(19), 6  -  2 , 4  -  6 , 6  -  3 ,-,-
520,2025,1st Round Qualifying,roland_garros,Matteo Gigante,g0gd,Jerome Kym,k0ep,, 6  -  3 , 3  -  6 , 6  -  3 ,-,-
520,2025,1st Round Qualifying,roland_garros,Dalibor Svrcina,s0gd,Gregoire Barrere,bk24,(22), 6  -  2 , 6  -  4 ,-,-,-
520,2025,1st Round Qualifying,roland_garros,Thiago Agustin Tirante,t0a1,Juan Pablo Ficovich,fa43,(24), 6  -  2 , 6  -  2 ,-,-,-
520,2025,1st Round Qualifying,roland_garros,Roman Andres Burruchaga,b0fv,Constant Lestienne,lb66,(25), 6  -  3 , 7  -  6 6 ,-,-,-
520,2025,1st Round Qualifying,roland_garros,Benjamin Hassan,hg94,Pavel Kotov,k09f,, 7  -  6 3 , 7  -  5 ,-,-,-
520,2025,1st Round Qualifying,roland_garros,Kyrian Jacquet,j0az,Taro Daniel,da81,, 6  -  1 , 6  -  4 ,-,-,-
520,2025,1st Round Qualifying,roland_garros,Federico Agustin Gomez,gj16,Mae Malige,m0to,(29), 6  -  3 , 6  -  3 ,-,-,-
520,2025,1st Round Qualifying,roland_garros,Federico Coria,ce77,Arthur Bouquier,b0er,(30), 7  -  5 , 3  -  6 , 6  -  3 ,-,-
520,2025,1st Round Qualifying,roland_garros,Kimmer Coppejans,cg33,Yuta Shimizu,s0aq,, 6  -  3 , 6  -  1 ,-,-,-
520,2025,1st Round Qualifying,roland_garros,Mathys Erhard,e0ac,James McCabe,m0oq,(WC), 6  -  1 , 6  -  1 ,-,-,-
520,2025,1st Round Qualifying,roland_garros,Vilius Gaubas,g0fw,Duje Ajdukovic,a0cj,, 6 4  -  7 , 6  -  4 , 6  -  4 ,-,-
520,2025,1st Round Qualifying,roland_garros,Sascha Gueymard Wayenburg,g0gw,Tim van Rijthoven,v942,(WC), 7  -  6 4 , 6  -  0 ,-,-,-
520,2025,1st Round Qualifying,roland_garros,Alvaro Guillen Meza,g0dh,Rodrigo Pacheco Mendez,p0j1,, 6  -  4 , 6  -  3 ,-,-,-
520,2025,1st Round Qualifying,roland_garros,August Holmgren,h09n,Murphy Cassone,c0ht,, 6  -  2 , 6  -  3 ,-,-,-
520,2025,1st Round Qualifying,roland_garros,Lukas Klein,ki63,Guy Den Ouden,d0h9,, 7  -  6 3 , 3  -  6 , 6  -  4 ,-,-
520,2025,1st Round Qualifying,roland_garros,Jason Kubler,kb95,Alejandro Moro Canas,m0ht,, 6  -  4 , 3  -  6 , 6  -  2 ,-,-
520,2025,1st Round Qualifying,roland_garros,Martin Landaluce,l0il,Murkel Dellien,dc48,, 6  -  4 , 3  -  6 , 7  -  6 8 ,-,-
520,2025,1st Round Qualifying,roland_garros,Pablo Llamas Ruiz,l0cx,Alex Bolt,bi81,, 4  -  6 , 6  -  4 , 7  -  5 ,-,-
520,2025,1st Round Qualifying,roland_garros,Maximilian Marterer,mn13,Edas Butvilas,b0mm,, 6  -  3 , 7  -  6 5 ,-,-,-
520,2025,1st Round Qualifying,roland_garros,Matteo Martineau,mw76,Alexis Galarneau,gk06,(WC), 7  -  6 5 , 2  -  6 , 6  -  3 ,-,-
520,2025,1st Round Qualifying,roland_garros,Stefano Napolitano,sr:competitor:42152,Colton Smith,s0ze,, 6  -  4 , 4  -  6 , 6  -  2 ,-,-
520,2025,1st Round Qualifying,roland_garros,Albert Ramos-Vinolas,r772,Khumoyun Sultanov,sr81,, 6  -  1 , 6  -  1 ,-,-,-
520,2025,1st Round Qualifying,roland_garros,Zachary Svajda,s0k7,Beibit Zhukayev,z09z,, 7  -  5 , 6  -  3 ,-,-,-
520,2025,1st Round Qualifying,roland_garros,Bernard Tomic,ta46,Coleman Wong,w0bh,, 7  -  6 2 , 6  -  3 ,-,-,-
321,2025,Final,boss_open,Taylor Fritz,fb98,Alexander Zverev,z355,01:25:29, 6  -  3 , 7  -  6 0 ,-,-,-
321,2025,Semifinals,boss_open,Alexander Zverev,z355,Ben Shelton,s0s1,02:01:37, 7  -  6 8 , 7  -  6 1 ,-,-,-
321,2025,Semifinals,boss_open,Taylor Fritz,fb98,Felix Auger-Aliassime,ag37,01:28:17, 6  -  4 , 7  -  6 5 ,-,-,-
321,2025,Quarterfinals,boss_open,Alexander Zverev,z355,Brandon Nakashima,n0ae,01:30:59, 7  -  5 , 6  -  4 ,-,-,-
321,2025,Quarterfinals,boss_open,Taylor Fritz,fb98,Marton Fucsovics,f724,01:15:44, 6  -  3 , 6  -  4 ,-,-,-
321,2025,Quarterfinals,boss_open,Ben Shelton,s0s1,Jiri Lehecka,l0bv,01:00:35, 6  -  4 , 6  -  4 ,-,-,-
321,2025,Quarterfinals,boss_open,Felix Auger-Aliassime,ag37,Justin Engel,e0dd,01:38:32, 7  -  6 3 , 6  -  3 ,-,-,-
321,2025,Round of 16,boss_open,Alexander Zverev,z355,Corentin Moutet,mw02,01:51:01, 6  -  2 , 7  -  6 7 ,-,-,-
321,2025,Round of 16,boss_open,Felix Auger-Aliassime,ag37,Giovanni Mpetshi Perricard,m0gz,01:17:24, 6  -  4 , 6  -  4 ,-,-,-
321,2025,Round of 16,boss_open,Brandon Nakashima,n0ae,Learner Tien,t0ha,01:30:35, 7  -  6 5 , 6  -  3 ,-,-,-
321,2025,Round of 16,boss_open,Justin Engel,e0dd,Alex Michelsen,m0qi,01:17:10, 6  -  4 , 6  -  4 ,-,-,-
321,2025,Round of 16,boss_open,Taylor Fritz,fb98,Quentin Halys,hb64,01:23:01, 6  -  3 , 7  -  6 6 ,-,-,-
321,2025,Round of 16,boss_open,Ben Shelton,s0s1,Pierre-Hugues Herbert,h996,01:50:18, 7  -  6 4 , 7  -  5 ,-,-,-
321,2025,Round of 16,boss_open,Jiri Lehecka,l0bv,Jan-Lennard Struff,sl28,01:26:36, 6  -  4 , 7  -  5 ,-,-,-
321,2025,Round of 16,boss_open,Marton Fucsovics,f724,Arthur Rinderknech,rc91,01:31:31, 7  -  6 4 , 6  -  3 ,-,-,-
321,2025,Round of 32,boss_open,Arthur Rinderknech,rc91,Denis Shapovalov,su55,01:42:11, 6  -  4 , 2  -  6 , 6  -  0 ,-,-
321,2025,Round of 32,boss_open,Alex Michelsen,m0qi,Gael Monfils,mc65,01:45:12, 6  -  4 , 4  -  6 , 6  -  3 ,-,-
321,2025,Round of 32,boss_open,Justin Engel,e0dd,James Duckworth,d994,02:29:46, 4  -  6 , 6  -  4 , 7  -  6 5 ,-,-
321,2025,Round of 32,boss_open,Marton Fucsovics,f724,Yannick Hanfmann,h997,01:35:35, 7  -  5 , 6  -  4 ,-,-,-
321,2025,Round of 32,boss_open,Quentin Halys,hb64,Lorenzo Sonego,su87,02:40:18, 6 6  -  7 , 7  -  5 , 6  -  4 ,-,-
321,2025,Round of 32,boss_open,Pierre-Hugues Herbert,h996,Damir Dzumhur,d923,00:54:55, 6  -  4 , 3  -  0 ,-,-,-
321,2025,Round of 32,boss_open,Corentin Moutet,mw02,Fabio Fognini,f510,02:11:19, 6  -  4 , 6 3  -  7 , 6  -  3 ,-,-
321,2025,Round of 32,boss_open,Learner Tien,t0ha,Yoshihito Nishioka,n732,01:45:26, 6 3  -  7 , 7  -  6 3 ,-,-,-
321,2025,Round of 32,boss_open,Brandon Nakashima,n0ae,Jacob Fearnley,f0by,01:53:41, 4  -  6 , 7  -  6 4 , 6  -  1 ,-,-
321,2025,Round of 32,boss_open,Jiri Lehecka,l0bv,Benjamin Bonzi,bm95,01:15:50, 6  -  4 , 6  -  4 ,-,-,-
321,2025,Round of 32,boss_open,Giovanni Mpetshi Perricard,m0gz,Roman Safiullin,sx50,02:15:36, 7  -  6 10 , 3  -  6 , 7  -  5 ,-,-
321,2025,Round of 32,boss_open,Jan-Lennard Struff,sl28,Matteo Arnaldi,a0fc,01:13:35, 6  -  4 , 6  -  4 ,-,-,-
321,2025,2nd Round Qualifying,boss_open,James Duckworth,d994,Nikoloz Basilashvili,bg23,02:09:28, 6 4  -  7 , 7  -  6 5 , 6  -  3 ,-,-
321,2025,2nd Round Qualifying,boss_open,Yannick Hanfmann,h997,Tristan Boyer,b0ej,02:12:58, 7  -  6 12 , 6  -  4 ,-,-,-
321,2025,2nd Round Qualifying,boss_open,Marton Fucsovics,f724,Beibit Zhukayev,z09z,01:41:39, 6 5  -  7 , 6  -  3 , 6  -  2 ,-,-
321,2025,2nd Round Qualifying,boss_open,Pierre-Hugues Herbert,h996,Li Tu,tc01,02:00:48, 6  -  3 , 6 2  -  7 , 6  -  1 ,-,-
321,2025,1st Round Qualifying,boss_open,Beibit Zhukayev,z09z,Marc-Andrea Huesler,hh06,01:40:17, 6  -  3 , 5  -  7 , 6  -  4 ,-,-
321,2025,1st Round Qualifying,boss_open,James Duckworth,d994,Benjamin Hassan,hg94,01:40:46, 6  -  3 , 7  -  6 4 ,-,-,-
321,2025,1st Round Qualifying,boss_open,Li Tu,tc01,Eliot Spizzirri,s0ja,01:15:19, 6  -  4 , 7  -  5 ,-,-,-
321,2025,1st Round Qualifying,boss_open,Tristan Boyer,b0ej,Duje Ajdukovic,a0cj,02:48:57, 6 5  -  7 , 7  -  6 7 , 7  -  6 5 ,-,-
321,2025,1st Round Qualifying,boss_open,Marton Fucsovics,f724,Patrick Zahraj,z09f,02:42:36, 6  -  4 , 6 2  -  7 , 7  -  5 ,-,-
321,2025,1st Round Qualifying,boss_open,Nikoloz Basilashvili,bg23,Hugo Grenier,gf95,02:04:22, 2  -  6 , 7  -  6 11 , 6  -  2 ,-,-
321,2025,1st Round Qualifying,boss_open,Yannick Hanfmann,h997,Max Wiskandt,w0bb,01:07:14, 6  -  4 , 6  -  2 ,-,-,-
321,2025,1st Round Qualifying,boss_open,Pierre-Hugues Herbert,h996,Maximilian Marterer,mn13,00:53:03, 6  -  1 , 6  -  1 ,-,-,-
440,2025,Final,libema_open,Gabriel Diallo,d0f6,Zizou Bergs,bu13,01:58:07, 7  -  5 , 7  -  6 8 ,-,-,-
440,2025,Semifinals,libema_open,Gabriel Diallo,d0f6,Ugo Humbert,hh26,01:44:38, 6  -  3 , 7  -  6 4 ,-,-,-
440,2025,Semifinals,libema_open,Zizou Bergs,bu13,Reilly Opelka,o522,01:08:17, 6  -  1 , 6  -  4 ,-,-,-
440,2025,Quarterfinals,libema_open,Reilly Opelka,o522,Daniil Medvedev,mm58,01:36:43, 7  -  6 5 , 7  -  6 5 ,-,-,-
440,2025,Quarterfinals,libema_open,Ugo Humbert,hh26,Nuno Borges,bt72,01:08:04, 6  -  1 , 6  -  4 ,-,-,-
440,2025,Quarterfinals,libema_open,Gabriel Diallo,d0f6,Karen Khachanov,ke29,01:52:03, 7  -  6 6 , 6  -  4 ,-,-,-
440,2025,Quarterfinals,libema_open,Zizou Bergs,bu13,Mark Lajal,l0gh,02:27:30, 7  -  6 2 , 7  -  6 4 ,-,-,-
440,2025,Round of 16,libema_open,Daniil Medvedev,mm58,Adrian Mannarino,me82,02:05:45, 7  -  6 6 , 6  -  4 ,-,-,-
440,2025,Round of 16,libema_open,Ugo Humbert,hh26,Daniel Evans,e687,01:40:42, 7  -  5 , 6  -  3 ,-,-,-
440,2025,Round of 16,libema_open,Zizou Bergs,bu13,Alexei Popyrin,p09z,03:02:24, 6 3  -  7 , 6  -  2 , 7  -  6 3 ,-,-
440,2025,Round of 16,libema_open,Mark Lajal,l0gh,Hubert Hurkacz,hb71,(Q),-,-,-,-,-
440,2025,Round of 16,libema_open,Reilly Opelka,o522,Nicolas Jarry,j551,01:19:46, 7  -  6 5 , 6  -  3 ,-,-,-
440,2025,Round of 16,libema_open,Karen Khachanov,ke29,Mackenzie McDonald,mk66,02:31:21, 6  -  3 , 5  -  7 , 7  -  6 4 ,-,-
440,2025,Round of 16,libema_open,Gabriel Diallo,d0f6,Jordan Thompson,tc61,02:08:16, 4  -  6 , 6  -  1 , 7  -  5 ,-,-
440,2025,Round of 16,libema_open,Nuno Borges,bt72,Otto Virtanen,v0am,,-,-,-,-,-
440,2025,Round of 32,libema_open,Hubert Hurkacz,hb71,Roberto Bautista Agut,bd06,01:38:39, 7  -  6 2 , 6  -  4 ,-,-,-
440,2025,Round of 32,libema_open,Daniel Evans,e687,Rinky Hijikata,h0bh,02:15:14, 3  -  6 , 6  -  4 , 6  -  3 ,-,-
440,2025,Round of 32,libema_open,Mark Lajal,l0gh,Laslo Djere,db63,01:18:17, 6  -  2 , 6  -  4 ,-,-,-
440,2025,Round of 32,libema_open,Adrian Mannarino,me82,Christopher O'Connell,o483,01:28:09, 6  -  1 , 6  -  3 ,-,-,-
440,2025,Round of 32,libema_open,Zizou Bergs,bu13,Alexander Blockx,b0pg,02:49:20, 6  -  3 , 1  -  6 , 7  -  6 3 ,-,-
440,2025,Round of 32,libema_open,Mackenzie McDonald,mk66,Mattia Bellucci,b0gg,02:41:00, 6  -  1 , 6 4  -  7 , 6  -  3 ,-,-
440,2025,Round of 32,libema_open,Reilly Opelka,o522,Jesper de Jong,d0c1,02:43:16, 6 5  -  7 , 7  -  6 5 , 6  -  2 ,-,-
440,2025,Round of 32,libema_open,Otto Virtanen,v0am,Tomas Martin Etcheverry,ea24,02:23:29, 7  -  6 6 , 7  -  5 ,-,-,-
440,2025,Round of 32,libema_open,Jordan Thompson,tc61,Aleksandar Kovacevic,k0az,01:20:08, 6  -  4 , 6  -  4 ,-,-,-
440,2025,Round of 32,libema_open,Nuno Borges,bt72,Nishesh Basavareddy,b0nn,01:13:22, 7  -  6 2 , 6  -  2 ,-,-,-
440,2025,Round of 32,libema_open,Nicolas Jarry,j551,Luciano Darderi,d0fj,02:30:13, 5  -  7 , 6  -  4 , 7  -  6 3 ,-,-
440,2025,Round of 32,libema_open,Gabriel Diallo,d0f6,Aleksandar Vukic,v832,01:32:04, 7  -  5 , 7  -  6 2 ,-,-,-
440,2025,2nd Round Qualifying,libema_open,Mark Lajal,l0gh,Reilly Opelka,o522,01:15:17, 7  -  6 3 , 6  -  3 ,-,-,-
440,2025,2nd Round Qualifying,libema_open,Mackenzie McDonald,mk66,Thijs Boogaard,b0t6,01:22:40, 7  -  6 4 , 6  -  1 ,-,-,-
440,2025,2nd Round Qualifying,libema_open,Alexander Blockx,b0pg,Adrian Mannarino,me82,02:21:03, 6  -  3 , 3  -  6 , 7  -  6 6 ,-,-
440,2025,2nd Round Qualifying,libema_open,Daniel Evans,e687,Mees Rottgering,r0kd,02:40:24, 6  -  3 , 6 5  -  7 , 6  -  2 ,-,-
440,2025,1st Round Qualifying,libema_open,Reilly Opelka,o522,Denis Yevseyev,y171,01:27:35, 6  -  1 , 7  -  6 6 ,-,-,-
440,2025,1st Round Qualifying,libema_open,Mackenzie McDonald,mk66,Ryan Peniston,ph78,01:17:20, 6  -  3 , 6  -  3 ,-,-,-
440,2025,1st Round Qualifying,libema_open,Adrian Mannarino,me82,Daniel Dutra da Silva,sg56,00:49:56, 6  -  1 , 6  -  1 ,-,-,-
440,2025,1st Round Qualifying,libema_open,Alexander Blockx,b0pg,Max Houkes,h0cx,00:54:16, 6  -  2 , 6  -  0 ,-,-,-
440,2025,1st Round Qualifying,libema_open,Thijs Boogaard,b0t6,James McCabe,m0oq,02:39:38, 7  -  6 3 , 4  -  6 , 7  -  6 4 ,-,-
440,2025,1st Round Qualifying,libema_open,Mark Lajal,l0gh,Corentin Denolly,df92,01:00:17, 6  -  2 , 6  -  1 ,-,-,-
440,2025,1st Round Qualifying,libema_open,Daniel Evans,e687,Adam Walton,w09e,01:59:51, 6  -  2 , 2  -  6 , 6  -  3 ,-,-
440,2025,1st Round Qualifying,libema_open,Mees Rottgering,r0kd,Jelle Sels,so20,01:10:07, 6  -  4 , 6  -  2 ,-,-,-
311,2025,Final,cinch_championships,Carlos Alcaraz,a0e2,Jiri Lehecka,l0bv,02:08:02, 7  -  5 , 6 5  -  7 , 6  -  2 ,-,-
311,2025,Semifinals,cinch_championships,Carlos Alcaraz,a0e2,Roberto Bautista Agut,bd06,01:29:30, 6  -  4 , 6  -  4 ,-,-,-
311,2025,Semifinals,cinch_championships,Jiri Lehecka,l0bv,Jack Draper,d0co,02:07:29, 6  -  4 , 4  -  6 , 7  -  5 ,-,-
311,2025,Quarterfinals,cinch_championships,Carlos Alcaraz,a0e2,Arthur Rinderknech,rc91,01:20:49, 7  -  5 , 6  -  4 ,-,-,-
311,2025,Quarterfinals,cinch_championships,Jack Draper,d0co,Brandon Nakashima,n0ae,02:22:45, 6  -  4 , 5  -  7 , 6  -  4 ,-,-
311,2025,Quarterfinals,cinch_championships,Roberto Bautista Agut,bd06,Holger Rune,r0dg,02:26:53, 7  -  6 5 , 6 4  -  7 , 6  -  2 ,-,-
311,2025,Quarterfinals,cinch_championships,Jiri Lehecka,l0bv,Jacob Fearnley,f0by,01:17:28, 7  -  5 , 6  -  2 ,-,-,-
311,2025,Round of 16,cinch_championships,Carlos Alcaraz,a0e2,Jaume Munar,mu94,03:23:32, 6  -  4 , 6 7  -  7 , 7  -  5 ,-,-
311,2025,Round of 16,cinch_championships,Jacob Fearnley,f0by,Corentin Moutet,mw02,02:08:53, 6  -  3 , 2  -  6 , 6  -  2 ,-,-
311,2025,Round of 16,cinch_championships,Jiri Lehecka,l0bv,Gabriel Diallo,d0f6,01:04:32, 6  -  4 , 6  -  2 ,-,-,-
311,2025,Round of 16,cinch_championships,Arthur Rinderknech,rc91,Reilly Opelka,o522,01:36:59, 7  -  5 , 7  -  6 3 ,-,-,-
311,2025,Round of 16,cinch_championships,Jack Draper,d0co,Alexei Popyrin,p09z,02:13:33, 3  -  6 , 6  -  2 , 7  -  6 5 ,-,-
311,2025,Round of 16,cinch_championships,Holger Rune,r0dg,Mackenzie McDonald,mk66,01:21:55, 2  -  6 , 6  -  1 , 6  -  1 ,-,-
311,2025,Round of 16,cinch_championships,Roberto Bautista Agut,bd06,Jakub Mensik,m0ni,02:21:02, 3  -  6 , 6  -  3 , 7  -  5 ,-,-
311,2025,Round of 16,cinch_championships,Brandon Nakashima,n0ae,Daniel Evans,e687,01:55:56, 7  -  5 , 7  -  6 4 ,-,-,-
311,2025,Round of 32,cinch_championships,Carlos Alcaraz,a0e2,Adam Walton,w09e,01:42:47, 6  -  4 , 7  -  6 4 ,-,-,-
311,2025,Round of 32,cinch_championships,Jack Draper,d0co,Jenson Brooksby,b0cd,01:17:58, 6  -  3 , 6  -  1 ,-,-,-
311,2025,Round of 32,cinch_championships,Corentin Moutet,mw02,Taylor Fritz,fb98,02:54:12, 6 5  -  7 , 7  -  6 7 , 7  -  5 ,-,-
311,2025,Round of 32,cinch_championships,Jiri Lehecka,l0bv,Alex de Minaur,dh58,01:16:01, 6  -  4 , 6  -  2 ,-,-,-
311,2025,Round of 32,cinch_championships,Arthur Rinderknech,rc91,Ben Shelton,s0s1,01:48:54, 7  -  6 5 , 7  -  6 4 ,-,-,-
311,2025,Round of 32,cinch_championships,Gabriel Diallo,d0f6,Billy Harris,hd68,01:50:50, 6  -  1 , 3  -  6 , 6  -  4 ,-,-
311,2025,Round of 32,cinch_championships,Jaume Munar,mu94,Jordan Thompson,tc61,00:47:12,-,-,-,-,-
311,2025,Round of 32,cinch_championships,Brandon Nakashima,n0ae,Giovanni Mpetshi Perricard,m0gz,02:31:09, 6 10  -  7 , 7  -  6 5 , 6  -  4 ,-,-
311,2025,Round of 32,cinch_championships,Reilly Opelka,o522,Camilo Ugo Carabelli,u182,01:29:08, 7  -  6 6 , 6  -  4 ,-,-,-
311,2025,Round of 32,cinch_championships,Alexei Popyrin,p09z,Aleksandar Vukic,v832,02:31:17, 6  -  2 , 6 9  -  7 , 7  -  6 3 ,-,-
311,2025,Round of 32,cinch_championships,Holger Rune,r0dg,Christopher O'Connell,o483,01:17:16, 6  -  3 , 6  -  4 ,-,-,-
311,2025,Round of 32,cinch_championships,Daniel Evans,e687,Frances Tiafoe,td51,01:34:29, 7  -  5 , 6  -  2 ,-,-,-
311,2025,Round of 32,cinch_championships,Jakub Mensik,m0ni,Cameron Norrie,n771,02:00:40, 7  -  6 6 , 1  -  6 , 6  -  1 ,-,-
311,2025,Round of 32,cinch_championships,Roberto Bautista Agut,bd06,Nuno Borges,bt72,02:31:04, 6 6  -  7 , 7  -  5 , 6  -  4 ,-,-
311,2025,Round of 32,cinch_championships,Jacob Fearnley,f0by,Alex Bolt,bi81,01:07:14, 6  -  2 , 6  -  4 ,-,-,-
311,2025,Round of 32,cinch_championships,Mackenzie McDonald,mk66,Gael Monfils,mc65,01:24:57, 6  -  4 , 6  -  4 ,-,-,-
311,2025,2nd Round Qualifying,cinch_championships,Aleksandar Vukic,v832,Adam Walton,w09e,01:24:37, 6  -  4 , 6  -  4 ,-,-,-
311,2025,2nd Round Qualifying,cinch_championships,Alex Bolt,bi81,Christopher O'Connell,o483,02:13:12, 3  -  6 , 7  -  6 4 , 6  -  3 ,-,-
311,2025,2nd Round Qualifying,cinch_championships,Corentin Moutet,mw02,Arthur Rinderknech,rc91,02:31:33, 6  -  3 , 3  -  6 , 7  -  5 ,-,-
311,2025,2nd Round Qualifying,cinch_championships,Mackenzie McDonald,mk66,Henry Searle,s0tx,01:04:46, 6  -  4 , 6  -  2 ,-,-,-
311,2025,1st Round Qualifying,cinch_championships,Henry Searle,s0tx,Yunchaokete Bu,y09v,01:53:16, 7  -  6 0 , 7  -  6 6 ,-,-,-
311,2025,1st Round Qualifying,cinch_championships,Adam Walton,w09e,Hamad Medjedovic,m0jf,01:23:09, 7  -  6 5 , 6  -  2 ,-,-,-
311,2025,1st Round Qualifying,cinch_championships,Corentin Moutet,mw02,Mattia Bellucci,b0gg,02:43:35, 7  -  6 3 , 4  -  6 , 6  -  3 ,-,-
311,2025,1st Round Qualifying,cinch_championships,Mackenzie McDonald,mk66,Aleksandar Kovacevic,k0az,01:32:26, 6  -  2 , 7  -  6 6 ,-,-,-
311,2025,1st Round Qualifying,cinch_championships,Aleksandar Vukic,v832,Juan Manuel Cerundolo,c0c8,01:10:01, 6  -  4 , 6  -  3 ,-,-,-
311,2025,1st Round Qualifying,cinch_championships,Christopher O'Connell,o483,James Duckworth,d994,01:16:37, 7  -  6 4 , 6  -  0 ,-,-,-
311,2025,1st Round Qualifying,cinch_championships,Arthur Rinderknech,rc91,Johannus Monday,m0on,01:40:55, 7  -  6 2 , 7  -  6 2 ,-,-,-
311,2025,1st Round Qualifying,cinch_championships,Alex Bolt,bi81,Jay Clarke,ci14,01:12:24, 6  -  3 , 6  -  4 ,-,-,-
500,2025,Final,terra_wortmann_open,Alexander Bublik,bk92,Daniil Medvedev,mm58,01:21:12, 6  -  3 , 7  -  6 4 ,-,-,-
500,2025,Semifinals,terra_wortmann_open,Daniil Medvedev,mm58,Alexander Zverev,z355,02:59:52, 7  -  6 3 , 6 1  -  7 , 6  -  4 ,-,-
500,2025,Semifinals,terra_wortmann_open,Alexander Bublik,bk92,Karen Khachanov,ke29,02:02:09, 4  -  6 , 7  -  6 5 , 6  -  4 ,-,-
500,2025,Quarterfinals,terra_wortmann_open,Alexander Zverev,z355,Flavio Cobolli,c0e9,01:41:29, 6  -  4 , 7  -  6 6 ,-,-,-
500,2025,Quarterfinals,terra_wortmann_open,Daniil Medvedev,mm58,Alex Michelsen,m0qi,01:25:40, 6  -  4 , 6  -  3 ,-,-,-
500,2025,Quarterfinals,terra_wortmann_open,Alexander Bublik,bk92,Tomas Machac,m0fh,01:22:49, 7  -  6 2 , 6  -  3 ,-,-,-
500,2025,Quarterfinals,terra_wortmann_open,Karen Khachanov,ke29,Tomas Martin Etcheverry,ea24,01:12:35, 6  -  3 , 6  -  2 ,-,-,-
500,2025,Round of 16,terra_wortmann_open,Alexander Bublik,bk92,Jannik Sinner,s0ag,02:02:13, 3  -  6 , 6  -  3 , 6  -  4 ,-,-
500,2025,Round of 16,terra_wortmann_open,Alexander Zverev,z355,Lorenzo Sonego,su87,02:23:57, 3  -  6 , 6  -  4 , 7  -  6 2 ,-,-
500,2025,Round of 16,terra_wortmann_open,Tomas Martin Etcheverry,ea24,Andrey Rublev,re44,03:01:01, 6  -  3 , 6 4  -  7 , 7  -  6 6 ,-,-
500,2025,Round of 16,terra_wortmann_open,Tomas Machac,m0fh,Fabian Marozsan,m0ci,00:59:18, 6  -  2 , 6  -  3 ,-,-,-
500,2025,Round of 16,terra_wortmann_open,Karen Khachanov,ke29,Felix Auger-Aliassime,ag37,01:40:08, 6  -  3 , 1  -  6 , 6  -  3 ,-,-
500,2025,Round of 16,terra_wortmann_open,Flavio Cobolli,c0e9,Denis Shapovalov,su55,02:33:10, 7  -  6 2 , 4  -  6 , 7  -  6 5 ,-,-
500,2025,Round of 16,terra_wortmann_open,Daniil Medvedev,mm58,Quentin Halys,hb64,01:06:47, 6  -  2 , 7  -  5 ,-,-,-
500,2025,Round of 16,terra_wortmann_open,Alex Michelsen,m0qi,Stefanos Tsitsipas,te51,01:43:28, 7  -  6 5 , 7  -  5 ,-,-,-
500,2025,Round of 32,terra_wortmann_open,Alexander Zverev,z355,Marcos Giron,gc88,01:19:02, 6  -  2 , 6  -  1 ,-,-,-
500,2025,Round of 32,terra_wortmann_open,Karen Khachanov,ke29,Zizou Bergs,bu13,01:34:53, 7  -  5 , 6  -  3 ,-,-,-
500,2025,Round of 32,terra_wortmann_open,Jannik Sinner,s0ag,Yannick Hanfmann,h997,01:30:54, 7  -  5 , 6  -  3 ,-,-,-
500,2025,Round of 32,terra_wortmann_open,Andrey Rublev,re44,Sebastian Ofner,o513,01:02:23, 6  -  3 , 6  -  4 ,-,-,-
500,2025,Round of 32,terra_wortmann_open,Alex Michelsen,m0qi,Francisco Cerundolo,c0au,02:02:06, 2  -  6 , 7  -  5 , 6  -  4 ,-,-
500,2025,Round of 32,terra_wortmann_open,Denis Shapovalov,su55,Ugo Humbert,hh26,02:28:32, 6  -  4 , 4  -  6 , 7  -  6 4 ,-,-
500,2025,Round of 32,terra_wortmann_open,Tomas Machac,m0fh,Jesper de Jong,d0c1,02:13:29, 7  -  5 , 3  -  6 , 6  -  3 ,-,-
500,2025,Round of 32,terra_wortmann_open,Felix Auger-Aliassime,ag37,Laslo Djere,db63,02:05:31, 6  -  3 , 6 6  -  7 , 6  -  1 ,-,-
500,2025,Round of 32,terra_wortmann_open,Flavio Cobolli,c0e9,Joao Fonseca,f0fv,02:44:28, 5  -  7 , 7  -  6 3 , 7  -  6 8 ,-,-
500,2025,Round of 32,terra_wortmann_open,Tomas Martin Etcheverry,ea24,Pedro Martinez,mo44,01:31:16, 6  -  1 , 6  -  3 ,-,-,-
500,2025,Round of 32,terra_wortmann_open,Lorenzo Sonego,su87,Jan-Lennard Struff,sl28,01:00:45, 6  -  3 , 6  -  2 ,-,-,-
500,2025,Round of 32,terra_wortmann_open,Daniil Medvedev,mm58,Daniel Altmaier,ae14,01:03:20, 6  -  3 , 6  -  3 ,-,-,-
500,2025,Round of 32,terra_wortmann_open,Alexander Bublik,bk92,Alexandre Muller,mp20,01:00:40, 6  -  4 , 6  -  4 ,-,-,-
500,2025,Round of 32,terra_wortmann_open,Quentin Halys,hb64,Benjamin Bonzi,bm95,01:18:29, 6  -  4 , 6  -  4 ,-,-,-
500,2025,Round of 32,terra_wortmann_open,Fabian Marozsan,m0ci,Miomir Kecmanovic,ki95,02:11:10, 6 3  -  7 , 6  -  4 , 6  -  4 ,-,-
500,2025,Round of 32,terra_wortmann_open,Stefanos Tsitsipas,te51,Luciano Darderi,d0fj,02:00:09, 6  -  4 , 3  -  6 , 7  -  6 5 ,-,-
500,2025,2nd Round Qualifying,terra_wortmann_open,Benjamin Bonzi,bm95,Li Tu,tc01,01:35:31, 6  -  4 , 7  -  6 7 ,-,-,-
500,2025,2nd Round Qualifying,terra_wortmann_open,Laslo Djere,db63,Jesper de Jong,d0c1,01:07:32, 6  -  4 , 6  -  0 ,-,-,-
500,2025,2nd Round Qualifying,terra_wortmann_open,Yannick Hanfmann,h997,Nicolas Jarry,j551,01:12:41, 6  -  3 , 6  -  3 ,-,-,-
500,2025,2nd Round Qualifying,terra_wortmann_open,Sebastian Ofner,o513,Justin Engel,e0dd,01:14:19, 6  -  4 , 6  -  4 ,-,-,-
500,2025,1st Round Qualifying,terra_wortmann_open,Benjamin Bonzi,bm95,Patrick Zahraj,z09f,01:19:27, 6  -  3 , 6  -  4 ,-,-,-
500,2025,1st Round Qualifying,terra_wortmann_open,Laslo Djere,db63,Nikoloz Basilashvili,bg23,01:13:07, 7  -  5 , 6  -  3 ,-,-,-
500,2025,1st Round Qualifying,terra_wortmann_open,Nicolas Jarry,j551,Learner Tien,t0ha,01:01:30, 6  -  3 , 6  -  4 ,-,-,-
500,2025,1st Round Qualifying,terra_wortmann_open,Justin Engel,e0dd,Roman Safiullin,sx50,02:45:03, 6 4  -  7 , 7  -  6 6 , 7  -  5 ,-,-
500,2025,1st Round Qualifying,terra_wortmann_open,Yannick Hanfmann,h997,Yoshihito Nishioka,n732,01:08:09, 6  -  4 , 6  -  1 ,-,-,-
500,2025,1st Round Qualifying,terra_wortmann_open,Jesper de Jong,d0c1,Max Schoenhaus,s0vu,02:06:00, 7  -  5 , 3  -  6 , 6  -  2 ,-,-
500,2025,1st Round Qualifying,terra_wortmann_open,Li Tu,tc01,Ethan Quinn,q02l,02:09:14, 5  -  7 , 6  -  3 , 7  -  5 ,-,-
500,2025,1st Round Qualifying,terra_wortmann_open,Sebastian Ofner,o513,Benjamin Hassan,hg94,01:26:06, 7  -  6 4 , 7  -  5 ,-,-,-
8994,2025,Final,mallorca_championships_presented_by_waterdrop,Tallon Griekspoor,gj37,Corentin Moutet,mw02,01:56:27, 7  -  5 , 7  -  6 3 ,-,-,-
8994,2025,Semifinals,mallorca_championships_presented_by_waterdrop,Tallon Griekspoor,gj37,Felix Auger-Aliassime,ag37,01:30:35, 6  -  4 , 6  -  4 ,-,-,-
8994,2025,Semifinals,mallorca_championships_presented_by_waterdrop,Corentin Moutet,mw02,Alex Michelsen,m0qi,01:55:16, 6  -  4 , 7  -  6 3 ,-,-,-
8994,2025,Quarterfinals,mallorca_championships_presented_by_waterdrop,Felix Auger-Aliassime,ag37,Hamad Medjedovic,m0jf,02:09:26, 3  -  6 , 6  -  1 , 6  -  4 ,-,-
8994,2025,Quarterfinals,mallorca_championships_presented_by_waterdrop,Alex Michelsen,m0qi,Roberto Bautista Agut,bd06,01:43:52, 6  -  4 , 7  -  6 4 ,-,-,-
8994,2025,Quarterfinals,mallorca_championships_presented_by_waterdrop,Tallon Griekspoor,gj37,Gabriel Diallo,d0f6,01:28:48, 6  -  4 , 6  -  4 ,-,-,-
8994,2025,Quarterfinals,mallorca_championships_presented_by_waterdrop,Corentin Moutet,mw02,Learner Tien,t0ha,01:49:31, 6  -  2 , 7  -  5 ,-,-,-
8994,2025,Round of 16,mallorca_championships_presented_by_waterdrop,Learner Tien,t0ha,Ben Shelton,s0s1,01:40:01, 6  -  4 , 7  -  6 2 ,-,-,-
8994,2025,Round of 16,mallorca_championships_presented_by_waterdrop,Alex Michelsen,m0qi,Brandon Holt,h09p,01:18:07, 6  -  4 , 6  -  4 ,-,-,-
8994,2025,Round of 16,mallorca_championships_presented_by_waterdrop,Roberto Bautista Agut,bd06,Bernard Tomic,ta46,01:07:57, 6  -  3 , 6  -  3 ,-,-,-
8994,2025,Round of 16,mallorca_championships_presented_by_waterdrop,Corentin Moutet,mw02,Daniel Altmaier,ae14,02:14:41, 7  -  6 3 , 7  -  6 3 ,-,-,-
8994,2025,Round of 16,mallorca_championships_presented_by_waterdrop,Felix Auger-Aliassime,ag37,Arthur Rinderknech,rc91,01:52:57, 7  -  5 , 6  -  3 ,-,-,-
8994,2025,Round of 16,mallorca_championships_presented_by_waterdrop,Tallon Griekspoor,gj37,Ethan Quinn,q02l,01:30:29, 7  -  5 , 6  -  4 ,-,-,-
8994,2025,Round of 16,mallorca_championships_presented_by_waterdrop,Gabriel Diallo,d0f6,Laslo Djere,db63,01:47:34, 6  -  3 , 3  -  6 , 6  -  3 ,-,-
8994,2025,Round of 16,mallorca_championships_presented_by_waterdrop,Hamad Medjedovic,m0jf,Roman Safiullin,sx50,02:26:26, 6  -  4 , 3  -  6 , 7  -  6 4 ,-,-
8994,2025,Round of 32,mallorca_championships_presented_by_waterdrop,Roberto Bautista Agut,bd06,Tomas Martin Etcheverry,ea24,02:34:35, 5  -  7 , 6  -  3 , 6  -  2 ,-,-
8994,2025,Round of 32,mallorca_championships_presented_by_waterdrop,Brandon Holt,h09p,Benjamin Bonzi,bm95,01:49:48, 2  -  6 , 6  -  4 , 6  -  4 ,-,-
8994,2025,Round of 32,mallorca_championships_presented_by_waterdrop,Bernard Tomic,ta46,Rinky Hijikata,h0bh,01:47:33, 3  -  6 , 7  -  5 , 6  -  2 ,-,-
8994,2025,Round of 32,mallorca_championships_presented_by_waterdrop,Roman Safiullin,sx50,Alexandre Muller,mp20,01:55:53, 7  -  6 5 , 7  -  5 ,-,-,-
8994,2025,Round of 32,mallorca_championships_presented_by_waterdrop,Gabriel Diallo,d0f6,Jaume Munar,mu94,01:47:08, 7  -  5 , 6  -  3 ,-,-,-
8994,2025,Round of 32,mallorca_championships_presented_by_waterdrop,Hamad Medjedovic,m0jf,Nishesh Basavareddy,b0nn,01:03:58, 6  -  0 , 6  -  4 ,-,-,-
8994,2025,Round of 32,mallorca_championships_presented_by_waterdrop,Corentin Moutet,mw02,Pedro Martinez,mo44,02:37:45, 4  -  6 , 6  -  3 , 6  -  0 ,-,-
8994,2025,Round of 32,mallorca_championships_presented_by_waterdrop,Ethan Quinn,q02l,Camilo Ugo Carabelli,u182,01:06:02, 6  -  3 , 6  -  2 ,-,-,-
8994,2025,Round of 32,mallorca_championships_presented_by_waterdrop,Arthur Rinderknech,rc91,Damir Dzumhur,d923,02:31:46, 6  -  4 , 4  -  6 , 7  -  5 ,-,-
8994,2025,Round of 32,mallorca_championships_presented_by_waterdrop,Learner Tien,t0ha,Justin Engel,e0dd,01:14:17, 6  -  4 , 6  -  4 ,-,-,-
8994,2025,Round of 32,mallorca_championships_presented_by_waterdrop,Daniel Altmaier,ae14,Fabio Fognini,f510,01:47:13, 6  -  3 , 3  -  6 , 6  -  3 ,-,-
8994,2025,Round of 32,mallorca_championships_presented_by_waterdrop,Laslo Djere,db63,Yunchaokete Bu,y09v,01:36:19, 6  -  4 , 6  -  4 ,-,-,-
8994,2025,2nd Round Qualifying,mallorca_championships_presented_by_waterdrop,Bernard Tomic,ta46,Aleksandar Kovacevic,k0az,01:30:55, 7  -  6 2 , 6  -  3 ,-,-,-
8994,2025,2nd Round Qualifying,mallorca_championships_presented_by_waterdrop,Ethan Quinn,q02l,Vit Kopriva,ki82,02:59:30, 5  -  7 , 7  -  5 , 7  -  6 5 ,-,-
8994,2025,2nd Round Qualifying,mallorca_championships_presented_by_waterdrop,Nishesh Basavareddy,b0nn,Mariano Navone,n0bs,01:16:22, 6  -  1 , 6  -  4 ,-,-,-
8994,2025,2nd Round Qualifying,mallorca_championships_presented_by_waterdrop,Brandon Holt,h09p,Elias Ymer,y218,01:36:56, 7  -  6 4 , 6  -  3 ,-,-,-
8994,2025,1st Round Qualifying,mallorca_championships_presented_by_waterdrop,Aleksandar Kovacevic,k0az,Sascha Gueymard Wayenburg,g0gw,01:19:24, 6  -  4 , 6  -  2 ,-,-,-
8994,2025,1st Round Qualifying,mallorca_championships_presented_by_waterdrop,Vit Kopriva,ki82,Petros Tsitsipas,tg77,01:40:28, 6  -  3 , 7  -  5 ,-,-,-
8994,2025,1st Round Qualifying,mallorca_championships_presented_by_waterdrop,Brandon Holt,h09p,Adam Walton,w09e,02:15:02, 6  -  3 , 6 1  -  7 , 7  -  6 0 ,-,-
8994,2025,1st Round Qualifying,mallorca_championships_presented_by_waterdrop,Mariano Navone,n0bs,Sebastian Ofner,o513,01:55:28, 4  -  6 , 7  -  6 6 , 3  -  1 ,-,-
8994,2025,1st Round Qualifying,mallorca_championships_presented_by_waterdrop,Nishesh Basavareddy,b0nn,Botic van de Zandschulp,v812,03:30:12, 6  -  4 , 6 5  -  7 , 7  -  5 ,-,-
8994,2025,1st Round Qualifying,mallorca_championships_presented_by_waterdrop,Bernard Tomic,ta46,Jesper de Jong,d0c1,01:56:17, 5  -  7 , 6  -  4 , 6  -  4 ,-,-
8994,2025,1st Round Qualifying,mallorca_championships_presented_by_waterdrop,Ethan Quinn,q02l,Oliver Crawford,c0ak,02:50:08, 4  -  6 , 7  -  6 5 , 7  -  6 3 ,-,-
8994,2025,1st Round Qualifying,mallorca_championships_presented_by_waterdrop,Elias Ymer,y218,Alexander Shevchenko,s0h2,01:19:48, 6  -  4 , 7  -  6 4 ,-,-,-
741,2025,Final,rothesay_international,Taylor Fritz,fb98,Jenson Brooksby,b0cd,01:26:19, 7  -  5 , 6  -  1 ,-,-,-
741,2025,Semifinals,rothesay_international,Taylor Fritz,fb98,Alejandro Davidovich Fokina,dh50,01:33:33, 6  -  3 , 3  -  6 , 6  -  1 ,-,-
741,2025,Semifinals,rothesay_international,Jenson Brooksby,b0cd,Ugo Humbert,hh26,02:47:11, 6 7  -  7 , 6  -  4 , 6  -  4 ,-,-
741,2025,Quarterfinals,rothesay_international,Taylor Fritz,fb98,Marcos Giron,gc88,02:24:11, 7  -  5 , 4  -  6 , 7  -  5 ,-,-
741,2025,Quarterfinals,rothesay_international,Alejandro Davidovich Fokina,dh50,Jakub Mensik,m0ni,01:44:45, 6  -  4 , 7  -  5 ,-,-,-
741,2025,Quarterfinals,rothesay_international,Ugo Humbert,hh26,Billy Harris,hd68,01:41:44, 7  -  6 4 , 6  -  1 ,-,-,-
741,2025,Quarterfinals,rothesay_international,Jenson Brooksby,b0cd,Daniel Evans,e687,01:23:16, 6  -  2 , 6  -  3 ,-,-,-
741,2025,Round of 16,rothesay_international,Taylor Fritz,fb98,Joao Fonseca,f0fv,02:02:03, 6  -  3 , 6 5  -  7 , 7  -  5 ,-,-
741,2025,Round of 16,rothesay_international,Daniel Evans,e687,Tommy Paul,pl56,02:14:10, 6  -  4 , 3  -  6 , 6  -  3 ,-,-
741,2025,Round of 16,rothesay_international,Jakub Mensik,m0ni,Reilly Opelka,o522,01:26:12, 7  -  5 , 6  -  3 ,-,-,-
741,2025,Round of 16,rothesay_international,Ugo Humbert,hh26,Lorenzo Sonego,su87,01:40:16, 7  -  5 , 6  -  4 ,-,-,-
741,2025,Round of 16,rothesay_international,Alejandro Davidovich Fokina,dh50,James Duckworth,d994,02:15:29, 6 3  -  7 , 6  -  3 , 6  -  4 ,-,-
741,2025,Round of 16,rothesay_international,Jenson Brooksby,b0cd,Nuno Borges,bt72,01:21:26, 6  -  4 , 6  -  4 ,-,-,-
741,2025,Round of 16,rothesay_international,Marcos Giron,gc88,Jacob Fearnley,f0by,01:03:13, 6  -  3 , 6  -  1 ,-,-,-
741,2025,Round of 16,rothesay_international,Billy Harris,hd68,Mattia Bellucci,b0gg,01:29:52, 6  -  3 , 6  -  4 ,-,-,-
741,2025,Round of 32,rothesay_international,Jacob Fearnley,f0by,Flavio Cobolli,c0e9,01:05:16, 6  -  2 , 6  -  2 ,-,-,-
741,2025,Round of 32,rothesay_international,Nuno Borges,bt72,Jack Pinnington Jones,p0ht,02:01:59, 4  -  6 , 6  -  3 , 6  -  3 ,-,-
741,2025,Round of 32,rothesay_international,Jenson Brooksby,b0cd,Francisco Comesana,c0df,01:45:47, 7  -  6 6 , 6  -  4 ,-,-,-
741,2025,Round of 32,rothesay_international,James Duckworth,d994,Aleksandar Vukic,v832,02:21:49, 6  -  3 , 6 5  -  7 , 6  -  1 ,-,-
741,2025,Round of 32,rothesay_international,Marcos Giron,gc88,Luciano Darderi,d0fj,01:22:26, 6  -  4 , 7  -  5 ,-,-,-
741,2025,Round of 32,rothesay_international,Billy Harris,hd68,Cameron Norrie,n771,01:24:30, 6  -  4 , 6  -  4 ,-,-,-
741,2025,Round of 32,rothesay_international,Reilly Opelka,o522,George Loffhagen,l0cf,02:28:23, 7  -  6 6 , 3  -  6 , 7  -  6 1 ,-,-
741,2025,Round of 32,rothesay_international,Alejandro Davidovich Fokina,dh50,Chun-Hsin Tseng,t0ap,01:33:41, 7  -  6 6 , 6  -  2 ,-,-,-
741,2025,Round of 32,rothesay_international,Mattia Bellucci,b0gg,Quentin Halys,hb64,01:08:44, 6  -  4 , 6  -  2 ,-,-,-
741,2025,Round of 32,rothesay_international,Daniel Evans,e687,Miomir Kecmanovic,ki95,02:09:34, 3  -  6 , 6  -  4 , 6  -  4 ,-,-
741,2025,Round of 32,rothesay_international,Joao Fonseca,f0fv,Zizou Bergs,bu13,02:08:33, 6 8  -  7 , 6  -  0 , 6  -  3 ,-,-
741,2025,Round of 32,rothesay_international,Lorenzo Sonego,su87,Fabian Marozsan,m0ci,01:18:41, 6  -  2 , 6  -  4 ,-,-,-
741,2025,2nd Round Qualifying,rothesay_international,Mattia Bellucci,b0gg,Chun-Hsin Tseng,t0ap,01:00:57, 6  -  2 , 6  -  1 ,-,-,-
741,2025,2nd Round Qualifying,rothesay_international,Aleksandar Vukic,v832,Jenson Brooksby,b0cd,01:23:52, 7  -  5 , 6  -  3 ,-,-,-
741,2025,2nd Round Qualifying,rothesay_international,James Duckworth,d994,Johannus Monday,m0on,01:08:56, 6  -  4 , 6  -  2 ,-,-,-
741,2025,2nd Round Qualifying,rothesay_international,George Loffhagen,l0cf,Billy Harris,hd68,01:38:13, 7  -  6 2 , 6  -  2 ,-,-,-
741,2025,1st Round Qualifying,rothesay_international,Mattia Bellucci,b0gg,Marek Gengel,g09c,01:22:56, 7  -  5 , 6  -  1 ,-,-,-
741,2025,1st Round Qualifying,rothesay_international,Johannus Monday,m0on,Christopher O'Connell,o483,01:52:01, 6  -  3 , 2  -  6 , 6  -  4 ,-,-
741,2025,1st Round Qualifying,rothesay_international,Aleksandar Vukic,v832,Jay Clarke,ci14,01:04:26, 6  -  3 , 6  -  2 ,-,-,-
741,2025,1st Round Qualifying,rothesay_international,Billy Harris,hd68,Luca Nardi,n0bg,01:21:20, 6  -  3 , 6  -  4 ,-,-,-
741,2025,1st Round Qualifying,rothesay_international,Chun-Hsin Tseng,t0ap,Geoffrey Blancaneaux,bu54,02:52:15, 5  -  7 , 7  -  6 4 , 6  -  3 ,-,-
741,2025,1st Round Qualifying,rothesay_international,George Loffhagen,l0cf,Mackenzie McDonald,mk66,01:34:33, 6  -  4 , 7  -  6 1 ,-,-,-
741,2025,1st Round Qualifying,rothesay_international,James Duckworth,d994,Henry Searle,s0tx,02:16:46, 6  -  3 , 5  -  7 , 7  -  5 ,-,-
741,2025,1st Round Qualifying,rothesay_international,Jenson Brooksby,b0cd,Kamil Majchrzak,mq75,01:39:13, 7  -  6 7 , 6  -  3 ,-,-,-
540,2025,Final,wimbledon,Jannik Sinner,s0ag,Carlos Alcaraz,a0e2,(1), 4  -  6 , 6  -  4 , 6  -  4 , 6  -  4 ,-
540,2025,Semifinals,wimbledon,Jannik Sinner,s0ag,Novak Djokovic,d643,(1), 6  -  3 , 6  -  3 , 6  -  4 ,-,-
540,2025,Semifinals,wimbledon,Carlos Alcaraz,a0e2,Taylor Fritz,fb98,(2), 6  -  4 , 5  -  7 , 6  -  3 , 7  -  6 6 ,-
540,2025,Quarterfinals,wimbledon,Jannik Sinner,s0ag,Ben Shelton,s0s1,(1), 7  -  6 2 , 6  -  4 , 6  -  4 ,-,-
540,2025,Quarterfinals,wimbledon,Novak Djokovic,d643,Flavio Cobolli,c0e9,(6), 6 6  -  7 , 6  -  2 , 7  -  5 , 6  -  4 ,-
540,2025,Quarterfinals,wimbledon,Carlos Alcaraz,a0e2,Cameron Norrie,n771,(2), 6  -  2 , 6  -  3 , 6  -  3 ,-,-
540,2025,Quarterfinals,wimbledon,Taylor Fritz,fb98,Karen Khachanov,ke29,(5), 6  -  3 , 6  -  4 , 1  -  6 , 7  -  6 4 ,-
540,2025,Round of 16,wimbledon,Jannik Sinner,s0ag,Grigor Dimitrov,d875,(1), 3  -  6 , 5  -  7 , 2  -  2 ,-,-
540,2025,Round of 16,wimbledon,Novak Djokovic,d643,Alex de Minaur,dh58,(6), 1  -  6 , 6  -  4 , 6  -  4 , 6  -  4 ,-
540,2025,Round of 16,wimbledon,Ben Shelton,s0s1,Lorenzo Sonego,su87,(10), 3  -  6 , 6  -  1 , 7  -  6 1 , 7  -  5 ,-
540,2025,Round of 16,wimbledon,Flavio Cobolli,c0e9,Marin Cilic,c977,(22), 6  -  4 , 6  -  4 , 6 4  -  7 , 7  -  6 3 ,-
540,2025,Round of 16,wimbledon,Carlos Alcaraz,a0e2,Andrey Rublev,re44,(2), 6 5  -  7 , 6  -  3 , 6  -  4 , 6  -  4 ,-
540,2025,Round of 16,wimbledon,Taylor Fritz,fb98,Jordan Thompson,tc61,(5), 6  -  1 , 3  -  0 ,-,-,-
540,2025,Round of 16,wimbledon,Karen Khachanov,ke29,Kamil Majchrzak,mq75,(17), 6  -  4 , 6  -  2 , 6  -  3 ,-,-
540,2025,Round of 16,wimbledon,Cameron Norrie,n771,Nicolas Jarry,j551,, 6  -  3 , 7  -  6 4 , 6 7  -  7 , 6 5  -  7 , 6  -  3 
540,2025,Round of 32,wimbledon,Jannik Sinner,s0ag,Pedro Martinez,mo44,(1), 6  -  1 , 6  -  3 , 6  -  1 ,-,-
540,2025,Round of 32,wimbledon,Novak Djokovic,d643,Miomir Kecmanovic,ki95,(6), 6  -  3 , 6  -  0 , 6  -  4 ,-,-
540,2025,Round of 32,wimbledon,Ben Shelton,s0s1,Marton Fucsovics,f724,(10), 6  -  3 , 7  -  6 4 , 6  -  2 ,-,-
540,2025,Round of 32,wimbledon,Alex de Minaur,dh58,August Holmgren,h09n,(11), 6  -  4 , 7  -  6 5 , 6  -  3 ,-,-
540,2025,Round of 32,wimbledon,Flavio Cobolli,c0e9,Jakub Mensik,m0ni,(22), 6  -  2 , 6  -  4 , 6  -  2 ,-,-
540,2025,Round of 32,wimbledon,Grigor Dimitrov,d875,Sebastian Ofner,o513,(19), 6  -  3 , 6  -  4 , 7  -  6 0 ,-,-
540,2025,Round of 32,wimbledon,Lorenzo Sonego,su87,Brandon Nakashima,n0ae,, 6 5  -  7 , 7  -  6 8 , 7  -  6 2 , 3  -  6 , 7  -  6 3 
540,2025,Round of 32,wimbledon,Marin Cilic,c977,Jaume Munar,mu94,, 6  -  3 , 3  -  6 , 6  -  2 , 6  -  4 ,-
540,2025,Round of 32,wimbledon,Carlos Alcaraz,a0e2,Jan-Lennard Struff,sl28,(2), 6  -  1 , 3  -  6 , 6  -  3 , 6  -  4 ,-
540,2025,Round of 32,wimbledon,Taylor Fritz,fb98,Alejandro Davidovich Fokina,dh50,(5), 6  -  4 , 6  -  3 , 6 5  -  7 , 6  -  1 ,-
540,2025,Round of 32,wimbledon,Andrey Rublev,re44,Adrian Mannarino,me82,(14), 7  -  5 , 6  -  2 , 6  -  3 ,-,-
540,2025,Round of 32,wimbledon,Karen Khachanov,ke29,Nuno Borges,bt72,(17), 7  -  6 6 , 4  -  6 , 4  -  6 , 6  -  3 , 7  -  6 8 
540,2025,Round of 32,wimbledon,Nicolas Jarry,j551,Joao Fonseca,f0fv,(Q), 6  -  3 , 6  -  4 , 3  -  6 , 7  -  6 4 ,-
540,2025,Round of 32,wimbledon,Kamil Majchrzak,mq75,Arthur Rinderknech,rc91,, 6  -  3 , 7  -  6 4 , 7  -  6 6 ,-,-
540,2025,Round of 32,wimbledon,Cameron Norrie,n771,Mattia Bellucci,b0gg,, 7  -  6 5 , 6  -  4 , 6  -  3 ,-,-
540,2025,Round of 32,wimbledon,Jordan Thompson,tc61,Luciano Darderi,d0fj,, 6  -  4 , 6  -  4 , 3  -  6 , 6  -  3 ,-
540,2025,Round of 64,wimbledon,Jannik Sinner,s0ag,Aleksandar Vukic,v832,(1), 6  -  1 , 6  -  1 , 6  -  3 ,-,-
540,2025,Round of 64,wimbledon,Marin Cilic,c977,Jack Draper,d0co,, 6  -  4 , 6  -  3 , 1  -  6 , 6  -  4 ,-
540,2025,Round of 64,wimbledon,Novak Djokovic,d643,Daniel Evans,e687,(6), 6  -  3 , 6  -  2 , 6  -  0 ,-,-
540,2025,Round of 64,wimbledon,Ben Shelton,s0s1,Rinky Hijikata,h0bh,(10), 6  -  2 , 7  -  5 , 6  -  4 ,-,-
540,2025,Round of 64,wimbledon,Alex de Minaur,dh58,Arthur Cazaux,c0h0,(11), 4  -  6 , 6  -  2 , 6  -  4 , 6  -  0 ,-
540,2025,Round of 64,wimbledon,Sebastian Ofner,o513,Tommy Paul,pl56,, 1  -  6 , 7  -  5 , 6  -  4 , 7  -  5 ,-
540,2025,Round of 64,wimbledon,Jakub Mensik,m0ni,Marcos Giron,gc88,(15), 6  -  4 , 3  -  6 , 6  -  4 , 7  -  6 4 ,-
540,2025,Round of 64,wimbledon,Grigor Dimitrov,d875,Corentin Moutet,mw02,(19), 7  -  5 , 4  -  6 , 7  -  5 , 7  -  5 ,-
540,2025,Round of 64,wimbledon,August Holmgren,h09n,Tomas Machac,m0fh,(Q), 7  -  6 5 , 6 8  -  7 , 6 5  -  7 , 7  -  5 , 7  -  6 5 
540,2025,Round of 64,wimbledon,Flavio Cobolli,c0e9,Jack Pinnington Jones,p0ht,(22), 6  -  1 , 7  -  6 6 , 6  -  2 ,-,-
540,2025,Round of 64,wimbledon,Brandon Nakashima,n0ae,Reilly Opelka,o522,(29), 7  -  5 , 6  -  2 , 6 6  -  7 , 6  -  3 ,-
540,2025,Round of 64,wimbledon,Marton Fucsovics,f724,Gael Monfils,mc65,(LL), 6  -  4 , 1  -  6 , 4  -  6 , 7  -  6 5 , 6  -  4 
540,2025,Round of 64,wimbledon,Miomir Kecmanovic,ki95,Jesper de Jong,d0c1,, 1  -  6 , 6  -  3 , 6  -  2 , 6  -  4 ,-
540,2025,Round of 64,wimbledon,Pedro Martinez,mo44,Mariano Navone,n0bs,, 7  -  5 , 7  -  5 , 7  -  6 6 ,-,-
540,2025,Round of 64,wimbledon,Jaume Munar,mu94,Fabian Marozsan,m0ci,, 6  -  2 , 6  -  3 , 7  -  6 9 ,-,-
540,2025,Round of 64,wimbledon,Lorenzo Sonego,su87,Nikoloz Basilashvili,bg23,, 6  -  1 , 6  -  3 , 6 3  -  7 , 7  -  6 4 ,-
540,2025,Round of 64,wimbledon,Carlos Alcaraz,a0e2,Oliver Tarvet,t0gr,(2), 6  -  1 , 6  -  4 , 6  -  4 ,-,-
540,2025,Round of 64,wimbledon,Taylor Fritz,fb98,Gabriel Diallo,d0f6,(5), 3  -  6 , 6  -  3 , 7  -  6 0 , 4  -  6 , 6  -  3 
540,2025,Round of 64,wimbledon,Cameron Norrie,n771,Frances Tiafoe,td51,, 4  -  6 , 6  -  4 , 6  -  3 , 7  -  5 ,-
540,2025,Round of 64,wimbledon,Andrey Rublev,re44,Lloyd Harris,hg86,(14), 6 1  -  7 , 6  -  4 , 7  -  6 5 , 6  -  3 ,-
540,2025,Round of 64,wimbledon,Karen Khachanov,ke29,Shintaro Mochizuki,m0hu,(17), 1  -  6 , 7  -  6 7 , 4  -  6 , 6  -  3 , 6  -  4 
540,2025,Round of 64,wimbledon,Mattia Bellucci,b0gg,Jiri Lehecka,l0bv,, 7  -  6 4 , 6  -  1 , 7  -  5 ,-,-
540,2025,Round of 64,wimbledon,Jan-Lennard Struff,sl28,Felix Auger-Aliassime,ag37,, 3  -  6 , 7  -  6 9 , 6  -  3 , 6  -  4 ,-
540,2025,Round of 64,wimbledon,Alejandro Davidovich Fokina,dh50,Botic van de Zandschulp,v812,(26), 6  -  1 , 4  -  6 , 6  -  3 , 7  -  6 5 ,-
540,2025,Round of 64,wimbledon,Nuno Borges,bt72,Billy Harris,hd68,, 6  -  3 , 6  -  4 , 7  -  6 7 ,-,-
540,2025,Round of 64,wimbledon,Luciano Darderi,d0fj,Arthur Fery,f0dm,, 6  -  4 , 6  -  3 , 6  -  3 ,-,-
540,2025,Round of 64,wimbledon,Joao Fonseca,f0fv,Jenson Brooksby,b0cd,, 6  -  4 , 5  -  7 , 6  -  2 , 6  -  4 ,-
540,2025,Round of 64,wimbledon,Nicolas Jarry,j551,Learner Tien,t0ha,(Q), 6  -  2 , 6  -  2 , 6  -  3 ,-,-
540,2025,Round of 64,wimbledon,Kamil Majchrzak,mq75,Ethan Quinn,q02l,, 6  -  1 , 6  -  4 , 6  -  3 ,-,-
540,2025,Round of 64,wimbledon,Adrian Mannarino,me82,Valentin Royer,r0eb,(Q), 6  -  4 , 6  -  4 , 5  -  7 , 7  -  6 1 ,-
540,2025,Round of 64,wimbledon,Arthur Rinderknech,rc91,Cristian Garin,gd64,, 3  -  6 , 6  -  3 , 7  -  6 3 , 4  -  6 , 6  -  3 
540,2025,Round of 64,wimbledon,Jordan Thompson,tc61,Benjamin Bonzi,bm95,, 7  -  5 , 6 2  -  7 , 4  -  6 , 6  -  2 , 6  -  4 
540,2025,Round of 128,wimbledon,Jannik Sinner,s0ag,Luca Nardi,n0bg,(1), 6  -  4 , 6  -  3 , 6  -  0 ,-,-
540,2025,Round of 128,wimbledon,Jack Draper,d0co,Sebastian Baez,b0bi,(4), 6  -  2 , 6  -  2 , 2  -  1 ,-,-
540,2025,Round of 128,wimbledon,Novak Djokovic,d643,Alexandre Muller,mp20,(6), 6  -  1 , 6 7  -  7 , 6  -  2 , 6  -  2 ,-
540,2025,Round of 128,wimbledon,Nikoloz Basilashvili,bg23,Lorenzo Musetti,m0ej,(Q), 6  -  2 , 4  -  6 , 7  -  5 , 6  -  1 ,-
540,2025,Round of 128,wimbledon,Ben Shelton,s0s1,Alex Bolt,bi81,(10), 6  -  4 , 7  -  6 1 , 7  -  6 4 ,-,-
540,2025,Round of 128,wimbledon,Alex de Minaur,dh58,Roberto Carballes Baena,cf59,(11), 6  -  2 , 6  -  2 , 7  -  6 2 ,-,-
540,2025,Round of 128,wimbledon,Tommy Paul,pl56,Johannus Monday,m0on,(13), 6  -  4 , 6  -  4 , 6  -  2 ,-,-
540,2025,Round of 128,wimbledon,Jakub Mensik,m0ni,Hugo Gaston,g09o,(15), 6  -  1 , 4  -  6 , 6  -  2 , 6  -  2 ,-
540,2025,Round of 128,wimbledon,Gael Monfils,mc65,Ugo Humbert,hh26,, 6  -  4 , 3  -  6 , 6 5  -  7 , 7  -  5 , 6  -  2 
540,2025,Round of 128,wimbledon,Grigor Dimitrov,d875,Yoshihito Nishioka,n732,(19), 6  -  2 , 6  -  3 , 6  -  4 ,-,-
540,2025,Round of 128,wimbledon,Tomas Machac,m0fh,Damir Dzumhur,d923,(21), 6  -  3 , 6  -  2 , 6  -  4 ,-,-
540,2025,Round of 128,wimbledon,Flavio Cobolli,c0e9,Beibit Zhukayev,z09z,(22), 6  -  3 , 7  -  6 7 , 6  -  1 ,-,-
540,2025,Round of 128,wimbledon,Mariano Navone,n0bs,Denis Shapovalov,su55,, 3  -  6 , 6  -  4 , 6  -  1 , 6  -  4 ,-
540,2025,Round of 128,wimbledon,Jaume Munar,mu94,Alexander Bublik,bk92,, 6  -  4 , 3  -  6 , 4  -  6 , 7  -  6 5 , 6  -  2 
540,2025,Round of 128,wimbledon,Brandon Nakashima,n0ae,Yunchaokete Bu,y09v,(29), 6  -  4 , 4  -  6 , 7  -  6 1 , 6  -  4 ,-
540,2025,Round of 128,wimbledon,Miomir Kecmanovic,ki95,Alex Michelsen,m0qi,, 6  -  2 , 3  -  6 , 6  -  3 , 3  -  6 , 7  -  6 6 
540,2025,Round of 128,wimbledon,Arthur Cazaux,c0h0,Adam Walton,w09e,(Q), 6  -  3 , 7  -  6 6 , 4  -  6 , 6 5  -  7 , 6  -  1 
540,2025,Round of 128,wimbledon,Marin Cilic,c977,Raphael Collignon,c0jp,, 6  -  3 , 6  -  4 , 6  -  3 ,-,-
540,2025,Round of 128,wimbledon,Jesper de Jong,d0c1,Christopher Eubanks,e865,, 6  -  3 , 6 5  -  7 , 6 7  -  7 , 6  -  3 , 7  -  6 3 
540,2025,Round of 128,wimbledon,Daniel Evans,e687,Jay Clarke,ci14,(WC), 6  -  1 , 7  -  5 , 6  -  2 ,-,-
540,2025,Round of 128,wimbledon,Marton Fucsovics,f724,Aleksandar Kovacevic,k0az,(LL), 6  -  3 , 6 5  -  7 , 6  -  1 , 5  -  7 , 6  -  4 
540,2025,Round of 128,wimbledon,Marcos Giron,gc88,Camilo Ugo Carabelli,u182,, 7  -  6 6 , 7  -  6 4 , 6  -  3 ,-,-
540,2025,Round of 128,wimbledon,Rinky Hijikata,h0bh,David Goffin,gb88,, 6  -  3 , 6  -  1 , 6  -  1 ,-,-
540,2025,Round of 128,wimbledon,August Holmgren,h09n,Quentin Halys,hb64,(Q), 7  -  6 4 , 6  -  3 , 6  -  4 ,-,-
540,2025,Round of 128,wimbledon,Fabian Marozsan,m0ci,James McCabe,m0oq,, 6  -  1 , 6  -  4 , 6  -  3 ,-,-
540,2025,Round of 128,wimbledon,Pedro Martinez,mo44,George Loffhagen,l0cf,, 2  -  6 , 6  -  2 , 6  -  4 , 6  -  2 ,-
540,2025,Round of 128,wimbledon,Corentin Moutet,mw02,Francisco Comesana,c0df,, 6  -  4 , 6  -  4 , 6  -  2 ,-,-
540,2025,Round of 128,wimbledon,Sebastian Ofner,o513,Hamad Medjedovic,m0jf,, 7  -  6 8 , 3  -  1 ,-,-,-
540,2025,Round of 128,wimbledon,Reilly Opelka,o522,Alexander Shevchenko,s0h2,, 6  -  3 , 7  -  5 , 7  -  6 4 ,-,-
540,2025,Round of 128,wimbledon,Jack Pinnington Jones,p0ht,Tomas Martin Etcheverry,ea24,(WC), 7  -  6 4 , 6  -  3 , 7  -  5 ,-,-
540,2025,Round of 128,wimbledon,Lorenzo Sonego,su87,Jaime Faria,f0f2,, 6  -  3 , 6  -  4 , 6  -  2 ,-,-
540,2025,Round of 128,wimbledon,Aleksandar Vukic,v832,Chun-Hsin Tseng,t0ap,, 6  -  3 , 6  -  4 , 4  -  6 , 7  -  6 5 ,-
540,2025,Round of 128,wimbledon,Carlos Alcaraz,a0e2,Fabio Fognini,f510,(2), 7  -  5 , 6 5  -  7 , 7  -  5 , 2  -  6 , 6  -  1 
540,2025,Round of 128,wimbledon,Arthur Rinderknech,rc91,Alexander Zverev,z355,, 7  -  6 3 , 6 8  -  7 , 6  -  3 , 6 5  -  7 , 6  -  4 
540,2025,Round of 128,wimbledon,Taylor Fritz,fb98,Giovanni Mpetshi Perricard,m0gz,(5), 6 6  -  7 , 6 8  -  7 , 6  -  4 , 7  -  6 6 , 6  -  4 
540,2025,Round of 128,wimbledon,Nicolas Jarry,j551,Holger Rune,r0dg,(Q), 4  -  6 , 4  -  6 , 7  -  5 , 6  -  3 , 6  -  4 
540,2025,Round of 128,wimbledon,Benjamin Bonzi,bm95,Daniil Medvedev,mm58,, 7  -  6 2 , 3  -  6 , 7  -  6 3 , 6  -  2 ,-
540,2025,Round of 128,wimbledon,Frances Tiafoe,td51,Elmer Moller,m0k4,(12), 6  -  3 , 6  -  4 , 6  -  2 ,-,-
540,2025,Round of 128,wimbledon,Andrey Rublev,re44,Laslo Djere,db63,(14), 6  -  0 , 7  -  6 5 , 6 9  -  7 , 7  -  6 6 ,-
540,2025,Round of 128,wimbledon,Nuno Borges,bt72,Francisco Cerundolo,c0au,, 4  -  6 , 6  -  3 , 7  -  6 5 , 6  -  0 ,-
540,2025,Round of 128,wimbledon,Karen Khachanov,ke29,Mackenzie McDonald,mk66,(17), 7  -  5 , 6  -  4 , 6  -  4 ,-,-
540,2025,Round of 128,wimbledon,Arthur Fery,f0dm,Alexei Popyrin,p09z,(WC), 6  -  4 , 6  -  1 , 4  -  6 , 6  -  4 ,-
540,2025,Round of 128,wimbledon,Jiri Lehecka,l0bv,Hugo Dellien,da31,(23), 4  -  6 , 6  -  2 , 6  -  2 , 7  -  6 0 ,-
540,2025,Round of 128,wimbledon,Valentin Royer,r0eb,Stefanos Tsitsipas,te51,(Q), 6  -  3 , 6  -  2 ,-,-,-
540,2025,Round of 128,wimbledon,Felix Auger-Aliassime,ag37,James Duckworth,d994,(25), 6  -  2 , 3  -  6 , 6 2  -  7 , 6  -  4 , 6  -  4 
540,2025,Round of 128,wimbledon,Alejandro Davidovich Fokina,dh50,Brandon Holt,h09p,(26), 6  -  2 , 6  -  4 , 7  -  5 ,-,-
540,2025,Round of 128,wimbledon,Jenson Brooksby,b0cd,Tallon Griekspoor,gj37,, 6  -  2 , 7  -  5 , 6  -  3 ,-,-
540,2025,Round of 128,wimbledon,Kamil Majchrzak,mq75,Matteo Berrettini,bk40,, 4  -  6 , 6  -  2 , 6  -  4 , 5  -  7 , 6  -  3 
540,2025,Round of 128,wimbledon,Mattia Bellucci,b0gg,Oliver Crawford,c0ak,, 6 2  -  7 , 6  -  3 , 6  -  4 , 6  -  4 ,-
540,2025,Round of 128,wimbledon,Luciano Darderi,d0fj,Roman Safiullin,sx50,, 7  -  6 3 , 1  -  6 , 6 2  -  7 , 6  -  3 , 6  -  1 
540,2025,Round of 128,wimbledon,Gabriel Diallo,d0f6,Daniel Altmaier,ae14,, 6  -  1 , 6  -  2 , 6  -  4 ,-,-
540,2025,Round of 128,wimbledon,Joao Fonseca,f0fv,Jacob Fearnley,f0by,, 6  -  4 , 6  -  1 , 7  -  6 5 ,-,-
540,2025,Round of 128,wimbledon,Cristian Garin,gd64,Chris Rodesch,r0e0,(LL), 7  -  6 8 , 6  -  4 , 6  -  4 ,-,-
540,2025,Round of 128,wimbledon,Billy Harris,hd68,Dusan Lajovic,l987,, 6  -  3 , 6  -  2 , 6  -  4 ,-,-
540,2025,Round of 128,wimbledon,Lloyd Harris,hg86,Zizou Bergs,bu13,, 7  -  6 7 , 7  -  6 2 , 6 5  -  7 , 6  -  2 ,-
540,2025,Round of 128,wimbledon,Adrian Mannarino,me82,Christopher O'Connell,o483,(Q), 6  -  2 , 6  -  4 , 6  -  3 ,-,-
540,2025,Round of 128,wimbledon,Shintaro Mochizuki,m0hu,Giulio Zeppieri,z0a1,(Q), 2  -  6 , 3  -  6 , 6  -  3 , 7  -  6 6 , 7  -  5 
540,2025,Round of 128,wimbledon,Cameron Norrie,n771,Roberto Bautista Agut,bd06,, 6  -  3 , 3  -  6 , 6  -  4 , 7  -  6 3 ,-
540,2025,Round of 128,wimbledon,Ethan Quinn,q02l,Henry Searle,s0tx,, 4  -  6 , 6  -  2 , 7  -  6 11 , 6  -  2 ,-
540,2025,Round of 128,wimbledon,Jan-Lennard Struff,sl28,Filip Misolic,m0jz,, 6  -  2 , 5  -  7 , 6  -  3 , 6  -  3 ,-
540,2025,Round of 128,wimbledon,Oliver Tarvet,t0gr,Leandro Riedi,r0fs,(Q), 6  -  4 , 6  -  4 , 6  -  4 ,-,-
540,2025,Round of 128,wimbledon,Jordan Thompson,tc61,Vit Kopriva,ki82,, 3  -  6 , 4  -  6 , 6  -  3 , 7  -  6 1 , 6  -  1 
540,2025,Round of 128,wimbledon,Learner Tien,t0ha,Nishesh Basavareddy,b0nn,, 7  -  6 5 , 6  -  3 , 6  -  2 ,-,-
540,2025,Round of 128,wimbledon,Botic van de Zandschulp,v812,Matteo Arnaldi,a0fc,, 7  -  6 4 , 7  -  6 5 , 6  -  4 ,-,-
540,2025,3rd Round Qualifying,wimbledon,Chris Rodesch,r0e0,Marton Fucsovics,f724,, 6  -  3 , 6  -  4 , 0  -  6 , 7  -  6 4 ,-
540,2025,3rd Round Qualifying,wimbledon,James McCabe,m0oq,Tomas Barrios Vera,bs86,, 4  -  6 , 6  -  3 , 7  -  6 5 , 7  -  6 7 ,-
540,2025,3rd Round Qualifying,wimbledon,Valentin Royer,r0eb,Titouan Droguet,d0dw,(6), 6  -  3 , 6  -  4 , 6  -  2 ,-,-
540,2025,3rd Round Qualifying,wimbledon,Arthur Cazaux,c0h0,Dusan Lajovic,l987,(7), 6 6  -  7 , 6  -  2 , 6  -  3 , 6  -  4 ,-
540,2025,3rd Round Qualifying,wimbledon,Giulio Zeppieri,z0a1,Cristian Garin,gd64,, 1  -  6 , 6  -  2 , 6  -  4 , 5  -  7 , 7  -  5 
540,2025,3rd Round Qualifying,wimbledon,Jaime Faria,f0f2,Kyrian Jacquet,j0az,(11), 7  -  5 , 4  -  6 , 6  -  3 , 6  -  2 ,-
540,2025,3rd Round Qualifying,wimbledon,Nikoloz Basilashvili,bg23,Juan Pablo Ficovich,fa43,(16), 1  -  6 , 7  -  5 , 6  -  2 , 6  -  1 ,-
540,2025,3rd Round Qualifying,wimbledon,Adrian Mannarino,me82,Li Tu,tc01,(18), 3  -  6 , 6  -  3 , 6  -  4 , 6  -  4 ,-
540,2025,3rd Round Qualifying,wimbledon,Oliver Tarvet,t0gr,Alexander Blockx,b0pg,(WC), 6  -  3 , 3  -  6 , 6  -  2 , 6  -  1 ,-
540,2025,3rd Round Qualifying,wimbledon,Filip Misolic,m0jz,Benjamin Hassan,hg94,(30), 2  -  6 , 7  -  6 6 , 7  -  6 5 , 6  -  3 ,-
540,2025,3rd Round Qualifying,wimbledon,Nicolas Jarry,j551,Lukas Klein,ki63,(32), 6  -  4 , 6  -  2 , 6  -  4 ,-,-
540,2025,3rd Round Qualifying,wimbledon,Alex Bolt,bi81,Martin Landaluce,l0il,, 6  -  1 , 6  -  2 , 6  -  4 ,-,-
540,2025,3rd Round Qualifying,wimbledon,August Holmgren,h09n,Yosuke Watanuki,wb08,, 6  -  4 , 6 2  -  7 , 3  -  6 , 7  -  6 11 , 7  -  6 7 
540,2025,3rd Round Qualifying,wimbledon,Shintaro Mochizuki,m0hu,Dominic Stricker,s0la,, 7  -  6 3 , 3  -  6 , 6  -  2 , 6  -  4 ,-
540,2025,3rd Round Qualifying,wimbledon,Leandro Riedi,r0fs,Hamish Stewart,s0ex,, 6  -  3 , 4  -  6 , 6  -  3 , 6  -  4 ,-
540,2025,3rd Round Qualifying,wimbledon,Beibit Zhukayev,z09z,Luka Pavlovic,p0ay,, 3  -  6 , 6  -  3 , 6  -  2 , 7  -  6 5 ,-
540,2025,2nd Round Qualifying,wimbledon,Marton Fucsovics,f724,Zachary Svajda,s0k7,(1), 7  -  6 5 , 6  -  3 ,-,-,-
540,2025,2nd Round Qualifying,wimbledon,Benjamin Hassan,hg94,Tristan Schoolkate,s0n0,, 7  -  6 4 , 6  -  3 ,-,-,-
540,2025,2nd Round Qualifying,wimbledon,Tomas Barrios Vera,bs86,Henrique Rocha,r0go,(5), 6  -  4 , 6  -  3 ,-,-,-
540,2025,2nd Round Qualifying,wimbledon,Valentin Royer,r0eb,Yasutaka Uchiyama,u134,(6), 7  -  6 5 , 7  -  5 ,-,-,-
540,2025,2nd Round Qualifying,wimbledon,Arthur Cazaux,c0h0,Ugo Blanchet,bv16,(7), 7  -  5 , 6  -  4 ,-,-,-
540,2025,2nd Round Qualifying,wimbledon,Cristian Garin,gd64,Hady Habib,hf80,(8), 6  -  0 , 6  -  4 ,-,-,-
540,2025,2nd Round Qualifying,wimbledon,Alex Bolt,bi81,Eliot Spizzirri,s0ja,, 7  -  6 5 , 2  -  6 , 6  -  2 ,-,-
540,2025,2nd Round Qualifying,wimbledon,Jaime Faria,f0f2,Marco Trungelliti,ta29,(11), 6  -  3 , 7  -  5 ,-,-,-
540,2025,2nd Round Qualifying,wimbledon,Dominic Stricker,s0la,Emilio Nava,n0am,, 7  -  6 2 , 6  -  4 ,-,-,-
540,2025,2nd Round Qualifying,wimbledon,Lukas Klein,ki63,Dalibor Svrcina,s0gd,, 7  -  6 5 , 7  -  5 ,-,-,-
540,2025,2nd Round Qualifying,wimbledon,Nikoloz Basilashvili,bg23,Coleman Wong,w0bh,(16), 7  -  6 1 , 7  -  6 3 ,-,-,-
540,2025,2nd Round Qualifying,wimbledon,Adrian Mannarino,me82,Nicolai Budkov Kjaer,b0u4,(18), 6  -  2 , 6  -  3 ,-,-,-
540,2025,2nd Round Qualifying,wimbledon,James McCabe,m0oq,Roman Andres Burruchaga,b0fv,, 6  -  1 , 6  -  4 ,-,-,-
540,2025,2nd Round Qualifying,wimbledon,Kyrian Jacquet,j0az,Vilius Gaubas,g0fw,, 6  -  3 , 7  -  5 ,-,-,-
540,2025,2nd Round Qualifying,wimbledon,Leandro Riedi,r0fs,Federico Agustin Gomez,gj16,, 4  -  6 , 6  -  3 , 7  -  6 8 ,-,-
540,2025,2nd Round Qualifying,wimbledon,Dusan Lajovic,l987,Arthur Bouquier,b0er,(26), 6  -  2 , 6  -  4 ,-,-,-
540,2025,2nd Round Qualifying,wimbledon,Beibit Zhukayev,z09z,Yannick Hanfmann,h997,, 7  -  6 7 , 6  -  3 ,-,-,-
540,2025,2nd Round Qualifying,wimbledon,Alexander Blockx,b0pg,Timofey Skatov,s0gr,(29), 6  -  4 , 7  -  5 ,-,-,-
540,2025,2nd Round Qualifying,wimbledon,Filip Misolic,m0jz,Gauthier Onclin,o0a2,(30), 6  -  4 , 6  -  2 ,-,-,-
540,2025,2nd Round Qualifying,wimbledon,Nicolas Jarry,j551,Jozef Kovalik,kc04,(32), 6  -  3 , 6  -  4 ,-,-,-
540,2025,2nd Round Qualifying,wimbledon,Titouan Droguet,d0dw,Taro Daniel,da81,, 6  -  4 , 4  -  6 , 6  -  4 ,-,-
540,2025,2nd Round Qualifying,wimbledon,Juan Pablo Ficovich,fa43,Oliver Bonding,sr:competitor:1017343,, 7  -  5 , 6  -  4 ,-,-,-
540,2025,2nd Round Qualifying,wimbledon,August Holmgren,h09n,Mikhail Kukushkin,k926,, 4  -  6 , 7  -  6 4 , 6  -  2 ,-,-
540,2025,2nd Round Qualifying,wimbledon,Martin Landaluce,l0il,Ryan Peniston,ph78,, 3  -  6 , 6  -  4 , 6  -  4 ,-,-
540,2025,2nd Round Qualifying,wimbledon,Shintaro Mochizuki,m0hu,Felipe Meligeni Alves,mw75,, 6  -  3 , 6  -  3 ,-,-,-
540,2025,2nd Round Qualifying,wimbledon,Luka Pavlovic,p0ay,James Trotter,t0bw,, 6  -  3 , 6 5  -  7 , 7  -  6 6 ,-,-
540,2025,2nd Round Qualifying,wimbledon,Chris Rodesch,r0e0,Mark Lajal,l0gh,, 6  -  1 , 6  -  3 ,-,-,-
540,2025,2nd Round Qualifying,wimbledon,Hamish Stewart,s0ex,Luca Van Assche,v0dz,(WC), 7  -  6 3 , 4  -  6 , 7  -  6 9 ,-,-
540,2025,2nd Round Qualifying,wimbledon,Oliver Tarvet,t0gr,Alexis Galarneau,gk06,(WC), 6  -  3 , 6  -  2 ,-,-,-
540,2025,2nd Round Qualifying,wimbledon,Li Tu,tc01,Sho Shimabukuro,sy67,, 3  -  6 , 7  -  6 8 , 7  -  6 9 ,-,-
540,2025,2nd Round Qualifying,wimbledon,Yosuke Watanuki,wb08,Colton Smith,s0ze,, 7  -  6 3 , 6  -  3 ,-,-,-
540,2025,2nd Round Qualifying,wimbledon,Giulio Zeppieri,z0a1,Paul Jubb,j0a4,, 6  -  3 , 6  -  2 ,-,-,-
540,2025,1st Round Qualifying,wimbledon,Marton Fucsovics,f724,Jurij Rodionov,r09x,(1), 6  -  4 , 6  -  3 ,-,-,-
540,2025,1st Round Qualifying,wimbledon,Tristan Schoolkate,s0n0,Facundo Diaz Acosta,d0cg,(2), 6 4  -  7 , 6  -  1 , 6  -  3 ,-,-
540,2025,1st Round Qualifying,wimbledon,Luca Van Assche,v0dz,Juan Manuel Cerundolo,c0c8,, 7  -  6 5 , 6  -  2 ,-,-,-
540,2025,1st Round Qualifying,wimbledon,Li Tu,tc01,Daniel Elahi Galan,ge33,, 6  -  3 , 6  -  2 ,-,-,-
540,2025,1st Round Qualifying,wimbledon,Tomas Barrios Vera,bs86,James Story,s0h9,(5), 6  -  0 , 6  -  2 ,-,-,-
540,2025,1st Round Qualifying,wimbledon,Valentin Royer,r0eb,Marc-Andrea Huesler,hh06,(6), 4  -  6 , 6  -  0 , 6  -  2 ,-,-
540,2025,1st Round Qualifying,wimbledon,Arthur Cazaux,c0h0,Ignacio Buse,b0id,(7), 6  -  2 , 6 11  -  7 , 6  -  1 ,-,-
540,2025,1st Round Qualifying,wimbledon,Cristian Garin,gd64,Francesco Maestrelli,m0if,(8), 6  -  3 , 6  -  4 ,-,-,-
540,2025,1st Round Qualifying,wimbledon,Luka Pavlovic,p0ay,Tristan Boyer,b0ej,, 7  -  6 5 , 7  -  6 2 ,-,-,-
540,2025,1st Round Qualifying,wimbledon,Eliot Spizzirri,s0ja,Alejandro Moro Canas,m0ht,(10), 7  -  6 4 , 6 6  -  7 , 6  -  4 ,-,-
540,2025,1st Round Qualifying,wimbledon,Jaime Faria,f0f2,Zsombor Piros,p09o,(11), 6  -  4 , 6  -  2 ,-,-,-
540,2025,1st Round Qualifying,wimbledon,Mikhail Kukushkin,k926,Thiago Seyboth Wild,sx91,, 4  -  6 , 6  -  4 , 6  -  3 ,-,-
540,2025,1st Round Qualifying,wimbledon,Emilio Nava,n0am,Mitchell Krueger,kc12,(13), 7  -  6 6 , 7  -  6 3 ,-,-,-
540,2025,1st Round Qualifying,wimbledon,Oliver Tarvet,t0gr,Terence Atmane,a0gc,(WC), 6  -  1 , 7  -  6 2 ,-,-,-
540,2025,1st Round Qualifying,wimbledon,Dalibor Svrcina,s0gd,Omar Jasika,j553,(15), 6  -  1 , 6  -  2 ,-,-,-
540,2025,1st Round Qualifying,wimbledon,Nikoloz Basilashvili,bg23,Pablo Llamas Ruiz,l0cx,(16), 6  -  3 , 4  -  6 , 6  -  3 ,-,-
540,2025,1st Round Qualifying,wimbledon,Shintaro Mochizuki,m0hu,Pierre-Hugues Herbert,h996,, 6  -  1 , 6  -  1 ,-,-,-
540,2025,1st Round Qualifying,wimbledon,Adrian Mannarino,me82,Andrea Collarini,cc66,(18), 6  -  4 , 6  -  2 ,-,-,-
540,2025,1st Round Qualifying,wimbledon,Paul Jubb,j0a4,Thiago Agustin Tirante,t0a1,(WC), 6  -  3 , 6  -  2 ,-,-,-
540,2025,1st Round Qualifying,wimbledon,Juan Pablo Ficovich,fa43,Carlos Taberner,te16,, 7  -  6 0 , 6  -  3 ,-,-,-
540,2025,1st Round Qualifying,wimbledon,Roman Andres Burruchaga,b0fv,Dmitry Popko,pg20,(21), 6  -  2 , 6  -  1 ,-,-,-
540,2025,1st Round Qualifying,wimbledon,Vilius Gaubas,g0fw,Yuta Shimizu,s0aq,(22), 6 2  -  7 , 6  -  4 , 6  -  4 ,-,-
540,2025,1st Round Qualifying,wimbledon,Chris Rodesch,r0e0,Matteo Gigante,g0gd,, 6  -  2 , 6  -  4 ,-,-,-
540,2025,1st Round Qualifying,wimbledon,Federico Agustin Gomez,gj16,Federico Arnaboldi,a0ba,(24), 6  -  4 , 6  -  4 ,-,-,-
540,2025,1st Round Qualifying,wimbledon,Titouan Droguet,d0dw,Andrea Pellegrino,ph64,, 6  -  1 , 7  -  5 ,-,-,-
540,2025,1st Round Qualifying,wimbledon,Dusan Lajovic,l987,Liam Draxl,d0dp,(26), 3  -  6 , 6  -  3 , 6  -  3 ,-,-
540,2025,1st Round Qualifying,wimbledon,Yannick Hanfmann,h997,Hugo Grenier,gf95,(27), 7  -  5 , 6  -  2 ,-,-,-
540,2025,1st Round Qualifying,wimbledon,Yosuke Watanuki,wb08,Thiago Monteiro,mj08,, 7  -  6 9 , 6  -  6 ,-,-,-
540,2025,1st Round Qualifying,wimbledon,Alexander Blockx,b0pg,Facundo Mena,mj98,(29), 7  -  5 , 6  -  1 ,-,-,-
540,2025,1st Round Qualifying,wimbledon,Filip Misolic,m0jz,Guy Den Ouden,d0h9,(30), 3  -  6 , 6  -  1 , 7  -  5 ,-,-
540,2025,1st Round Qualifying,wimbledon,Martin Landaluce,l0il,Francesco Passaro,p0ct,, 6  -  2 , 3  -  6 , 7  -  6 6 ,-,-
540,2025,1st Round Qualifying,wimbledon,Nicolas Jarry,j551,Pavel Kotov,k09f,(32), 7  -  6 5 , 6  -  1 ,-,-,-
540,2025,1st Round Qualifying,wimbledon,Ugo Blanchet,bv16,Daniel Rincon,r0fp,, 7  -  5 , 7  -  6 5 ,-,-,-
540,2025,1st Round Qualifying,wimbledon,Alex Bolt,bi81,Harold Mayot,m0g4,, 6  -  3 , 6  -  4 ,-,-,-
540,2025,1st Round Qualifying,wimbledon,Oliver Bonding,sr:competitor:1017343,Viktor Durasovic,dc76,(WC), 7  -  5 , 2  -  6 , 6  -  4 ,-,-
540,2025,1st Round Qualifying,wimbledon,Arthur Bouquier,b0er,Alastair Gray,g0ao,, 5  -  7 , 6  -  3 , 6  -  4 ,-,-
540,2025,1st Round Qualifying,wimbledon,Nicolai Budkov Kjaer,b0u4,Yan Bai,be69,(WC), 7  -  6 3 , 6  -  2 ,-,-,-
540,2025,1st Round Qualifying,wimbledon,Taro Daniel,da81,Edas Butvilas,b0mm,, 7  -  6 8 , 6  -  3 ,-,-,-
540,2025,1st Round Qualifying,wimbledon,Alexis Galarneau,gk06,Murphy Cassone,c0ht,, 6  -  4 , 2  -  6 , 6  -  4 ,-,-
540,2025,1st Round Qualifying,wimbledon,Hady Habib,hf80,Filip Cristian Jianu,j09x,, 4  -  6 , 6  -  1 , 7  -  5 ,-,-
540,2025,1st Round Qualifying,wimbledon,Benjamin Hassan,hg94,Duje Ajdukovic,a0cj,, 7  -  6 7 , 6  -  0 ,-,-,-
540,2025,1st Round Qualifying,wimbledon,August Holmgren,h09n,Giles Hussey,h0dc,, 4  -  6 , 6  -  3 , 7  -  5 ,-,-
540,2025,1st Round Qualifying,wimbledon,Kyrian Jacquet,j0az,Maximilian Marterer,mn13,, 6  -  1 , 6 5  -  7 , 6  -  1 ,-,-
540,2025,1st Round Qualifying,wimbledon,Lukas Klein,ki63,Jerome Kym,k0ep,, 6  -  2 , 6  -  4 ,-,-,-
540,2025,1st Round Qualifying,wimbledon,Jozef Kovalik,kc04,Antoine Escoffier,e768,, 6  -  4 , 6 5  -  7 , 7  -  6 7 ,-,-
540,2025,1st Round Qualifying,wimbledon,Mark Lajal,l0gh,Jan Choinski,ch12,, 3  -  6 , 6  -  4 , 6  -  3 ,-,-
540,2025,1st Round Qualifying,wimbledon,James McCabe,m0oq,Borna Gojo,gh92,, 6  -  4 , 7  -  5 ,-,-,-
540,2025,1st Round Qualifying,wimbledon,Felipe Meligeni Alves,mw75,Alvaro Guillen Meza,g0dh,, 6  -  3 , 0  -  6 , 7  -  6 4 ,-,-
540,2025,1st Round Qualifying,wimbledon,Gauthier Onclin,o0a2,Constant Lestienne,lb66,, 6  -  2 , 4  -  6 , 6  -  4 ,-,-
540,2025,1st Round Qualifying,wimbledon,Ryan Peniston,ph78,Facundo Bagnis,bf23,(WC), 6  -  3 , 6  -  1 ,-,-,-
540,2025,1st Round Qualifying,wimbledon,Leandro Riedi,r0fs,Fajing Sun,sx90,, 6  -  4 , 7  -  5 ,-,-,-
540,2025,1st Round Qualifying,wimbledon,Henrique Rocha,r0go,Murkel Dellien,dc48,, 6  -  3 , 6  -  1 ,-,-,-
540,2025,1st Round Qualifying,wimbledon,Sho Shimabukuro,sy67,Aziz Dougaz,df88,, 4  -  6 , 6  -  3 , 6  -  4 ,-,-
540,2025,1st Round Qualifying,wimbledon,Timofey Skatov,s0gr,Stefano Napolitano,sr:competitor:42152,, 6  -  1 , 6  -  4 ,-,-,-
540,2025,1st Round Qualifying,wimbledon,Colton Smith,s0ze,Santiago Rodriguez Taverna,rh59,, 6  -  4 , 6  -  1 ,-,-,-
540,2025,1st Round Qualifying,wimbledon,Hamish Stewart,s0ex,Valentin Vacherot,va25,(WC), 4  -  6 , 5  -  6 ,-,-,-
540,2025,1st Round Qualifying,wimbledon,Dominic Stricker,s0la,Saba Purtseladze,p0ea,, 6  -  3 , 6  -  2 ,-,-,-
540,2025,1st Round Qualifying,wimbledon,Zachary Svajda,s0k7,Lukas Neumayer,n0cs,, 6  -  2 , 6  -  3 ,-,-,-
540,2025,1st Round Qualifying,wimbledon,James Trotter,t0bw,Calvin Hemery,hb48,, 7  -  6 1 , 6  -  4 ,-,-,-
540,2025,1st Round Qualifying,wimbledon,Marco Trungelliti,ta29,Alibek Kachmazov,k0e6,, 2  -  6 , 6  -  3 , 6  -  3 ,-,-
540,2025,1st Round Qualifying,wimbledon,Yasutaka Uchiyama,u134,Gijs Brouwer,bo10,, 6  -  2 , 6  -  3 ,-,-,-
540,2025,1st Round Qualifying,wimbledon,Coleman Wong,w0bh,Pol Martin Tiffon,m0ea,, 6  -  3 , 6  -  4 ,-,-,-
540,2025,1st Round Qualifying,wimbledon,Giulio Zeppieri,z0a1,Sumit Nagal,n897,, 6  -  2 , 4  -  6 , 6  -  2 ,-,-
540,2025,1st Round Qualifying,wimbledon,Beibit Zhukayev,z09z,Vitaliy Sachko,ss25,, 7  -  5 , 4  -  6 , 7  -  6 3 ,-,-
7480,2025,Final,mifel_tennis_open_by_telcel_oppo,Denis Shapovalov,su55,Aleksandar Kovacevic,k0az,01:15:19, 6  -  4 , 6  -  2 ,-,-,-
7480,2025,Semifinals,mifel_tennis_open_by_telcel_oppo,Aleksandar Kovacevic,k0az,Andrey Rublev,re44,02:28:32, 3  -  6 , 6  -  4 , 6  -  4 ,-,-
7480,2025,Semifinals,mifel_tennis_open_by_telcel_oppo,Denis Shapovalov,su55,Adam Walton,w09e,01:06:31, 6  -  2 , 6  -  2 ,-,-,-
7480,2025,Quarterfinals,mifel_tennis_open_by_telcel_oppo,Andrey Rublev,re44,Emilio Nava,n0am,02:18:06, 5  -  7 , 6  -  4 , 6  -  3 ,-,-
7480,2025,Quarterfinals,mifel_tennis_open_by_telcel_oppo,Denis Shapovalov,su55,Tristan Schoolkate,s0n0,01:17:44, 6  -  3 , 6  -  2 ,-,-,-
7480,2025,Quarterfinals,mifel_tennis_open_by_telcel_oppo,Aleksandar Kovacevic,k0az,Juan Pablo Ficovich,fa43,01:20:15, 6  -  3 , 6  -  1 ,-,-,-
7480,2025,Quarterfinals,mifel_tennis_open_by_telcel_oppo,Adam Walton,w09e,James Duckworth,d994,02:00:45, 3  -  6 , 6  -  3 , 6  -  4 ,-,-
7480,2025,Round of 16,mifel_tennis_open_by_telcel_oppo,Andrey Rublev,re44,Alex Hernandez,h0cd,01:14:14, 6  -  3 , 6  -  2 ,-,-,-
7480,2025,Round of 16,mifel_tennis_open_by_telcel_oppo,James Duckworth,d994,Alejandro Davidovich Fokina,dh50,01:27:40, 6  -  3 , 6  -  4 ,-,-,-
7480,2025,Round of 16,mifel_tennis_open_by_telcel_oppo,Denis Shapovalov,su55,Govind Nanda,n0al,01:00:03, 6  -  1 , 6  -  2 ,-,-,-
7480,2025,Round of 16,mifel_tennis_open_by_telcel_oppo,Juan Pablo Ficovich,fa43,Quentin Halys,hb64,02:32:35, 6  -  4 , 6 5  -  7 , 6  -  3 ,-,-
7480,2025,Round of 16,mifel_tennis_open_by_telcel_oppo,Tristan Schoolkate,s0n0,Daniel Altmaier,ae14,01:17:29, 6  -  3 , 6  -  4 ,-,-,-
7480,2025,Round of 16,mifel_tennis_open_by_telcel_oppo,Emilio Nava,n0am,Yunchaokete Bu,y09v,03:02:23, 3  -  6 , 7  -  5 , 7  -  6 6 ,-,-
7480,2025,Round of 16,mifel_tennis_open_by_telcel_oppo,Aleksandar Kovacevic,k0az,Luis Carlos Alvarez,a0iy,01:36:26, 7  -  5 , 6  -  4 ,-,-,-
7480,2025,Round of 16,mifel_tennis_open_by_telcel_oppo,Adam Walton,w09e,Nishesh Basavareddy,b0nn,01:01:32, 6  -  1 , 6  -  0 ,-,-,-
7480,2025,Round of 32,mifel_tennis_open_by_telcel_oppo,Daniel Altmaier,ae14,Mitchell Krueger,kc12,01:32:32, 6  -  4 , 6  -  3 ,-,-,-
7480,2025,Round of 32,mifel_tennis_open_by_telcel_oppo,Yunchaokete Bu,y09v,Alan Magadan,m0hd,02:04:48, 7  -  6 5 , 6  -  2 ,-,-,-
7480,2025,Round of 32,mifel_tennis_open_by_telcel_oppo,Adam Walton,w09e,Rodrigo Pacheco Mendez,p0j1,01:50:59, 7  -  6 5 , 6  -  2 ,-,-,-
7480,2025,Round of 32,mifel_tennis_open_by_telcel_oppo,Luis Carlos Alvarez,a0iy,James McCabe,m0oq,01:13:16, 6  -  1 , 6  -  2 ,-,-,-
7480,2025,Round of 32,mifel_tennis_open_by_telcel_oppo,Nishesh Basavareddy,b0nn,Nicolas Mejia,m0aw,01:22:20, 6  -  4 , 6  -  1 ,-,-,-
7480,2025,Round of 32,mifel_tennis_open_by_telcel_oppo,James Duckworth,d994,Adrian Mannarino,me82,01:30:57, 6  -  3 , 6  -  4 ,-,-,-
7480,2025,Round of 32,mifel_tennis_open_by_telcel_oppo,Govind Nanda,n0al,Colton Smith,s0ze,01:27:50, 6  -  4 , 6  -  2 ,-,-,-
7480,2025,Round of 32,mifel_tennis_open_by_telcel_oppo,Tristan Schoolkate,s0n0,Yibing Wu,wb32,02:01:01, 4  -  6 , 6  -  4 , 6  -  1 ,-,-
7480,2025,Round of 32,mifel_tennis_open_by_telcel_oppo,Aleksandar Kovacevic,k0az,Hady Habib,hf80,01:48:45, 6  -  1 , 3  -  6 , 6  -  3 ,-,-
7480,2025,Round of 32,mifel_tennis_open_by_telcel_oppo,Juan Pablo Ficovich,fa43,Alibek Kachmazov,k0e6,01:12:18, 6  -  3 , 6  -  2 ,-,-,-
7480,2025,Round of 32,mifel_tennis_open_by_telcel_oppo,Alex Hernandez,h0cd,Taro Daniel,da81,02:27:04, 3  -  6 , 7  -  5 , 6  -  4 ,-,-
7480,2025,Round of 32,mifel_tennis_open_by_telcel_oppo,Emilio Nava,n0am,Aleksandar Vukic,v832,01:41:06, 7  -  6 4 , 6  -  3 ,-,-,-
7480,2025,2nd Round Qualifying,mifel_tennis_open_by_telcel_oppo,Alan Magadan,m0hd,Mark Lajal,l0gh,01:26:07, 6  -  3 , 6  -  2 ,-,-,-
7480,2025,2nd Round Qualifying,mifel_tennis_open_by_telcel_oppo,Nicolas Mejia,m0aw,Murphy Cassone,c0ht,01:42:28, 6  -  3 , 7  -  5 ,-,-,-
7480,2025,2nd Round Qualifying,mifel_tennis_open_by_telcel_oppo,Yibing Wu,wb32,Bernard Tomic,ta46,01:16:12, 7  -  6 3 , 3  -  1 ,-,-,-
7480,2025,2nd Round Qualifying,mifel_tennis_open_by_telcel_oppo,Govind Nanda,n0al,Taha Baadi,b0d6,01:20:52, 6  -  4 , 6  -  2 ,-,-,-
7480,2025,1st Round Qualifying,mifel_tennis_open_by_telcel_oppo,Mark Lajal,l0gh,Luca Lemaitre,l0hn,01:22:17, 6  -  2 , 6  -  3 ,-,-,-
7480,2025,1st Round Qualifying,mifel_tennis_open_by_telcel_oppo,Murphy Cassone,c0ht,Evan Zhu,z09k,01:49:44, 6  -  1 , 2  -  6 , 6  -  4 ,-,-
7480,2025,1st Round Qualifying,mifel_tennis_open_by_telcel_oppo,Taha Baadi,b0d6,Yasutaka Uchiyama,u134,01:43:36, 6  -  4 , 6  -  4 ,-,-,-
7480,2025,1st Round Qualifying,mifel_tennis_open_by_telcel_oppo,Bernard Tomic,ta46,Elijah Strode,s0tb,00:44:04, 6  -  2 , 6  -  2 ,-,-,-
7480,2025,1st Round Qualifying,mifel_tennis_open_by_telcel_oppo,Nicolas Mejia,m0aw,Isaiah Strode,sx77,01:40:52, 6  -  2 , 7  -  5 ,-,-,-
7480,2025,1st Round Qualifying,mifel_tennis_open_by_telcel_oppo,Yibing Wu,wb32,Braden Shick,s0s5,01:11:37, 6  -  1 , 6  -  4 ,-,-,-
7480,2025,1st Round Qualifying,mifel_tennis_open_by_telcel_oppo,Alan Magadan,m0hd,Moerani Bouzige,b0ek,02:47:34, 5  -  7 , 6  -  3 , 7  -  6 5 ,-,-
7480,2025,1st Round Qualifying,mifel_tennis_open_by_telcel_oppo,Govind Nanda,n0al,Strong Kirchheimer,kg27,01:15:07, 6  -  4 , 6  -  1 ,-,-,-
314,2025,Final,efg_swiss_open_gstaad,Alexander Bublik,bk92,Juan Manuel Cerundolo,c0c8,02:07:49, 6  -  4 , 4  -  6 , 6  -  3 ,-,-
314,2025,Semifinals,efg_swiss_open_gstaad,Alexander Bublik,bk92,Arthur Cazaux,c0h0,01:13:22, 6  -  1 , 7  -  5 ,-,-,-
314,2025,Semifinals,efg_swiss_open_gstaad,Juan Manuel Cerundolo,c0c8,Ignacio Buse,b0id,01:22:24, 6  -  3 , 6  -  3 ,-,-,-
314,2025,Quarterfinals,efg_swiss_open_gstaad,Juan Manuel Cerundolo,c0c8,Casper Ruud,rh16,02:09:18, 6  -  2 , 1  -  6 , 6  -  3 ,-,-
314,2025,Quarterfinals,efg_swiss_open_gstaad,Alexander Bublik,bk92,Francisco Comesana,c0df,01:11:43, 6  -  4 , 6  -  3 ,-,-,-
314,2025,Quarterfinals,efg_swiss_open_gstaad,Ignacio Buse,b0id,Roman Andres Burruchaga,b0fv,02:14:27, 6  -  3 , 3  -  6 , 6  -  1 ,-,-
314,2025,Quarterfinals,efg_swiss_open_gstaad,Arthur Cazaux,c0h0,Jerome Kym,k0ep,02:17:49, 7  -  6 3 , 3  -  6 , 7  -  5 ,-,-
314,2025,Round of 16,efg_swiss_open_gstaad,Alexander Bublik,bk92,Alexander Shevchenko,s0h2,01:01:59, 6  -  2 , 6  -  3 ,-,-,-
314,2025,Round of 16,efg_swiss_open_gstaad,Arthur Cazaux,c0h0,Tomas Martin Etcheverry,ea24,02:30:43, 6  -  3 , 4  -  6 , 6  -  4 ,-,-
314,2025,Round of 16,efg_swiss_open_gstaad,Francisco Comesana,c0df,Roberto Carballes Baena,cf59,01:13:41, 6  -  1 , 6  -  4 ,-,-,-
314,2025,Round of 16,efg_swiss_open_gstaad,Jerome Kym,k0ep,Francesco Passaro,p0ct,01:55:11, 7  -  6 3 , 7  -  6 3 ,-,-,-
314,2025,Round of 16,efg_swiss_open_gstaad,Casper Ruud,rh16,Dominic Stricker,s0la,01:44:28, 7  -  5 , 7  -  6 6 ,-,-,-
314,2025,Round of 16,efg_swiss_open_gstaad,Juan Manuel Cerundolo,c0c8,David Goffin,gb88,02:07:49, 5  -  7 , 6  -  4 , 6  -  1 ,-,-
314,2025,Round of 16,efg_swiss_open_gstaad,Roman Andres Burruchaga,b0fv,Patrick Zahraj,z09f,02:15:46, 4  -  6 , 6  -  4 , 6  -  1 ,-,-
314,2025,Round of 16,efg_swiss_open_gstaad,Ignacio Buse,b0id,Kamil Majchrzak,mq75,01:51:05, 1  -  6 , 7  -  5 , 6  -  1 ,-,-
314,2025,Round of 32,efg_swiss_open_gstaad,David Goffin,gb88,Martin Landaluce,l0il,02:00:26, 7  -  6 2 , 6  -  3 ,-,-,-
314,2025,Round of 32,efg_swiss_open_gstaad,Francisco Comesana,c0df,Marco Trungelliti,ta29,01:16:33, 6  -  3 , 6  -  4 ,-,-,-
314,2025,Round of 32,efg_swiss_open_gstaad,Francesco Passaro,p0ct,Arthur Rinderknech,rc91,01:14:40, 6  -  1 , 7  -  5 ,-,-,-
314,2025,Round of 32,efg_swiss_open_gstaad,Roberto Carballes Baena,cf59,Carlos Taberner,te16,02:33:58, 1  -  6 , 6  -  2 , 7  -  6 5 ,-,-
314,2025,Round of 32,efg_swiss_open_gstaad,Juan Manuel Cerundolo,c0c8,Jan-Lennard Struff,sl28,02:20:01, 6  -  3 , 3  -  6 , 6  -  3 ,-,-
314,2025,Round of 32,efg_swiss_open_gstaad,Jerome Kym,k0ep,Calvin Hemery,hb48,02:15:39, 7  -  5 , 4  -  6 , 7  -  5 ,-,-
314,2025,Round of 32,efg_swiss_open_gstaad,Alexander Shevchenko,s0h2,Stan Wawrinka,w367,01:14:09, 6  -  3 , 6  -  2 ,-,-,-
314,2025,Round of 32,efg_swiss_open_gstaad,Ignacio Buse,b0id,Laslo Djere,db63,02:22:40, 7  -  6 4 , 1  -  6 , 6  -  4 ,-,-
314,2025,Round of 32,efg_swiss_open_gstaad,Roman Andres Burruchaga,b0fv,Dalibor Svrcina,s0gd,01:03:13, 6  -  3 , 6  -  1 ,-,-,-
314,2025,Round of 32,efg_swiss_open_gstaad,Arthur Cazaux,c0h0,Nikoloz Basilashvili,bg23,02:49:44, 4  -  6 , 7  -  5 , 7  -  6 5 ,-,-
314,2025,Round of 32,efg_swiss_open_gstaad,Kamil Majchrzak,mq75,Terence Atmane,a0gc,01:49:08, 6  -  4 , 3  -  6 , 6  -  2 ,-,-
314,2025,Round of 32,efg_swiss_open_gstaad,Dominic Stricker,s0la,Pierre-Hugues Herbert,h996,01:46:26, 4  -  6 , 6  -  4 , 6  -  2 ,-,-
314,2025,2nd Round Qualifying,efg_swiss_open_gstaad,Francesco Passaro,p0ct,Gonzalo Bueno,b0gr,01:23:37, 6  -  3 , 6  -  4 ,-,-,-
314,2025,2nd Round Qualifying,efg_swiss_open_gstaad,Marco Trungelliti,ta29,Henry Bernet,b0tp,02:44:41, 7  -  5 , 6 2  -  7 , 6  -  4 ,-,-
314,2025,2nd Round Qualifying,efg_swiss_open_gstaad,Ignacio Buse,b0id,Patrick Zahraj,z09f,01:57:47, 7  -  6 4 , 6  -  3 ,-,-,-
314,2025,2nd Round Qualifying,efg_swiss_open_gstaad,Calvin Hemery,hb48,Facundo Bagnis,bf23,01:45:38, 6  -  4 , 1  -  6 , 6  -  1 ,-,-
314,2025,1st Round Qualifying,efg_swiss_open_gstaad,Francesco Passaro,p0ct,Mika Brunold,b0lw,01:20:25, 6  -  3 , 6  -  2 ,-,-,-
314,2025,1st Round Qualifying,efg_swiss_open_gstaad,Calvin Hemery,hb48,Yannick Hanfmann,h997,01:55:19, 7  -  5 , 7  -  6 7 ,-,-,-
314,2025,1st Round Qualifying,efg_swiss_open_gstaad,Marco Trungelliti,ta29,Alexander Ritschard,rc04,01:35:59, 7  -  5 , 6  -  4 ,-,-,-
314,2025,1st Round Qualifying,efg_swiss_open_gstaad,Ignacio Buse,b0id,Albert Ramos-Vinolas,r772,02:45:08, 6  -  4 , 6 6  -  7 , 6  -  3 ,-,-
314,2025,1st Round Qualifying,efg_swiss_open_gstaad,Patrick Zahraj,z09f,Henrique Rocha,r0go,01:43:14, 7  -  5 , 6  -  4 ,-,-,-
314,2025,1st Round Qualifying,efg_swiss_open_gstaad,Gonzalo Bueno,b0gr,Marc-Andrea Huesler,hh06,02:07:13, 1  -  6 , 6  -  3 , 7  -  6 4 ,-,-
314,2025,1st Round Qualifying,efg_swiss_open_gstaad,Facundo Bagnis,bf23,Coleman Wong,w0bh,02:37:30, 6 7  -  7 , 7  -  5 , 6  -  4 ,-,-
314,2025,1st Round Qualifying,efg_swiss_open_gstaad,Henry Bernet,b0tp,Dmitry Popko,pg20,01:31:11, 7  -  6 3 , 6  -  3 ,-,-,-
316,2025,Final,nordea_open,Luciano Darderi,d0fj,Jesper de Jong,d0c1,02:06:57, 6  -  4 , 3  -  6 , 6  -  3 ,-,-
316,2025,Semifinals,nordea_open,Luciano Darderi,d0fj,Francisco Cerundolo,c0au,02:33:46, 6  -  2 , 3  -  6 , 7  -  6 3 ,-,-
316,2025,Semifinals,nordea_open,Jesper de Jong,d0c1,Camilo Ugo Carabelli,u182,01:52:20, 6  -  3 , 7  -  6 3 ,-,-,-
316,2025,Quarterfinals,nordea_open,Francisco Cerundolo,c0au,Damir Dzumhur,d923,01:46:41, 6  -  0 , 3  -  6 , 6  -  3 ,-,-
316,2025,Quarterfinals,nordea_open,Jesper de Jong,d0c1,Tallon Griekspoor,gj37,02:40:36, 4  -  6 , 7  -  6 3 , 6  -  3 ,-,-
316,2025,Quarterfinals,nordea_open,Luciano Darderi,d0fj,Sebastian Baez,b0bi,01:04:58, 6  -  0 , 6  -  2 ,-,-,-
316,2025,Quarterfinals,nordea_open,Camilo Ugo Carabelli,u182,Filip Misolic,m0jz,01:36:43, 6  -  3 , 7  -  5 ,-,-,-
316,2025,Round of 16,nordea_open,Francisco Cerundolo,c0au,Mariano Navone,n0bs,01:32:31, 6  -  3 , 6  -  3 ,-,-,-
316,2025,Round of 16,nordea_open,Filip Misolic,m0jz,Nuno Borges,bt72,01:59:24, 3  -  6 , 7  -  6 1 , 6  -  3 ,-,-
316,2025,Round of 16,nordea_open,Camilo Ugo Carabelli,u182,Botic van de Zandschulp,v812,02:50:42, 7  -  6 3 , 5  -  7 , 6  -  3 ,-,-
316,2025,Round of 16,nordea_open,Damir Dzumhur,d923,Hugo Gaston,g09o,01:48:42, 4  -  6 , 6  -  2 , 6  -  2 ,-,-
316,2025,Round of 16,nordea_open,Tallon Griekspoor,gj37,Andrea Pellegrino,ph64,02:11:45, 4  -  6 , 7  -  6 6 , 6  -  3 ,-,-
316,2025,Round of 16,nordea_open,Sebastian Baez,b0bi,Nicolai Budkov Kjaer,b0u4,02:04:29, 3  -  6 , 6  -  2 , 7  -  5 ,-,-
316,2025,Round of 16,nordea_open,Luciano Darderi,d0fj,Elias Ymer,y218,01:11:59, 6  -  2 , 6  -  2 ,-,-,-
316,2025,Round of 16,nordea_open,Jesper de Jong,d0c1,Vit Kopriva,ki82,02:27:16, 7  -  6 3 , 7  -  5 ,-,-,-
316,2025,Round of 32,nordea_open,Filip Misolic,m0jz,Elmer Moller,m0k4,02:41:33, 6  -  3 , 3  -  6 , 7  -  5 ,-,-
316,2025,Round of 32,nordea_open,Mariano Navone,n0bs,Tomas Barrios Vera,bs86,01:58:46, 7  -  5 , 7  -  5 ,-,-,-
316,2025,Round of 32,nordea_open,Camilo Ugo Carabelli,u182,Cristian Garin,gd64,02:03:36, 6  -  4 , 6  -  4 ,-,-,-
316,2025,Round of 32,nordea_open,Damir Dzumhur,d923,Sebastian Ofner,o513,01:27:30, 6  -  4 , 6  -  4 ,-,-,-
316,2025,Round of 32,nordea_open,Vit Kopriva,ki82,Hugo Dellien,da31,00:45:20, 6  -  1 , 3  -  0 ,-,-,-
316,2025,Round of 32,nordea_open,Nicolai Budkov Kjaer,b0u4,Thiago Monteiro,mj08,02:41:09, 5  -  7 , 6  -  3 , 7  -  6 2 ,-,-
316,2025,Round of 32,nordea_open,Hugo Gaston,g09o,Chun-Hsin Tseng,t0ap,01:18:36, 6  -  4 , 6  -  3 ,-,-,-
316,2025,Round of 32,nordea_open,Andrea Pellegrino,ph64,Jaime Faria,f0f2,01:46:42, 2  -  6 , 6  -  3 , 6  -  3 ,-,-
316,2025,Round of 32,nordea_open,Botic van de Zandschulp,v812,Mikael Ymer,y268,01:17:52, 6  -  4 , 6  -  1 ,-,-,-
316,2025,Round of 32,nordea_open,Elias Ymer,y218,Tristan Boyer,b0ej,02:14:35, 6  -  3 , 3  -  6 , 6  -  2 ,-,-
316,2025,Round of 32,nordea_open,Luciano Darderi,d0fj,Raphael Collignon,c0jp,02:09:52, 6  -  2 , 2  -  6 , 6  -  2 ,-,-
316,2025,Round of 32,nordea_open,Jesper de Jong,d0c1,William Rejchtman Vinciguerra,r0iu,01:22:44, 6  -  3 , 6  -  2 ,-,-,-
316,2025,2nd Round Qualifying,nordea_open,Filip Misolic,m0jz,Olle Wallin,w0bu,01:14:05, 7  -  6 2 , 6  -  2 ,-,-,-
316,2025,2nd Round Qualifying,nordea_open,Andrea Pellegrino,ph64,Timofey Skatov,s0gr,01:20:23, 6  -  3 , 6  -  2 ,-,-,-
316,2025,2nd Round Qualifying,nordea_open,Thiago Monteiro,mj08,Vilius Gaubas,g0fw,01:57:00, 1  -  6 , 6  -  2 , 6  -  3 ,-,-
316,2025,2nd Round Qualifying,nordea_open,Nicolai Budkov Kjaer,b0u4,Pablo Llamas Ruiz,l0cx,02:34:14, 3  -  6 , 7  -  6 4 , 6  -  3 ,-,-
316,2025,1st Round Qualifying,nordea_open,Filip Misolic,m0jz,Radu Albot,a829,01:33:49, 6  -  4 , 6  -  3 ,-,-,-
316,2025,1st Round Qualifying,nordea_open,Nicolai Budkov Kjaer,b0u4,Thiago Seyboth Wild,sx91,01:31:42, 6  -  3 , 6  -  4 ,-,-,-
316,2025,1st Round Qualifying,nordea_open,Andrea Pellegrino,ph64,Daniel Michalski,m0e1,02:18:16, 6  -  3 , 6 3  -  7 , 6  -  2 ,-,-
316,2025,1st Round Qualifying,nordea_open,Vilius Gaubas,g0fw,Ludvig Fredrik Hede,h0k7,01:08:25, 6  -  1 , 6  -  2 ,-,-,-
316,2025,1st Round Qualifying,nordea_open,Thiago Monteiro,mj08,Andrej Martin,mf35,01:30:13, 7  -  5 , 6  -  1 ,-,-,-
316,2025,1st Round Qualifying,nordea_open,Pablo Llamas Ruiz,l0cx,Luca Van Assche,v0dz,01:29:08, 6  -  3 , 6  -  0 ,-,-,-
316,2025,1st Round Qualifying,nordea_open,Timofey Skatov,s0gr,Sumit Nagal,n897,01:26:10, 6  -  2 , 6  -  4 ,-,-,-
316,2025,1st Round Qualifying,nordea_open,Olle Wallin,w0bu,Viktor Durasovic,dc76,02:23:46, 3  -  6 , 7  -  6 6 , 7  -  6 4 ,-,-
439,2025,Final,plava_laguna_croatia_open_umag,Luciano Darderi,d0fj,Carlos Taberner,te16,01:26:44, 6  -  3 , 6  -  3 ,-,-,-
439,2025,Semifinals,plava_laguna_croatia_open_umag,Luciano Darderi,d0fj,Camilo Ugo Carabelli,u182,01:44:32, 7  -  6 6 , 6  -  3 ,-,-,-
439,2025,Semifinals,plava_laguna_croatia_open_umag,Carlos Taberner,te16,Damir Dzumhur,d923,01:36:17, 6  -  2 , 6  -  1 ,-,-,-
439,2025,Quarterfinals,plava_laguna_croatia_open_umag,Luciano Darderi,d0fj,Dino Prizmic,p0hw,02:12:02, 1  -  6 , 6  -  2 , 6  -  3 ,-,-
439,2025,Quarterfinals,plava_laguna_croatia_open_umag,Camilo Ugo Carabelli,u182,Pablo Llamas Ruiz,l0cx,01:25:10, 6  -  4 , 5  -  2 ,-,-,-
439,2025,Quarterfinals,plava_laguna_croatia_open_umag,Damir Dzumhur,d923,Titouan Droguet,d0dw,02:19:21, 3  -  6 , 7  -  5 , 6  -  2 ,-,-
439,2025,Quarterfinals,plava_laguna_croatia_open_umag,Carlos Taberner,te16,Jesper de Jong,d0c1,01:34:18, 7  -  5 , 6  -  3 ,-,-,-
439,2025,Round of 16,plava_laguna_croatia_open_umag,Carlos Taberner,te16,Francisco Cerundolo,c0au,03:20:52, 6 2  -  7 , 6  -  4 , 7  -  5 ,-,-
439,2025,Round of 16,plava_laguna_croatia_open_umag,Luciano Darderi,d0fj,Chun-Hsin Tseng,t0ap,01:29:52, 7  -  5 , 6  -  0 ,-,-,-
439,2025,Round of 16,plava_laguna_croatia_open_umag,Damir Dzumhur,d923,Stan Wawrinka,w367,01:59:09, 6  -  4 , 7  -  5 ,-,-,-
439,2025,Round of 16,plava_laguna_croatia_open_umag,Jesper de Jong,d0c1,Mariano Navone,n0bs,01:36:51, 6  -  3 , 6  -  4 ,-,-,-
439,2025,Round of 16,plava_laguna_croatia_open_umag,Titouan Droguet,d0dw,Vit Kopriva,ki82,01:19:52, 6  -  2 , 6  -  3 ,-,-,-
439,2025,Round of 16,plava_laguna_croatia_open_umag,Dino Prizmic,p0hw,Nikoloz Basilashvili,bg23,01:53:06, 2  -  6 , 6  -  3 , 6  -  2 ,-,-
439,2025,Round of 16,plava_laguna_croatia_open_umag,Camilo Ugo Carabelli,u182,Francesco Passaro,p0ct,02:32:57, 6 5  -  7 , 6  -  2 , 6  -  3 ,-,-
439,2025,Round of 16,plava_laguna_croatia_open_umag,Pablo Llamas Ruiz,l0cx,Terence Atmane,a0gc,01:17:47, 6  -  3 , 6  -  3 ,-,-,-
439,2025,Round of 32,plava_laguna_croatia_open_umag,Jesper de Jong,d0c1,Mili Poljicak,p0gq,01:23:50, 6  -  3 , 6  -  3 ,-,-,-
439,2025,Round of 32,plava_laguna_croatia_open_umag,Dino Prizmic,p0hw,Elmer Moller,m0k4,01:50:41, 6  -  4 , 6  -  2 ,-,-,-
439,2025,Round of 32,plava_laguna_croatia_open_umag,Mariano Navone,n0bs,Tomas Barrios Vera,bs86,01:10:10, 6  -  1 , 6  -  2 ,-,-,-
439,2025,Round of 32,plava_laguna_croatia_open_umag,Nikoloz Basilashvili,bg23,Roberto Carballes Baena,cf59,01:31:29, 6  -  3 , 6  -  4 ,-,-,-
439,2025,Round of 32,plava_laguna_croatia_open_umag,Pablo Llamas Ruiz,l0cx,Kamil Majchrzak,mq75,01:22:48, 6  -  2 , 6  -  4 ,-,-,-
439,2025,Round of 32,plava_laguna_croatia_open_umag,Terence Atmane,a0gc,Dusan Lajovic,l987,01:26:01, 6  -  3 , 6  -  4 ,-,-,-
439,2025,Round of 32,plava_laguna_croatia_open_umag,Titouan Droguet,d0dw,Cristian Garin,gd64,01:12:26, 6  -  3 , 6  -  3 ,-,-,-
439,2025,Round of 32,plava_laguna_croatia_open_umag,Carlos Taberner,te16,Pierre-Hugues Herbert,h996,01:55:36, 6  -  4 , 7  -  6 1 ,-,-,-
439,2025,Round of 32,plava_laguna_croatia_open_umag,Chun-Hsin Tseng,t0ap,Giulio Zeppieri,z0a1,01:39:02, 7  -  5 , 6  -  4 ,-,-,-
439,2025,Round of 32,plava_laguna_croatia_open_umag,Stan Wawrinka,w367,Alvaro Guillen Meza,g0dh,01:13:44, 6  -  4 , 6  -  1 ,-,-,-
439,2025,Round of 32,plava_laguna_croatia_open_umag,Vit Kopriva,ki82,Raphael Collignon,c0jp,02:34:45, 3  -  6 , 6  -  4 , 6  -  3 ,-,-
439,2025,Round of 32,plava_laguna_croatia_open_umag,Francesco Passaro,p0ct,Matej Dodig,d0l3,01:57:31, 4  -  6 , 6  -  1 , 6  -  2 ,-,-
439,2025,2nd Round Qualifying,plava_laguna_croatia_open_umag,Pablo Llamas Ruiz,l0cx,Andrea Pellegrino,ph64,01:13:11, 6  -  3 , 6  -  4 ,-,-,-
439,2025,2nd Round Qualifying,plava_laguna_croatia_open_umag,Titouan Droguet,d0dw,Vilius Gaubas,g0fw,02:11:57, 4  -  6 , 6  -  3 , 6  -  3 ,-,-
439,2025,2nd Round Qualifying,plava_laguna_croatia_open_umag,Giulio Zeppieri,z0a1,Luca Van Assche,v0dz,01:24:12, 6  -  3 , 6  -  4 ,-,-,-
439,2025,2nd Round Qualifying,plava_laguna_croatia_open_umag,Alvaro Guillen Meza,g0dh,Luka Mikrut,m0n1,01:25:48, 6  -  3 , 6  -  1 ,-,-,-
439,2025,1st Round Qualifying,plava_laguna_croatia_open_umag,Andrea Pellegrino,ph64,Vitaliy Sachko,ss25,02:16:10, 6  -  2 , 2  -  6 , 7  -  6 1 ,-,-
439,2025,1st Round Qualifying,plava_laguna_croatia_open_umag,Vilius Gaubas,g0fw,Federico Arnaboldi,a0ba,01:15:37, 6  -  3 , 6  -  2 ,-,-,-
439,2025,1st Round Qualifying,plava_laguna_croatia_open_umag,Luka Mikrut,m0n1,Marco Trungelliti,ta29,01:37:19, 7  -  6 2 , 6  -  2 ,-,-,-
439,2025,1st Round Qualifying,plava_laguna_croatia_open_umag,Giulio Zeppieri,z0a1,Federico Coria,ce77,01:01:01, 6  -  2 , 6  -  1 ,-,-,-
439,2025,1st Round Qualifying,plava_laguna_croatia_open_umag,Pablo Llamas Ruiz,l0cx,Kyrian Jacquet,j0az,02:18:49, 3  -  6 , 6  -  3 , 7  -  6 2 ,-,-
439,2025,1st Round Qualifying,plava_laguna_croatia_open_umag,Alvaro Guillen Meza,g0dh,Ugo Blanchet,bv16,02:12:05, 6  -  4 , 3  -  6 , 6  -  2 ,-,-
439,2025,1st Round Qualifying,plava_laguna_croatia_open_umag,Titouan Droguet,d0dw,Niels McDonald,m0xq,01:18:21, 6  -  4 , 6  -  3 ,-,-,-
439,2025,1st Round Qualifying,plava_laguna_croatia_open_umag,Luca Van Assche,v0dz,Marco Cecchinato,cf01,02:01:29, 6  -  3 , 7  -  6 3 ,-,-,-
418,2025,Final,mubadala_citi_dc_open,Alex de Minaur,dh58,Alejandro Davidovich Fokina,dh50,03:03:35, 5  -  7 , 6  -  1 , 7  -  6 3 ,-,-
418,2025,Semifinals,mubadala_citi_dc_open,Alejandro Davidovich Fokina,dh50,Ben Shelton,s0s1,01:19:34, 6  -  2 , 7  -  5 ,-,-,-
418,2025,Semifinals,mubadala_citi_dc_open,Alex de Minaur,dh58,Corentin Moutet,mw02,01:44:36, 6  -  4 , 6  -  3 ,-,-,-
418,2025,Quarterfinals,mubadala_citi_dc_open,Alejandro Davidovich Fokina,dh50,Taylor Fritz,fb98,03:04:16, 7  -  6 3 , 3  -  6 , 7  -  5 ,-,-
418,2025,Quarterfinals,mubadala_citi_dc_open,Ben Shelton,s0s1,Frances Tiafoe,td51,01:57:23, 7  -  6 2 , 6  -  4 ,-,-,-
418,2025,Quarterfinals,mubadala_citi_dc_open,Alex de Minaur,dh58,Brandon Nakashima,n0ae,01:35:05, 6  -  4 , 6  -  4 ,-,-,-
418,2025,Quarterfinals,mubadala_citi_dc_open,Corentin Moutet,mw02,Daniil Medvedev,mm58,02:25:46, 1  -  6 , 6  -  4 , 6  -  4 ,-,-
418,2025,Round of 16,mubadala_citi_dc_open,Taylor Fritz,fb98,Matteo Arnaldi,a0fc,01:41:54, 6  -  3 , 6  -  4 ,-,-,-
418,2025,Round of 16,mubadala_citi_dc_open,Ben Shelton,s0s1,Gabriel Diallo,d0f6,01:01:35, 6  -  3 , 6  -  2 ,-,-,-
418,2025,Round of 16,mubadala_citi_dc_open,Frances Tiafoe,td51,Flavio Cobolli,c0e9,01:12:55, 6  -  1 , 6  -  4 ,-,-,-
418,2025,Round of 16,mubadala_citi_dc_open,Alex de Minaur,dh58,Jiri Lehecka,l0bv,02:45:14, 7  -  6 4 , 6 6  -  7 , 6  -  4 ,-,-
418,2025,Round of 16,mubadala_citi_dc_open,Daniil Medvedev,mm58,Yibing Wu,wb32,01:09:57, 6  -  3 , 6  -  2 ,-,-,-
418,2025,Round of 16,mubadala_citi_dc_open,Alejandro Davidovich Fokina,dh50,Learner Tien,t0ha,01:10:49, 6  -  2 , 6  -  2 ,-,-,-
418,2025,Round of 16,mubadala_citi_dc_open,Brandon Nakashima,n0ae,Cameron Norrie,n771,01:47:35, 7  -  6 3 , 6  -  3 ,-,-,-
418,2025,Round of 16,mubadala_citi_dc_open,Corentin Moutet,mw02,Daniel Evans,e687,01:40:18, 6  -  2 , 7  -  6 4 ,-,-,-
418,2025,Round of 32,mubadala_citi_dc_open,Taylor Fritz,fb98,Aleksandar Vukic,v832,00:59:32, 6  -  3 , 6  -  2 ,-,-,-
418,2025,Round of 32,mubadala_citi_dc_open,Learner Tien,t0ha,Andrey Rublev,re44,01:31:39, 7  -  5 , 6  -  2 ,-,-,-
418,2025,Round of 32,mubadala_citi_dc_open,Frances Tiafoe,td51,Aleksandar Kovacevic,k0az,01:55:06, 7  -  5 , 3  -  6 , 6  -  3 ,-,-
418,2025,Round of 32,mubadala_citi_dc_open,Alex de Minaur,dh58,Yunchaokete Bu,y09v,01:49:57, 7  -  6 5 , 6  -  2 ,-,-,-
418,2025,Round of 32,mubadala_citi_dc_open,Daniil Medvedev,mm58,Reilly Opelka,o522,02:00:09, 3  -  6 , 7  -  5 , 6  -  1 ,-,-
418,2025,Round of 32,mubadala_citi_dc_open,Flavio Cobolli,c0e9,Yoshihito Nishioka,n732,01:29:25, 6  -  2 , 7  -  6 3 ,-,-,-
418,2025,Round of 32,mubadala_citi_dc_open,Yibing Wu,wb32,Alexei Popyrin,p09z,02:37:29, 7  -  5 , 5  -  7 , 6  -  3 ,-,-
418,2025,Round of 32,mubadala_citi_dc_open,Jiri Lehecka,l0bv,Zachary Svajda,s0k7,02:04:57, 6  -  4 , 6 5  -  7 , 6  -  3 ,-,-
418,2025,Round of 32,mubadala_citi_dc_open,Alejandro Davidovich Fokina,dh50,Jaume Munar,mu94,01:27:03, 6  -  4 , 6  -  2 ,-,-,-
418,2025,Round of 32,mubadala_citi_dc_open,Matteo Arnaldi,a0fc,Lorenzo Sonego,su87,02:06:17, 7  -  5 , 7  -  5 ,-,-,-
418,2025,Round of 32,mubadala_citi_dc_open,Cameron Norrie,n771,Lorenzo Musetti,m0ej,02:06:40, 3  -  6 , 6  -  2 , 6  -  3 ,-,-
418,2025,Round of 32,mubadala_citi_dc_open,Ben Shelton,s0s1,Mackenzie McDonald,mk66,01:15:29, 6  -  3 , 6  -  4 ,-,-,-
418,2025,Round of 32,mubadala_citi_dc_open,Daniel Evans,e687,Alex Michelsen,m0qi,01:44:47, 6  -  4 , 6  -  4 ,-,-,-
418,2025,Round of 32,mubadala_citi_dc_open,Brandon Nakashima,n0ae,Ethan Quinn,q02l,01:20:55, 6  -  3 , 6  -  4 ,-,-,-
418,2025,Round of 32,mubadala_citi_dc_open,Gabriel Diallo,d0f6,Fabian Marozsan,m0ci,01:13:57, 6  -  3 , 6  -  4 ,-,-,-
418,2025,Round of 32,mubadala_citi_dc_open,Corentin Moutet,mw02,Alexandre Muller,mp20,00:57:30, 6  -  0 , 6  -  1 ,-,-,-
418,2025,Round of 64,mubadala_citi_dc_open,Yunchaokete Bu,y09v,David Goffin,gb88,01:44:49, 6  -  4 , 7  -  5 ,-,-,-
418,2025,Round of 64,mubadala_citi_dc_open,Aleksandar Kovacevic,k0az,Quentin Halys,hb64,01:56:09, 6  -  2 , 3  -  6 , 6  -  3 ,-,-
418,2025,Round of 64,mubadala_citi_dc_open,Jaume Munar,mu94,Marcos Giron,gc88,01:50:23, 7  -  5 , 6  -  3 ,-,-,-
418,2025,Round of 64,mubadala_citi_dc_open,Zachary Svajda,s0k7,Miomir Kecmanovic,ki95,01:28:31, 1  -  6 , 6  -  2 , 6  -  2 ,-,-
418,2025,Round of 64,mubadala_citi_dc_open,Yibing Wu,wb32,Gael Monfils,mc65,01:18:29, 6  -  3 , 6  -  1 ,-,-,-
418,2025,Round of 64,mubadala_citi_dc_open,Matteo Arnaldi,a0fc,Daniel Altmaier,ae14,02:42:07, 4  -  6 , 6  -  2 , 7  -  6 2 ,-,-
418,2025,Round of 64,mubadala_citi_dc_open,Daniel Evans,e687,Zizou Bergs,bu13,02:29:45, 3  -  6 , 6  -  4 , 6  -  3 ,-,-
418,2025,Round of 64,mubadala_citi_dc_open,Fabian Marozsan,m0ci,Benjamin Bonzi,bm95,01:17:07, 7  -  5 , 6  -  1 ,-,-,-
418,2025,Round of 64,mubadala_citi_dc_open,Mackenzie McDonald,mk66,Colton Smith,s0ze,01:05:57, 6  -  4 , 6  -  1 ,-,-,-
418,2025,Round of 64,mubadala_citi_dc_open,Alexandre Muller,mp20,Beibit Zhukayev,z09z,01:26:32, 6  -  4 , 6  -  4 ,-,-,-
418,2025,Round of 64,mubadala_citi_dc_open,Yoshihito Nishioka,n732,Jenson Brooksby,b0cd,02:38:32, 6  -  4 , 5  -  7 , 6  -  1 ,-,-
418,2025,Round of 64,mubadala_citi_dc_open,Cameron Norrie,n771,Billy Harris,hd68,01:43:25, 6  -  3 , 7  -  6 4 ,-,-,-
418,2025,Round of 64,mubadala_citi_dc_open,Reilly Opelka,o522,Murphy Cassone,c0ht,02:20:59, 7  -  6 4 , 6 5  -  7 , 6  -  3 ,-,-
418,2025,Round of 64,mubadala_citi_dc_open,Ethan Quinn,q02l,Christopher O'Connell,o483,01:11:49, 6  -  3 , 6  -  2 ,-,-,-
418,2025,Round of 64,mubadala_citi_dc_open,Learner Tien,t0ha,Emilio Nava,n0am,01:15:35, 6  -  1 , 6  -  4 ,-,-,-
418,2025,Round of 64,mubadala_citi_dc_open,Aleksandar Vukic,v832,Giovanni Mpetshi Perricard,m0gz,01:40:36, 6  -  4 , 3  -  6 , 6  -  3 ,-,-
418,2025,2nd Round Qualifying,mubadala_citi_dc_open,Yibing Wu,wb32,Corentin Moutet,mw02,02:47:06, 4  -  6 , 6  -  4 , 6  -  4 ,-,-
418,2025,2nd Round Qualifying,mubadala_citi_dc_open,Murphy Cassone,c0ht,Rinky Hijikata,h0bh,00:59:55, 7  -  6 4 , 1  -  2 ,-,-,-
418,2025,2nd Round Qualifying,mubadala_citi_dc_open,Colton Smith,s0ze,Tyler Zink,z0ak,02:23:33, 4  -  6 , 6  -  4 , 6  -  3 ,-,-
418,2025,2nd Round Qualifying,mubadala_citi_dc_open,Billy Harris,hd68,Moerani Bouzige,b0ek,02:00:20, 6  -  4 , 7  -  6 6 ,-,-,-
418,2025,2nd Round Qualifying,mubadala_citi_dc_open,Zachary Svajda,s0k7,Yosuke Watanuki,wb08,01:54:12, 6  -  3 , 1  -  6 , 7  -  6 2 ,-,-
418,2025,2nd Round Qualifying,mubadala_citi_dc_open,Beibit Zhukayev,z09z,Andrea Vavassori,va08,03:08:24, 7  -  5 , 6 9  -  7 , 6  -  4 ,-,-
418,2025,1st Round Qualifying,mubadala_citi_dc_open,Zachary Svajda,s0k7,Bernard Tomic,ta46,01:05:12, 7  -  5 , 6  -  1 ,-,-,-
418,2025,1st Round Qualifying,mubadala_citi_dc_open,Corentin Moutet,mw02,Karue Sell,sm88,01:25:11, 6  -  4 , 6  -  2 ,-,-,-
418,2025,1st Round Qualifying,mubadala_citi_dc_open,Rinky Hijikata,h0bh,Adhithya Ganesan,g0mi,01:14:01, 6  -  3 , 7  -  5 ,-,-,-
418,2025,1st Round Qualifying,mubadala_citi_dc_open,Colton Smith,s0ze,Andrew Fenty,f0ck,02:11:31, 6  -  3 , 3  -  6 , 6  -  4 ,-,-
418,2025,1st Round Qualifying,mubadala_citi_dc_open,Billy Harris,hd68,Marek Gengel,g09c,01:22:20, 6  -  1 , 7  -  5 ,-,-,-
418,2025,1st Round Qualifying,mubadala_citi_dc_open,Tyler Zink,z0ak,Taro Daniel,da81,01:30:22, 7  -  6 5 , 6  -  4 ,-,-,-
418,2025,1st Round Qualifying,mubadala_citi_dc_open,Yibing Wu,wb32,Mitchell Krueger,kc12,02:32:03, 4  -  6 , 6  -  3 , 7  -  6 3 ,-,-
418,2025,1st Round Qualifying,mubadala_citi_dc_open,Yosuke Watanuki,wb08,Jake Fellows,f0hm,01:37:55, 6  -  4 , 6  -  4 ,-,-,-
418,2025,1st Round Qualifying,mubadala_citi_dc_open,Beibit Zhukayev,z09z,James McCabe,m0oq,02:12:39, 6 3  -  7 , 6  -  2 , 6  -  2 ,-,-
418,2025,1st Round Qualifying,mubadala_citi_dc_open,Murphy Cassone,c0ht,Thai-Son Kwiatkowski,kd35,01:15:48, 6  -  2 , 6  -  4 ,-,-,-
418,2025,1st Round Qualifying,mubadala_citi_dc_open,Moerani Bouzige,b0ek,Govind Nanda,n0al,01:53:17, 7  -  5 , 6  -  4 ,-,-,-
418,2025,1st Round Qualifying,mubadala_citi_dc_open,Andrea Vavassori,va08,Alfredo Perez,pl39,01:05:23, 7  -  5 , 1  -  0 ,-,-,-
319,2025,Final,generali_open,Alexander Bublik,bk92,Arthur Cazaux,c0h0,01:24:45, 6  -  4 , 6  -  3 ,-,-,-
319,2025,Semifinals,generali_open,Alexander Bublik,bk92,Botic van de Zandschulp,v812,01:22:59, 6  -  3 , 6  -  4 ,-,-,-
319,2025,Semifinals,generali_open,Arthur Cazaux,c0h0,Arthur Rinderknech,rc91,01:55:45, 7  -  5 , 6  -  3 ,-,-,-
319,2025,Quarterfinals,generali_open,Alexander Bublik,bk92,Alexander Shevchenko,s0h2,01:15:17, 6  -  4 , 6  -  2 ,-,-,-
319,2025,Quarterfinals,generali_open,Arthur Rinderknech,rc91,Yannick Hanfmann,h997,02:11:11, 6  -  4 , 3  -  6 , 6  -  1 ,-,-
319,2025,Quarterfinals,generali_open,Arthur Cazaux,c0h0,Jan-Lennard Struff,sl28,01:22:05, 6  -  3 , 6  -  4 ,-,-,-
319,2025,Quarterfinals,generali_open,Botic van de Zandschulp,v812,Thiago Seyboth Wild,sx91,01:50:16, 7  -  6 2 , 6  -  2 ,-,-,-
319,2025,Round of 16,generali_open,Alexander Bublik,bk92,Thiago Agustin Tirante,t0a1,01:13:09, 6  -  3 , 6  -  4 ,-,-,-
319,2025,Round of 16,generali_open,Yannick Hanfmann,h997,Sebastian Baez,b0bi,02:42:11, 5  -  7 , 6  -  3 , 7  -  5 ,-,-
319,2025,Round of 16,generali_open,Jan-Lennard Struff,sl28,Pedro Martinez,mo44,01:11:18, 6  -  2 , 6  -  2 ,-,-,-
319,2025,Round of 16,generali_open,Thiago Seyboth Wild,sx91,Roberto Bautista Agut,bd06,01:58:04, 7  -  5 , 7  -  5 ,-,-,-
319,2025,Round of 16,generali_open,Arthur Rinderknech,rc91,Norbert Gombos,gb93,02:31:51, 6 3  -  7 , 6  -  4 , 6  -  4 ,-,-
319,2025,Round of 16,generali_open,Arthur Cazaux,c0h0,Francisco Comesana,c0df,01:46:14, 6  -  4 , 7  -  6 7 ,-,-,-
319,2025,Round of 16,generali_open,Alexander Shevchenko,s0h2,Marton Fucsovics,f724,01:26:25, 7  -  5 , 6  -  4 ,-,-,-
319,2025,Round of 16,generali_open,Botic van de Zandschulp,v812,Filip Misolic,m0jz,01:41:03, 6  -  3 , 7  -  6 4 ,-,-,-
319,2025,Round of 32,generali_open,Filip Misolic,m0jz,Tomas Martin Etcheverry,ea24,02:42:45, 7  -  5 , 5  -  7 , 6  -  3 ,-,-
319,2025,Round of 32,generali_open,Arthur Cazaux,c0h0,Ignacio Buse,b0id,02:15:00, 6  -  3 , 3  -  6 , 7  -  5 ,-,-
319,2025,Round of 32,generali_open,Yannick Hanfmann,h997,Lukas Neumayer,n0cs,01:41:22, 7  -  5 , 6  -  2 ,-,-,-
319,2025,Round of 32,generali_open,Thiago Seyboth Wild,sx91,Justin Engel,e0dd,01:36:58, 7  -  5 , 6  -  3 ,-,-,-
319,2025,Round of 32,generali_open,Jan-Lennard Struff,sl28,Sebastian Ofner,o513,01:04:42, 6  -  4 , 6  -  2 ,-,-,-
319,2025,Round of 32,generali_open,Thiago Agustin Tirante,t0a1,Jaime Faria,f0f2,01:02:32, 6  -  2 , 6  -  2 ,-,-,-
319,2025,Round of 32,generali_open,Botic van de Zandschulp,v812,Nicolas Jarry,j551,02:25:40, 6  -  4 , 4  -  6 , 6  -  3 ,-,-
319,2025,Round of 32,generali_open,Arthur Rinderknech,rc91,Facundo Bagnis,bf23,02:46:58, 7  -  6 4 , 4  -  6 , 6  -  3 ,-,-
319,2025,Round of 32,generali_open,Francisco Comesana,c0df,Tristan Boyer,b0ej,01:38:58, 6  -  3 , 7  -  6 1 ,-,-,-
319,2025,Round of 32,generali_open,Marton Fucsovics,f724,Joel Schwaerzler,s0wt,01:47:22, 6  -  2 , 2  -  6 , 6  -  3 ,-,-
319,2025,Round of 32,generali_open,Norbert Gombos,gb93,Hugo Gaston,g09o,01:26:22, 6  -  3 , 6  -  4 ,-,-,-
319,2025,Round of 32,generali_open,Alexander Shevchenko,s0h2,Daniel Elahi Galan,ge33,02:15:08, 2  -  6 , 6  -  3 , 6  -  4 ,-,-
319,2025,2nd Round Qualifying,generali_open,Jan-Lennard Struff,sl28,Jurij Rodionov,r09x,01:22:42, 6  -  3 , 7  -  6 4 ,-,-,-
319,2025,2nd Round Qualifying,generali_open,Yannick Hanfmann,h997,Andrej Martin,mf35,01:07:11, 6  -  1 , 6  -  3 ,-,-,-
319,2025,2nd Round Qualifying,generali_open,Facundo Bagnis,bf23,Thiago Monteiro,mj08,01:26:31, 6  -  1 , 6  -  4 ,-,-,-
319,2025,2nd Round Qualifying,generali_open,Norbert Gombos,gb93,Radu Albot,a829,01:24:42, 6  -  3 , 6  -  4 ,-,-,-
319,2025,1st Round Qualifying,generali_open,Jan-Lennard Struff,sl28,Nico Hipfl,h0i7,00:52:20, 6  -  3 , 6  -  2 ,-,-,-
319,2025,1st Round Qualifying,generali_open,Yannick Hanfmann,h997,Albert Ramos-Vinolas,r772,01:51:35, 6  -  1 , 7  -  6 7 ,-,-,-
319,2025,1st Round Qualifying,generali_open,Norbert Gombos,gb93,Martin Landaluce,l0il,01:08:10, 6  -  0 , 6  -  3 ,-,-,-
319,2025,1st Round Qualifying,generali_open,Thiago Monteiro,mj08,Neil Oberleitner,o0ad,02:41:05, 6  -  4 , 4  -  6 , 7  -  6 4 ,-,-
319,2025,1st Round Qualifying,generali_open,Radu Albot,a829,Jerome Kym,k0ep,02:08:57, 2  -  6 , 7  -  6 3 , 6  -  3 ,-,-
319,2025,1st Round Qualifying,generali_open,Facundo Bagnis,bf23,Henrique Rocha,r0go,01:24:25, 6  -  4 , 6  -  3 ,-,-,-
319,2025,1st Round Qualifying,generali_open,Jurij Rodionov,r09x,Sandro Kopp,k0cj,01:20:52, 6  -  3 , 7  -  6 3 ,-,-,-
319,2025,1st Round Qualifying,generali_open,Andrej Martin,mf35,Juan Carlos Prado Angelo,p0iy,01:10:29, 6  -  1 , 6  -  4 ,-,-,-
421,2025,Final,national_bank_open_presented_by_rogers,Ben Shelton,s0s1,Karen Khachanov,ke29,02:47:13, 6 5  -  7 , 6  -  4 , 7  -  6 3 ,-,-
421,2025,Semifinals,national_bank_open_presented_by_rogers,Karen Khachanov,ke29,Alexander Zverev,z355,02:52:55, 6  -  3 , 4  -  6 , 7  -  6 4 ,-,-
421,2025,Semifinals,national_bank_open_presented_by_rogers,Ben Shelton,s0s1,Taylor Fritz,fb98,01:18:42, 6  -  4 , 6  -  3 ,-,-,-
421,2025,Quarterfinals,national_bank_open_presented_by_rogers,Taylor Fritz,fb98,Andrey Rublev,re44,01:21:20, 6  -  3 , 7  -  6 4 ,-,-,-
421,2025,Quarterfinals,national_bank_open_presented_by_rogers,Ben Shelton,s0s1,Alex de Minaur,dh58,01:31:34, 6  -  3 , 6  -  4 ,-,-,-
421,2025,Quarterfinals,national_bank_open_presented_by_rogers,Alexander Zverev,z355,Alexei Popyrin,p09z,02:42:35, 6 8  -  7 , 6  -  4 , 6  -  3 ,-,-
421,2025,Quarterfinals,national_bank_open_presented_by_rogers,Karen Khachanov,ke29,Alex Michelsen,m0qi,01:44:03, 6  -  4 , 7  -  6 3 ,-,-,-
421,2025,Round of 16,national_bank_open_presented_by_rogers,Taylor Fritz,fb98,Jiri Lehecka,l0bv,02:56:22, 7  -  6 4 , 6 5  -  7 , 7  -  6 5 ,-,-
421,2025,Round of 16,national_bank_open_presented_by_rogers,Ben Shelton,s0s1,Flavio Cobolli,c0e9,02:24:10, 6  -  4 , 4  -  6 , 7  -  6 1 ,-,-
421,2025,Round of 16,national_bank_open_presented_by_rogers,Andrey Rublev,re44,Alejandro Davidovich Fokina,dh50,02:21:49, 6 3  -  7 , 7  -  6 2 , 3  -  0 ,-,-
421,2025,Round of 16,national_bank_open_presented_by_rogers,Alex de Minaur,dh58,Frances Tiafoe,td51,02:24:34, 6  -  2 , 4  -  6 , 6  -  4 ,-,-
421,2025,Round of 16,national_bank_open_presented_by_rogers,Alexander Zverev,z355,Francisco Cerundolo,c0au,00:51:04, 6  -  4 , 1  -  0 ,-,-,-
421,2025,Round of 16,national_bank_open_presented_by_rogers,Alexei Popyrin,p09z,Holger Rune,r0dg,02:03:55, 4  -  6 , 6  -  2 , 6  -  3 ,-,-
421,2025,Round of 16,national_bank_open_presented_by_rogers,Karen Khachanov,ke29,Casper Ruud,rh16,01:33:10, 6  -  4 , 7  -  5 ,-,-,-
421,2025,Round of 16,national_bank_open_presented_by_rogers,Alex Michelsen,m0qi,Learner Tien,t0ha,01:20:11, 6  -  3 , 6  -  3 ,-,-,-
421,2025,Round of 32,national_bank_open_presented_by_rogers,Taylor Fritz,fb98,Gabriel Diallo,d0f6,01:15:46, 6  -  4 , 6  -  2 ,-,-,-
421,2025,Round of 32,national_bank_open_presented_by_rogers,Ben Shelton,s0s1,Brandon Nakashima,n0ae,02:36:05, 6 8  -  7 , 6  -  2 , 7  -  6 5 ,-,-
421,2025,Round of 32,national_bank_open_presented_by_rogers,Andrey Rublev,re44,Lorenzo Sonego,su87,02:32:01, 5  -  7 , 6  -  4 , 6  -  3 ,-,-
421,2025,Round of 32,national_bank_open_presented_by_rogers,Frances Tiafoe,td51,Aleksandar Vukic,v832,01:50:38, 6  -  3 , 4  -  6 , 6  -  3 ,-,-
421,2025,Round of 32,national_bank_open_presented_by_rogers,Alejandro Davidovich Fokina,dh50,Jakub Mensik,m0ni,01:16:35, 6  -  2 , 6  -  4 ,-,-,-
421,2025,Round of 32,national_bank_open_presented_by_rogers,Flavio Cobolli,c0e9,Fabian Marozsan,m0ci,01:50:20, 6  -  2 , 4  -  6 , 6  -  3 ,-,-
421,2025,Round of 32,national_bank_open_presented_by_rogers,Jiri Lehecka,l0bv,Arthur Fils,f0f1,01:52:21, 3  -  6 , 6  -  3 , 6  -  4 ,-,-
421,2025,Round of 32,national_bank_open_presented_by_rogers,Alexander Zverev,z355,Matteo Arnaldi,a0fc,02:46:25, 6 5  -  7 , 6  -  3 , 6  -  2 ,-,-
421,2025,Round of 32,national_bank_open_presented_by_rogers,Alex Michelsen,m0qi,Lorenzo Musetti,m0ej,02:31:38, 3  -  6 , 7  -  6 4 , 6  -  4 ,-,-
421,2025,Round of 32,national_bank_open_presented_by_rogers,Holger Rune,r0dg,Alexandre Muller,mp20,01:05:08, 6  -  2 , 6  -  4 ,-,-,-
421,2025,Round of 32,national_bank_open_presented_by_rogers,Casper Ruud,rh16,Nuno Borges,bt72,01:42:45, 7  -  5 , 6  -  4 ,-,-,-
421,2025,Round of 32,national_bank_open_presented_by_rogers,Alexei Popyrin,p09z,Daniil Medvedev,mm58,02:30:12, 5  -  7 , 6  -  4 , 6  -  4 ,-,-
421,2025,Round of 32,national_bank_open_presented_by_rogers,Karen Khachanov,ke29,Emilio Nava,n0am,02:10:22, 6 6  -  7 , 6  -  4 , 6  -  1 ,-,-
421,2025,Round of 32,national_bank_open_presented_by_rogers,Francisco Cerundolo,c0au,Tomas Martin Etcheverry,ea24,01:49:34, 6  -  3 , 6  -  4 ,-,-,-
421,2025,Round of 32,national_bank_open_presented_by_rogers,Alex de Minaur,dh58,Christopher O'Connell,o483,,-,-,-,-,-
421,2025,Round of 32,national_bank_open_presented_by_rogers,Learner Tien,t0ha,Reilly Opelka,o522,01:25:22, 7  -  6 3 , 6  -  3 ,-,-,-
421,2025,Round of 64,national_bank_open_presented_by_rogers,Taylor Fritz,fb98,Roberto Carballes Baena,cf59,02:31:29, 7  -  5 , 7  -  6 1 ,-,-,-
421,2025,Round of 64,national_bank_open_presented_by_rogers,Ben Shelton,s0s1,Adrian Mannarino,me82,01:05:53, 6  -  2 , 6  -  3 ,-,-,-
421,2025,Round of 64,national_bank_open_presented_by_rogers,Andrey Rublev,re44,Hugo Gaston,g09o,01:26:51, 6  -  2 , 6  -  3 ,-,-,-
421,2025,Round of 64,national_bank_open_presented_by_rogers,Frances Tiafoe,td51,Yosuke Watanuki,wb08,02:13:51, 1  -  6 , 7  -  5 , 7  -  6 5 ,-,-
421,2025,Round of 64,national_bank_open_presented_by_rogers,Alex de Minaur,dh58,Francisco Comesana,c0df,01:30:16, 6  -  4 , 6  -  2 ,-,-,-
421,2025,Round of 64,national_bank_open_presented_by_rogers,Jakub Mensik,m0ni,Tristan Boyer,b0ej,01:29:27, 6  -  4 , 6  -  4 ,-,-,-
421,2025,Round of 64,national_bank_open_presented_by_rogers,Flavio Cobolli,c0e9,Alexis Galarneau,gk06,02:28:04, 6  -  4 , 5  -  7 , 6  -  4 ,-,-
421,2025,Round of 64,national_bank_open_presented_by_rogers,Arthur Fils,f0f1,Pablo Carreno Busta,cd85,01:28:15, 6  -  3 , 6  -  4 ,-,-,-
421,2025,Round of 64,national_bank_open_presented_by_rogers,Jiri Lehecka,l0bv,Mackenzie McDonald,mk66,01:31:09, 7  -  6 2 , 6  -  4 ,-,-,-
421,2025,Round of 64,national_bank_open_presented_by_rogers,Alejandro Davidovich Fokina,dh50,Corentin Moutet,mw02,01:24:26, 6  -  4 , 6  -  3 ,-,-,-
421,2025,Round of 64,national_bank_open_presented_by_rogers,Fabian Marozsan,m0ci,Felix Auger-Aliassime,ag37,01:41:11, 6  -  4 , 6  -  4 ,-,-,-
421,2025,Round of 64,national_bank_open_presented_by_rogers,Christopher O'Connell,o483,Stefanos Tsitsipas,te51,02:01:21, 6  -  4 , 4  -  6 , 6  -  2 ,-,-
421,2025,Round of 64,national_bank_open_presented_by_rogers,Brandon Nakashima,n0ae,Ethan Quinn,q02l,01:52:31, 7  -  6 6 , 6  -  4 ,-,-,-
421,2025,Round of 64,national_bank_open_presented_by_rogers,Gabriel Diallo,d0f6,Matteo Gigante,g0gd,01:46:49, 6  -  3 , 7  -  6 5 ,-,-,-
421,2025,Round of 64,national_bank_open_presented_by_rogers,Lorenzo Sonego,su87,Yunchaokete Bu,y09v,01:19:33, 6  -  1 , 6  -  4 ,-,-,-
421,2025,Round of 64,national_bank_open_presented_by_rogers,Aleksandar Vukic,v832,Cameron Norrie,n771,02:07:57, 6  -  3 , 6 2  -  7 , 6  -  3 ,-,-
421,2025,Round of 64,national_bank_open_presented_by_rogers,Alexander Zverev,z355,Adam Walton,w09e,01:42:51, 7  -  6 6 , 6  -  4 ,-,-,-
421,2025,Round of 64,national_bank_open_presented_by_rogers,Lorenzo Musetti,m0ej,James Duckworth,d994,01:22:22, 7  -  5 , 6  -  1 ,-,-,-
421,2025,Round of 64,national_bank_open_presented_by_rogers,Holger Rune,r0dg,Giovanni Mpetshi Perricard,m0gz,01:16:05, 7  -  6 7 , 6  -  3 ,-,-,-
421,2025,Round of 64,national_bank_open_presented_by_rogers,Casper Ruud,rh16,Roman Safiullin,sx50,01:21:36, 6  -  3 , 6  -  3 ,-,-,-
421,2025,Round of 64,national_bank_open_presented_by_rogers,Daniil Medvedev,mm58,Dalibor Svrcina,s0gd,01:51:41, 7  -  6 3 , 6  -  4 ,-,-,-
421,2025,Round of 64,national_bank_open_presented_by_rogers,Karen Khachanov,ke29,Juan Pablo Ficovich,fa43,01:27:44, 6  -  4 , 6  -  2 ,-,-,-
421,2025,Round of 64,national_bank_open_presented_by_rogers,Francisco Cerundolo,c0au,Jaume Munar,mu94,02:58:05, 7  -  6 4 , 4  -  6 , 6  -  4 ,-,-
421,2025,Round of 64,national_bank_open_presented_by_rogers,Reilly Opelka,o522,Tomas Machac,m0fh,02:20:38, 7  -  6 5 , 6 5  -  7 , 6  -  3 ,-,-
421,2025,Round of 64,national_bank_open_presented_by_rogers,Alexei Popyrin,p09z,Nicolas Arseneault,a0k3,01:34:55, 7  -  6 7 , 6  -  3 ,-,-,-
421,2025,Round of 64,national_bank_open_presented_by_rogers,Learner Tien,t0ha,Denis Shapovalov,su55,01:34:42, 7  -  6 4 , 7  -  5 ,-,-,-
421,2025,Round of 64,national_bank_open_presented_by_rogers,Tomas Martin Etcheverry,ea24,Tallon Griekspoor,gj37,01:59:34, 6  -  4 , 7  -  6 4 ,-,-,-
421,2025,Round of 64,national_bank_open_presented_by_rogers,Alex Michelsen,m0qi,Tomas Barrios Vera,bs86,01:56:47, 7  -  6 7 , 6  -  3 ,-,-,-
421,2025,Round of 64,national_bank_open_presented_by_rogers,Alexandre Muller,mp20,Miomir Kecmanovic,ki95,02:07:26, 2  -  6 , 6  -  3 , 7  -  5 ,-,-
421,2025,Round of 64,national_bank_open_presented_by_rogers,Nuno Borges,bt72,Facundo Bagnis,bf23,02:49:59, 5  -  7 , 7  -  6 3 , 6  -  2 ,-,-
421,2025,Round of 64,national_bank_open_presented_by_rogers,Matteo Arnaldi,a0fc,Tristan Schoolkate,s0n0,02:09:23, 6  -  3 , 3  -  6 , 6  -  3 ,-,-
421,2025,Round of 64,national_bank_open_presented_by_rogers,Emilio Nava,n0am,Terence Atmane,a0gc,01:27:29, 6  -  2 , 7  -  5 ,-,-,-
421,2025,Round of 128,national_bank_open_presented_by_rogers,Corentin Moutet,mw02,Jenson Brooksby,b0cd,01:13:25, 6  -  2 , 6  -  1 ,-,-,-
421,2025,Round of 128,national_bank_open_presented_by_rogers,Tristan Boyer,b0ej,Aleksandar Kovacevic,k0az,02:01:07, 7  -  5 , 7  -  6 3 ,-,-,-
421,2025,Round of 128,national_bank_open_presented_by_rogers,Yunchaokete Bu,y09v,Vit Kopriva,ki82,01:50:05, 7  -  6 4 , 6  -  2 ,-,-,-
421,2025,Round of 128,national_bank_open_presented_by_rogers,Roberto Carballes Baena,cf59,Camilo Ugo Carabelli,u182,01:17:19, 6  -  4 , 4  -  1 ,-,-,-
421,2025,Round of 128,national_bank_open_presented_by_rogers,Pablo Carreno Busta,cd85,Liam Draxl,d0dp,02:21:21, 2  -  6 , 6  -  4 , 6  -  4 ,-,-
421,2025,Round of 128,national_bank_open_presented_by_rogers,Francisco Comesana,c0df,Damir Dzumhur,d923,01:26:47, 6  -  3 , 7  -  5 ,-,-,-
421,2025,Round of 128,national_bank_open_presented_by_rogers,Alexis Galarneau,gk06,Arthur Rinderknech,rc91,01:36:17, 7  -  6 2 , 6  -  3 ,-,-,-
421,2025,Round of 128,national_bank_open_presented_by_rogers,Hugo Gaston,g09o,Mattia Bellucci,b0gg,01:55:00, 3  -  6 , 6  -  4 , 2  -  0 ,-,-
421,2025,Round of 128,national_bank_open_presented_by_rogers,Matteo Gigante,g0gd,Borna Coric,cg80,02:36:57, 4  -  6 , 6  -  2 , 7  -  6 2 ,-,-
421,2025,Round of 128,national_bank_open_presented_by_rogers,Adrian Mannarino,me82,Marcos Giron,gc88,01:28:52, 6  -  4 , 6  -  4 ,-,-,-
421,2025,Round of 128,national_bank_open_presented_by_rogers,Fabian Marozsan,m0ci,Hugo Dellien,da31,01:03:01, 6  -  2 , 6  -  2 ,-,-,-
421,2025,Round of 128,national_bank_open_presented_by_rogers,Mackenzie McDonald,mk66,David Goffin,gb88,01:25:22, 6  -  4 , 6  -  4 ,-,-,-
421,2025,Round of 128,national_bank_open_presented_by_rogers,Jaume Munar,mu94,Dan Martin,m0c2,01:10:01, 6  -  3 , 6  -  0 ,-,-,-
421,2025,Round of 128,national_bank_open_presented_by_rogers,Christopher O'Connell,o483,Chun-Hsin Tseng,t0ap,01:15:58, 6  -  1 , 6  -  2 ,-,-,-
421,2025,Round of 128,national_bank_open_presented_by_rogers,Ethan Quinn,q02l,Yoshihito Nishioka,n732,01:41:30, 7  -  6 1 , 6  -  2 ,-,-,-
421,2025,Round of 128,national_bank_open_presented_by_rogers,Tristan Schoolkate,s0n0,Joao Fonseca,f0fv,01:32:56, 7  -  6 5 , 6  -  4 ,-,-,-
421,2025,Round of 128,national_bank_open_presented_by_rogers,Dalibor Svrcina,s0gd,Alexander Blockx,b0pg,01:18:27, 6  -  4 , 6  -  2 ,-,-,-
421,2025,Round of 128,national_bank_open_presented_by_rogers,Aleksandar Vukic,v832,Pedro Martinez,mo44,01:51:20, 7  -  5 , 6  -  3 ,-,-,-
421,2025,Round of 128,national_bank_open_presented_by_rogers,Yosuke Watanuki,wb08,Daniel Altmaier,ae14,01:47:42, 3  -  6 , 6  -  1 , 6  -  4 ,-,-
421,2025,Round of 128,national_bank_open_presented_by_rogers,Nicolas Arseneault,a0k3,Valentin Royer,r0eb,01:43:34, 6  -  3 , 7  -  6 4 ,-,-,-
421,2025,Round of 128,national_bank_open_presented_by_rogers,Facundo Bagnis,bf23,Vasek Pospisil,pd07,01:56:38, 6  -  2 , 3  -  6 , 6  -  3 ,-,-
421,2025,Round of 128,national_bank_open_presented_by_rogers,Tomas Barrios Vera,bs86,Gael Monfils,mc65,02:46:27, 6  -  4 , 4  -  6 , 7  -  6 3 ,-,-
421,2025,Round of 128,national_bank_open_presented_by_rogers,James Duckworth,d994,Juncheng Shang,s0re,01:30:38, 6  -  3 , 7  -  6 3 ,-,-,-
421,2025,Round of 128,national_bank_open_presented_by_rogers,Tomas Martin Etcheverry,ea24,Pierre-Hugues Herbert,h996,02:18:40, 6  -  4 , 4  -  6 , 7  -  5 ,-,-
421,2025,Round of 128,national_bank_open_presented_by_rogers,Juan Pablo Ficovich,fa43,Jacob Fearnley,f0by,01:10:53, 6  -  2 , 6  -  3 ,-,-,-
421,2025,Round of 128,national_bank_open_presented_by_rogers,Miomir Kecmanovic,ki95,Quentin Halys,hb64,02:17:33, 4  -  6 , 6  -  4 , 7  -  5 ,-,-
421,2025,Round of 128,national_bank_open_presented_by_rogers,Giovanni Mpetshi Perricard,m0gz,Shintaro Mochizuki,m0hu,01:11:17, 6  -  4 , 6  -  2 ,-,-,-
421,2025,Round of 128,national_bank_open_presented_by_rogers,Emilio Nava,n0am,Zizou Bergs,bu13,01:26:05, 6  -  1 , 7  -  6 4 ,-,-,-
421,2025,Round of 128,national_bank_open_presented_by_rogers,Reilly Opelka,o522,Sebastian Ofner,o513,01:55:01, 7  -  6 6 , 7  -  5 ,-,-,-
421,2025,Round of 128,national_bank_open_presented_by_rogers,Roman Safiullin,sx50,Ugo Blanchet,bv16,02:21:36, 4  -  6 , 6  -  2 , 7  -  6 9 ,-,-
421,2025,Round of 128,national_bank_open_presented_by_rogers,Learner Tien,t0ha,Colton Smith,s0ze,01:31:31, 6  -  4 , 7  -  5 ,-,-,-
421,2025,Round of 128,national_bank_open_presented_by_rogers,Adam Walton,w09e,Benjamin Bonzi,bm95,01:57:29, 4  -  6 , 6  -  0 , 6  -  3 ,-,-
421,2025,1st Round Qualifying,national_bank_open_presented_by_rogers,Adrian Mannarino,me82,Juan Carlos Aguilar,a09w,01:25:30, 6  -  3 , 6  -  1 ,-,-,-
421,2025,1st Round Qualifying,national_bank_open_presented_by_rogers,Ugo Blanchet,bv16,Chun-Hsin Tseng,t0ap,01:47:45, 6  -  4 , 7  -  5 ,-,-,-
421,2025,1st Round Qualifying,national_bank_open_presented_by_rogers,Tristan Schoolkate,s0n0,Govind Nanda,n0al,01:00:56, 6  -  3 , 6  -  0 ,-,-,-
421,2025,1st Round Qualifying,national_bank_open_presented_by_rogers,James Duckworth,d994,Justin Boulais,b0f8,01:10:08, 6  -  3 , 6  -  1 ,-,-,-
421,2025,1st Round Qualifying,national_bank_open_presented_by_rogers,Valentin Royer,r0eb,Alvin Nicholas Tudorica,t0iz,01:03:22, 6  -  2 , 6  -  3 ,-,-,-
421,2025,1st Round Qualifying,national_bank_open_presented_by_rogers,Emilio Nava,n0am,Mitchell Krueger,kc12,01:59:59, 6  -  4 , 7  -  6 5 ,-,-,-
421,2025,1st Round Qualifying,national_bank_open_presented_by_rogers,Yosuke Watanuki,wb08,Dalibor Svrcina,s0gd,02:30:29, 7  -  6 2 , 1  -  6 , 6  -  4 ,-,-
421,2025,1st Round Qualifying,national_bank_open_presented_by_rogers,Alexander Blockx,b0pg,Duje Ajdukovic,a0cj,01:27:49, 6  -  4 , 6  -  4 ,-,-,-
421,2025,1st Round Qualifying,national_bank_open_presented_by_rogers,Shintaro Mochizuki,m0hu,Yasutaka Uchiyama,u134,01:27:22, 6  -  4 , 6  -  3 ,-,-,-
421,2025,1st Round Qualifying,national_bank_open_presented_by_rogers,Tristan Boyer,b0ej,James Trotter,t0bw,01:46:09, 7  -  6 6 , 6  -  3 ,-,-,-
421,2025,1st Round Qualifying,national_bank_open_presented_by_rogers,Facundo Bagnis,bf23,Terence Atmane,a0gc,01:42:25, 6  -  4 , 6  -  4 ,-,-,-
421,2025,1st Round Qualifying,national_bank_open_presented_by_rogers,Juan Pablo Ficovich,fa43,Kyrian Jacquet,j0az,02:05:09, 6  -  2 , 4  -  6 , 6  -  4 ,-,-
421,2025,1st Round Qualifying,national_bank_open_presented_by_rogers,Colton Smith,s0ze,Patrick Kypson,k0a3,01:28:05, 6  -  1 , 7  -  5 ,-,-,-
421,2025,1st Round Qualifying,national_bank_open_presented_by_rogers,Pierre-Hugues Herbert,h996,Li Tu,tc01,02:04:35, 6  -  3 , 3  -  6 , 6  -  3 ,-,-
421,2025,1st Round Qualifying,national_bank_open_presented_by_rogers,Tomas Barrios Vera,bs86,Coleman Wong,w0bh,01:10:27, 6  -  4 , 6  -  4 ,-,-,-
421,2025,1st Round Qualifying,national_bank_open_presented_by_rogers,Dan Martin,m0c2,Taro Daniel,da81,03:05:35, 6 6  -  7 , 7  -  6 4 , 7  -  5 ,-,-
422,2025,Final,cincinnati_open,Carlos Alcaraz,a0e2,Jannik Sinner,s0ag,00:23:08,-,-,-,-,-
422,2025,Semifinals,cincinnati_open,Jannik Sinner,s0ag,Terence Atmane,a0gc,01:26:03, 7  -  6 4 , 6  -  2 ,-,-,-
422,2025,Semifinals,cincinnati_open,Carlos Alcaraz,a0e2,Alexander Zverev,z355,01:45:43, 6  -  4 , 6  -  3 ,-,-,-
422,2025,Quarterfinals,cincinnati_open,Carlos Alcaraz,a0e2,Andrey Rublev,re44,02:17:29, 6  -  3 , 4  -  6 , 7  -  5 ,-,-
422,2025,Quarterfinals,cincinnati_open,Alexander Zverev,z355,Ben Shelton,s0s1,01:17:29, 6  -  2 , 6  -  2 ,-,-,-
422,2025,Quarterfinals,cincinnati_open,Jannik Sinner,s0ag,Felix Auger-Aliassime,ag37,01:11:52, 6  -  0 , 6  -  2 ,-,-,-
422,2025,Quarterfinals,cincinnati_open,Terence Atmane,a0gc,Holger Rune,r0dg,01:13:43, 6  -  2 , 6  -  3 ,-,-,-
422,2025,Round of 16,cincinnati_open,Ben Shelton,s0s1,Jiri Lehecka,l0bv,01:21:19, 6  -  4 , 6  -  4 ,-,-,-
422,2025,Round of 16,cincinnati_open,Jannik Sinner,s0ag,Adrian Mannarino,me82,01:48:53, 6  -  4 , 7  -  6 4 ,-,-,-
422,2025,Round of 16,cincinnati_open,Carlos Alcaraz,a0e2,Luca Nardi,n0bg,01:20:56, 6  -  1 , 6  -  4 ,-,-,-
422,2025,Round of 16,cincinnati_open,Alexander Zverev,z355,Karen Khachanov,ke29,01:10:00, 7  -  5 , 3  -  0 ,-,-,-
422,2025,Round of 16,cincinnati_open,Terence Atmane,a0gc,Taylor Fritz,fb98,01:59:33, 3  -  6 , 7  -  5 , 6  -  3 ,-,-
422,2025,Round of 16,cincinnati_open,Holger Rune,r0dg,Frances Tiafoe,td51,01:12:46, 6  -  4 , 3  -  1 ,-,-,-
422,2025,Round of 16,cincinnati_open,Andrey Rublev,re44,Francisco Comesana,c0df,01:04:14, 6  -  2 , 6  -  3 ,-,-,-
422,2025,Round of 16,cincinnati_open,Felix Auger-Aliassime,ag37,Benjamin Bonzi,bm95,01:14:47, 6  -  4 , 6  -  3 ,-,-,-
422,2025,Round of 32,cincinnati_open,Ben Shelton,s0s1,Roberto Bautista Agut,bd06,01:49:34, 7  -  6 3 , 6  -  3 ,-,-,-
422,2025,Round of 32,cincinnati_open,Carlos Alcaraz,a0e2,Hamad Medjedovic,m0jf,01:35:03, 6  -  4 , 6  -  4 ,-,-,-
422,2025,Round of 32,cincinnati_open,Alexander Zverev,z355,Brandon Nakashima,n0ae,01:36:05, 6  -  4 , 6  -  4 ,-,-,-
422,2025,Round of 32,cincinnati_open,Andrey Rublev,re44,Alexei Popyrin,p09z,03:29:32, 6 5  -  7 , 7  -  6 5 , 7  -  5 ,-,-
422,2025,Round of 32,cincinnati_open,Karen Khachanov,ke29,Jenson Brooksby,b0cd,01:24:17, 6  -  3 , 6  -  3 ,-,-,-
422,2025,Round of 32,cincinnati_open,Luca Nardi,n0bg,Jakub Mensik,m0ni,00:42:58, 6  -  2 , 2  -  1 ,-,-,-
422,2025,Round of 32,cincinnati_open,Jiri Lehecka,l0bv,Adam Walton,w09e,01:54:53, 7  -  6 5 , 7  -  6 3 ,-,-,-
422,2025,Round of 32,cincinnati_open,Francisco Comesana,c0df,Reilly Opelka,o522,03:08:01, 6 4  -  7 , 6  -  4 , 7  -  5 ,-,-
422,2025,Round of 32,cincinnati_open,Jannik Sinner,s0ag,Gabriel Diallo,d0f6,01:52:57, 6  -  2 , 7  -  6 6 ,-,-,-
422,2025,Round of 32,cincinnati_open,Taylor Fritz,fb98,Lorenzo Sonego,su87,02:07:58, 7  -  6 4 , 7  -  5 ,-,-,-
422,2025,Round of 32,cincinnati_open,Holger Rune,r0dg,Alex Michelsen,m0qi,01:33:49, 7  -  6 4 , 6  -  3 ,-,-,-
422,2025,Round of 32,cincinnati_open,Frances Tiafoe,td51,Ugo Humbert,hh26,01:23:25, 6  -  4 , 6  -  4 ,-,-,-
422,2025,Round of 32,cincinnati_open,Adrian Mannarino,me82,Tommy Paul,pl56,02:39:11, 5  -  7 , 6  -  3 , 6  -  4 ,-,-
422,2025,Round of 32,cincinnati_open,Felix Auger-Aliassime,ag37,Arthur Rinderknech,rc91,02:01:30, 7  -  6 4 , 4  -  2 ,-,-,-
422,2025,Round of 32,cincinnati_open,Benjamin Bonzi,bm95,Stefanos Tsitsipas,te51,02:39:43, 6 4  -  7 , 6  -  3 , 6  -  4 ,-,-
422,2025,Round of 32,cincinnati_open,Terence Atmane,a0gc,Joao Fonseca,f0fv,01:18:22, 6  -  3 , 6  -  4 ,-,-,-
422,2025,Round of 64,cincinnati_open,Carlos Alcaraz,a0e2,Damir Dzumhur,d923,01:41:39, 6  -  1 , 2  -  6 , 6  -  3 ,-,-
422,2025,Round of 64,cincinnati_open,Alexander Zverev,z355,Nishesh Basavareddy,b0nn,01:06:57, 6  -  3 , 6  -  3 ,-,-,-
422,2025,Round of 64,cincinnati_open,Ben Shelton,s0s1,Camilo Ugo Carabelli,u182,01:03:49, 6  -  3 , 3  -  1 ,-,-,-
422,2025,Round of 64,cincinnati_open,Reilly Opelka,o522,Alex de Minaur,dh58,01:39:41, 7  -  6 6 , 6  -  4 ,-,-,-
422,2025,Round of 64,cincinnati_open,Andrey Rublev,re44,Learner Tien,t0ha,01:44:07, 7  -  6 4 , 6  -  3 ,-,-,-
422,2025,Round of 64,cincinnati_open,Adam Walton,w09e,Daniil Medvedev,mm58,02:21:45, 6 0  -  7 , 6  -  4 , 6  -  1 ,-,-
422,2025,Round of 64,cincinnati_open,Karen Khachanov,ke29,Valentin Royer,r0eb,01:50:39, 6  -  4 , 7  -  6 6 ,-,-,-
422,2025,Round of 64,cincinnati_open,Jakub Mensik,m0ni,Ethan Quinn,q02l,01:12:50, 6  -  4 , 6  -  2 ,-,-,-
422,2025,Round of 64,cincinnati_open,Alexei Popyrin,p09z,Martin Landaluce,l0il,02:17:53, 7  -  6 3 , 6  -  3 ,-,-,-
422,2025,Round of 64,cincinnati_open,Jiri Lehecka,l0bv,Tristan Boyer,b0ej,01:53:25, 4  -  6 , 6  -  1 , 6  -  4 ,-,-
422,2025,Round of 64,cincinnati_open,Luca Nardi,n0bg,Denis Shapovalov,su55,02:28:22, 6 5  -  7 , 6  -  3 , 6  -  4 ,-,-
422,2025,Round of 64,cincinnati_open,Hamad Medjedovic,m0jf,Tallon Griekspoor,gj37,01:40:23, 6  -  4 , 7  -  6 3 ,-,-,-
422,2025,Round of 64,cincinnati_open,Brandon Nakashima,n0ae,Alexander Blockx,b0pg,02:23:05, 4  -  6 , 6  -  3 , 7  -  6 5 ,-,-
422,2025,Round of 64,cincinnati_open,Francisco Comesana,c0df,Luciano Darderi,d0fj,00:52:56, 6  -  4 , 3  -  1 ,-,-,-
422,2025,Round of 64,cincinnati_open,Roberto Bautista Agut,bd06,Cameron Norrie,n771,01:51:09, 6  -  4 , 6  -  3 ,-,-,-
422,2025,Round of 64,cincinnati_open,Jenson Brooksby,b0cd,Arthur Cazaux,c0h0,01:53:07, 7  -  5 , 6  -  1 ,-,-,-
422,2025,Round of 64,cincinnati_open,Jannik Sinner,s0ag,Daniel Elahi Galan,ge33,00:59:59, 6  -  1 , 6  -  1 ,-,-,-
422,2025,Round of 64,cincinnati_open,Taylor Fritz,fb98,Emilio Nava,n0am,01:08:48, 6  -  4 , 6  -  4 ,-,-,-
422,2025,Round of 64,cincinnati_open,Holger Rune,r0dg,Roman Safiullin,sx50,01:58:20, 7  -  5 , 7  -  6 5 ,-,-,-
422,2025,Round of 64,cincinnati_open,Benjamin Bonzi,bm95,Lorenzo Musetti,m0ej,02:46:52, 5  -  7 , 6  -  4 , 7  -  6 4 ,-,-
422,2025,Round of 64,cincinnati_open,Frances Tiafoe,td51,Roberto Carballes Baena,cf59,01:30:29, 6  -  4 , 6  -  3 ,-,-,-
422,2025,Round of 64,cincinnati_open,Arthur Rinderknech,rc91,Casper Ruud,rh16,02:37:15, 6 5  -  7 , 6  -  4 , 6  -  2 ,-,-
422,2025,Round of 64,cincinnati_open,Tommy Paul,pl56,Pedro Martinez,mo44,01:31:19, 6  -  2 , 6  -  2 ,-,-,-
422,2025,Round of 64,cincinnati_open,Terence Atmane,a0gc,Flavio Cobolli,c0e9,02:14:47, 6  -  4 , 3  -  6 , 7  -  6 5 ,-,-
422,2025,Round of 64,cincinnati_open,Joao Fonseca,f0fv,Alejandro Davidovich Fokina,dh50,01:38:05, 6 4  -  7 , 5  -  4 ,-,-,-
422,2025,Round of 64,cincinnati_open,Adrian Mannarino,me82,Tomas Machac,m0fh,01:30:28, 6  -  3 , 6  -  3 ,-,-,-
422,2025,Round of 64,cincinnati_open,Ugo Humbert,hh26,Coleman Wong,w0bh,01:07:25, 6  -  3 , 6  -  4 ,-,-,-
422,2025,Round of 64,cincinnati_open,Felix Auger-Aliassime,ag37,Tomas Martin Etcheverry,ea24,01:57:42, 6  -  2 , 7  -  6 3 ,-,-,-
422,2025,Round of 64,cincinnati_open,Stefanos Tsitsipas,te51,Fabian Marozsan,m0ci,01:23:56, 7  -  6 3 , 6  -  2 ,-,-,-
422,2025,Round of 64,cincinnati_open,Alex Michelsen,m0qi,Corentin Moutet,mw02,02:26:12, 3  -  6 , 6  -  3 , 6  -  4 ,-,-
422,2025,Round of 64,cincinnati_open,Gabriel Diallo,d0f6,Sebastian Baez,b0bi,01:31:06, 7  -  5 , 6  -  4 ,-,-,-
422,2025,Round of 64,cincinnati_open,Lorenzo Sonego,su87,Zizou Bergs,bu13,01:41:36, 6  -  3 , 7  -  6 4 ,-,-,-
422,2025,Round of 128,cincinnati_open,Nishesh Basavareddy,b0nn,Aleksandar Vukic,v832,01:40:12, 7  -  6 5 , 7  -  5 ,-,-,-
422,2025,Round of 128,cincinnati_open,Roberto Bautista Agut,bd06,Daniel Altmaier,ae14,01:59:41, 7  -  6 5 , 7  -  6 1 ,-,-,-
422,2025,Round of 128,cincinnati_open,Alexander Blockx,b0pg,Marcos Giron,gc88,01:51:31, 6  -  2 , 3  -  6 , 6  -  3 ,-,-
422,2025,Round of 128,cincinnati_open,Tristan Boyer,b0ej,Brandon Holt,h09p,01:50:08, 6  -  3 , 7  -  6 3 ,-,-,-
422,2025,Round of 128,cincinnati_open,Jenson Brooksby,b0cd,Alexandre Muller,mp20,02:39:47, 7  -  6 2 , 5  -  7 , 6  -  1 ,-,-
422,2025,Round of 128,cincinnati_open,Francisco Comesana,c0df,Jaume Munar,mu94,01:45:40, 6  -  4 , 6  -  4 ,-,-,-
422,2025,Round of 128,cincinnati_open,Damir Dzumhur,d923,Mattia Bellucci,b0gg,02:23:20, 7  -  6 7 , 7  -  6 5 ,-,-,-
422,2025,Round of 128,cincinnati_open,Martin Landaluce,l0il,Patrick Kypson,k0a3,02:20:33, 3  -  6 , 6  -  3 , 6  -  2 ,-,-
422,2025,Round of 128,cincinnati_open,Hamad Medjedovic,m0jf,Aleksandar Kovacevic,k0az,01:02:06, 6  -  2 , 6  -  3 ,-,-,-
422,2025,Round of 128,cincinnati_open,Luca Nardi,n0bg,Thiago Agustin Tirante,t0a1,01:57:28, 6  -  4 , 7  -  6 5 ,-,-,-
422,2025,Round of 128,cincinnati_open,Emilio Nava,n0am,Borna Coric,cg80,01:38:24, 6  -  3 , 7  -  5 ,-,-,-
422,2025,Round of 128,cincinnati_open,Reilly Opelka,o522,Hugo Dellien,da31,01:40:09, 7  -  5 , 7  -  6 3 ,-,-,-
422,2025,Round of 128,cincinnati_open,Ethan Quinn,q02l,Miomir Kecmanovic,ki95,01:38:09, 7  -  6 5 , 6  -  4 ,-,-,-
422,2025,Round of 128,cincinnati_open,Valentin Royer,r0eb,Sebastian Ofner,o513,01:45:32, 5  -  7 , 6  -  3 , 6  -  3 ,-,-
422,2025,Round of 128,cincinnati_open,Learner Tien,t0ha,Leandro Riedi,r0fs,01:18:49, 6  -  3 , 6  -  4 ,-,-,-
422,2025,Round of 128,cincinnati_open,Camilo Ugo Carabelli,u182,Kei Nishikori,n552,01:37:51, 7  -  5 , 6  -  3 ,-,-,-
422,2025,Round of 128,cincinnati_open,Adam Walton,w09e,Mariano Navone,n0bs,02:39:01, 4  -  6 , 7  -  6 3 , 6  -  1 ,-,-
422,2025,Round of 128,cincinnati_open,Terence Atmane,a0gc,Yoshihito Nishioka,n732,01:20:13, 6  -  2 , 6  -  2 ,-,-,-
422,2025,Round of 128,cincinnati_open,Sebastian Baez,b0bi,David Goffin,gb88,01:16:36, 6  -  1 , 6  -  3 ,-,-,-
422,2025,Round of 128,cincinnati_open,Zizou Bergs,bu13,Jacob Fearnley,f0by,01:20:52, 6  -  1 , 6  -  4 ,-,-,-
422,2025,Round of 128,cincinnati_open,Benjamin Bonzi,bm95,Matteo Arnaldi,a0fc,02:57:35, 6 1  -  7 , 6  -  3 , 6  -  4 ,-,-
422,2025,Round of 128,cincinnati_open,Roberto Carballes Baena,cf59,Hugo Gaston,g09o,02:34:07, 6  -  4 , 5  -  7 , 6  -  3 ,-,-
422,2025,Round of 128,cincinnati_open,Tomas Martin Etcheverry,ea24,Juncheng Shang,s0re,03:39:17, 6 5  -  7 , 7  -  6 4 , 6  -  4 ,-,-
422,2025,Round of 128,cincinnati_open,Joao Fonseca,f0fv,Yunchaokete Bu,y09v,02:19:09, 4  -  6 , 6  -  2 , 7  -  5 ,-,-
422,2025,Round of 128,cincinnati_open,Daniel Elahi Galan,ge33,Vit Kopriva,ki82,01:39:34, 6  -  2 , 6  -  4 ,-,-,-
422,2025,Round of 128,cincinnati_open,Adrian Mannarino,me82,Jordan Thompson,tc61,01:28:20, 6  -  2 , 6  -  2 ,-,-,-
422,2025,Round of 128,cincinnati_open,Fabian Marozsan,m0ci,Colton Smith,s0ze,02:12:45, 6  -  1 , 4  -  6 , 6  -  4 ,-,-
422,2025,Round of 128,cincinnati_open,Pedro Martinez,mo44,Nicolas Jarry,j551,02:32:20, 1  -  6 , 6  -  4 , 6  -  3 ,-,-
422,2025,Round of 128,cincinnati_open,Corentin Moutet,mw02,Mackenzie McDonald,mk66,01:31:23, 7  -  5 , 6  -  3 ,-,-,-
422,2025,Round of 128,cincinnati_open,Arthur Rinderknech,rc91,Nuno Borges,bt72,01:24:08, 6  -  3 , 6  -  3 ,-,-,-
422,2025,Round of 128,cincinnati_open,Roman Safiullin,sx50,Alejandro Tabilo,te30,01:08:31, 6  -  3 , 6  -  3 ,-,-,-
422,2025,Round of 128,cincinnati_open,Coleman Wong,w0bh,Giovanni Mpetshi Perricard,m0gz,00:55:36, 6  -  3 , 6  -  2 ,-,-,-
422,2025,2nd Round Qualifying,cincinnati_open,Thiago Agustin Tirante,t0a1,Arthur Cazaux,c0h0,01:41:36, 7  -  6 7 , 6  -  3 ,-,-,-
422,2025,2nd Round Qualifying,cincinnati_open,Emilio Nava,n0am,Mariano Navone,n0bs,01:31:11, 7  -  5 , 6  -  4 ,-,-,-
422,2025,2nd Round Qualifying,cincinnati_open,Adrian Mannarino,me82,Dalibor Svrcina,s0gd,01:30:35, 6  -  3 , 6  -  4 ,-,-,-
422,2025,2nd Round Qualifying,cincinnati_open,Alexander Blockx,b0pg,Luca Nardi,n0bg,01:23:10, 6  -  4 , 6  -  3 ,-,-,-
422,2025,2nd Round Qualifying,cincinnati_open,Patrick Kypson,k0a3,Aleksandar Vukic,v832,01:42:19, 7  -  6 3 , 7  -  6 4 ,-,-,-
422,2025,2nd Round Qualifying,cincinnati_open,Daniel Elahi Galan,ge33,Alexander Shevchenko,s0h2,01:33:53, 7  -  6 6 , 4  -  1 ,-,-,-
422,2025,2nd Round Qualifying,cincinnati_open,Valentin Royer,r0eb,Liam Draxl,d0dp,02:25:20, 2  -  6 , 6  -  3 , 6  -  4 ,-,-
422,2025,2nd Round Qualifying,cincinnati_open,Colton Smith,s0ze,Nikoloz Basilashvili,bg23,01:18:54, 7  -  5 , 6  -  1 ,-,-,-
422,2025,2nd Round Qualifying,cincinnati_open,Coleman Wong,w0bh,Shintaro Mochizuki,m0hu,02:01:22, 7  -  6 5 , 6  -  3 ,-,-,-
422,2025,2nd Round Qualifying,cincinnati_open,Terence Atmane,a0gc,Li Tu,tc01,01:27:54, 7  -  5 , 6  -  3 ,-,-,-
422,2025,2nd Round Qualifying,cincinnati_open,Martin Landaluce,l0il,Arthur Fery,f0dm,02:46:26, 6  -  2 , 6 5  -  7 , 6  -  2 ,-,-
422,2025,2nd Round Qualifying,cincinnati_open,Leandro Riedi,r0fs,Lloyd Harris,hg86,01:36:06, 7  -  6 7 , 6  -  3 ,-,-,-
422,2025,1st Round Qualifying,cincinnati_open,Emilio Nava,n0am,Mikhail Kukushkin,k926,01:35:28, 7  -  5 , 6  -  2 ,-,-,-
422,2025,1st Round Qualifying,cincinnati_open,Arthur Cazaux,c0h0,Mark Lajal,l0gh,02:10:07, 4  -  6 , 6  -  1 , 6  -  2 ,-,-
422,2025,1st Round Qualifying,cincinnati_open,Mariano Navone,n0bs,Jan-Lennard Struff,sl28,02:15:31, 6 2  -  7 , 6  -  2 , 6  -  4 ,-,-
422,2025,1st Round Qualifying,cincinnati_open,Coleman Wong,w0bh,Juan Manuel Cerundolo,c0c8,01:17:19, 6  -  2 , 6  -  3 ,-,-,-
422,2025,1st Round Qualifying,cincinnati_open,Leandro Riedi,r0fs,Pablo Carreno Busta,cd85,01:41:54, 7  -  6 3 , 6  -  4 ,-,-,-
422,2025,1st Round Qualifying,cincinnati_open,Adrian Mannarino,me82,Mitchell Krueger,kc12,01:02:02, 6  -  1 , 6  -  1 ,-,-,-
422,2025,1st Round Qualifying,cincinnati_open,Luca Nardi,n0bg,Aidan Mayo,m0nb,01:28:49, 6  -  3 , 6  -  2 ,-,-,-
422,2025,1st Round Qualifying,cincinnati_open,Aleksandar Vukic,v832,Murphy Cassone,c0ht,02:41:34, 7  -  5 , 6 3  -  7 , 7  -  6 4 ,-,-
422,2025,1st Round Qualifying,cincinnati_open,Alexander Shevchenko,s0h2,Tyler Zink,z0ak,02:35:34, 7  -  6 2 , 6 8  -  7 , 6  -  3 ,-,-
422,2025,1st Round Qualifying,cincinnati_open,Colton Smith,s0ze,Tristan Schoolkate,s0n0,01:37:19, 6  -  4 , 6  -  4 ,-,-,-
422,2025,1st Round Qualifying,cincinnati_open,Li Tu,tc01,James Duckworth,d994,01:34:18, 7  -  6 4 , 6  -  4 ,-,-,-
422,2025,1st Round Qualifying,cincinnati_open,Valentin Royer,r0eb,Juan Pablo Ficovich,fa43,01:08:48, 6  -  1 , 6  -  2 ,-,-,-
422,2025,1st Round Qualifying,cincinnati_open,Nikoloz Basilashvili,bg23,Christopher Eubanks,e865,02:00:32, 6  -  4 , 4  -  6 , 7  -  6 2 ,-,-
422,2025,1st Round Qualifying,cincinnati_open,Liam Draxl,d0dp,Andres Martin,m0np,01:47:04, 6  -  3 , 7  -  6 3 ,-,-,-
422,2025,1st Round Qualifying,cincinnati_open,Martin Landaluce,l0il,Cristian Garin,gd64,02:49:55, 6  -  4 , 3  -  6 , 7  -  6 5 ,-,-
422,2025,1st Round Qualifying,cincinnati_open,Dalibor Svrcina,s0gd,Yosuke Watanuki,wb08,01:18:46, 6  -  2 , 6  -  0 ,-,-,-
422,2025,1st Round Qualifying,cincinnati_open,Alexander Blockx,b0pg,Alibek Kachmazov,k0e6,00:30:26,-,-,-,-,-
422,2025,1st Round Qualifying,cincinnati_open,Shintaro Mochizuki,m0hu,Facundo Bagnis,bf23,01:55:51, 3  -  6 , 6  -  3 , 6  -  4 ,-,-
422,2025,1st Round Qualifying,cincinnati_open,Lloyd Harris,hg86,Eliot Spizzirri,s0ja,02:30:34, 7  -  6 5 , 4  -  6 , 7  -  6 2 ,-,-
422,2025,1st Round Qualifying,cincinnati_open,Patrick Kypson,k0a3,Matteo Gigante,g0gd,01:16:13, 6  -  3 , 6  -  2 ,-,-,-
422,2025,1st Round Qualifying,cincinnati_open,Thiago Agustin Tirante,t0a1,James Trotter,t0bw,02:05:47, 6  -  2 , 3  -  6 , 6  -  3 ,-,-
422,2025,1st Round Qualifying,cincinnati_open,Terence Atmane,a0gc,Omar Jasika,j553,01:21:55, 7  -  5 , 6  -  4 ,-,-,-
422,2025,1st Round Qualifying,cincinnati_open,Daniel Elahi Galan,ge33,Taro Daniel,da81,01:43:20, 7  -  5 , 6  -  2 ,-,-,-
422,2025,1st Round Qualifying,cincinnati_open,Arthur Fery,f0dm,Zachary Svajda,s0k7,02:53:01, 7  -  6 3 , 4  -  6 , 7  -  6 4 ,-,-
6242,2025,Final,winston-salem_open,Marton Fucsovics,f724,Botic Van De Zandschulp,v812,01:51:23, 6  -  3 , 7  -  6 3 ,-,-,-
6242,2025,Semifinals,winston-salem_open,Botic van de Zandschulp,v812,Giovanni Mpetshi Perricard,m0gz,01:36:00, 6  -  4 , 7  -  5 ,-,-,-
6242,2025,Semifinals,winston-salem_open,Marton Fucsovics,f724,Sebastian Korda,k0ah,,-,-,-,-,-
6242,2025,Quarterfinals,winston-salem_open,Giovanni Mpetshi Perricard,m0gz,Hamad Medjedovic,m0jf,01:28:04, 7  -  6 8 , 6  -  2 ,-,-,-
6242,2025,Quarterfinals,winston-salem_open,Sebastian Korda,k0ah,Miomir Kecmanovic,ki95,01:08:58, 6  -  1 , 6  -  4 ,-,-,-
6242,2025,Quarterfinals,winston-salem_open,Marton Fucsovics,f724,Jaume Munar,mu94,01:40:01, 7  -  5 , 6  -  3 ,-,-,-
6242,2025,Quarterfinals,winston-salem_open,Botic van de Zandschulp,v812,Yunchaokete Bu,y09v,02:38:40, 6  -  3 , 5  -  7 , 6  -  3 ,-,-
6242,2025,Round of 16,winston-salem_open,Miomir Kecmanovic,ki95,Luciano Darderi,d0fj,00:58:30, 6  -  3 , 6  -  1 ,-,-,-
6242,2025,Round of 16,winston-salem_open,Hamad Medjedovic,m0jf,Gabriel Diallo,d0f6,01:23:39, 6  -  4 , 6  -  2 ,-,-,-
6242,2025,Round of 16,winston-salem_open,Jaume Munar,mu94,Lorenzo Sonego,su87,02:21:32, 4  -  6 , 6  -  4 , 6  -  1 ,-,-
6242,2025,Round of 16,winston-salem_open,Giovanni Mpetshi Perricard,m0gz,Alexandre Muller,mp20,01:02:22, 6  -  3 , 6  -  2 ,-,-,-
6242,2025,Round of 16,winston-salem_open,Botic van de Zandschulp,v812,Sebastian Baez,b0bi,01:49:44, 0  -  6 , 6  -  1 , 6  -  4 ,-,-
6242,2025,Round of 16,winston-salem_open,Sebastian Korda,k0ah,Kamil Majchrzak,mq75,02:08:37, 6 3  -  7 , 6  -  3 , 6  -  4 ,-,-
6242,2025,Round of 16,winston-salem_open,Marton Fucsovics,f724,Roberto Bautista Agut,bd06,01:33:40, 6  -  4 , 6  -  3 ,-,-,-
6242,2025,Round of 16,winston-salem_open,Yunchaokete Bu,y09v,Mariano Navone,n0bs,01:40:34, 6  -  4 , 6  -  4 ,-,-,-
6242,2025,Round of 32,winston-salem_open,Yunchaokete Bu,y09v,Stefanos Tsitsipas,te51,01:28:08, 6  -  3 , 6  -  2 ,-,-,-
6242,2025,Round of 32,winston-salem_open,Marton Fucsovics,f724,Tallon Griekspoor,gj37,02:23:24, 6  -  3 , 4  -  6 , 6  -  3 ,-,-
6242,2025,Round of 32,winston-salem_open,Luciano Darderi,d0fj,Mackenzie McDonald,mk66,02:31:54, 7  -  6 5 , 6 6  -  7 , 6  -  4 ,-,-
6242,2025,Round of 32,winston-salem_open,Gabriel Diallo,d0f6,Nishesh Basavareddy,b0nn,(4),-,-,-,-,-
6242,2025,Round of 32,winston-salem_open,Lorenzo Sonego,su87,Stefan Dostanic,d0d4,02:53:24, 6  -  3 , 6 2  -  7 , 7  -  6 3 ,-,-
6242,2025,Round of 32,winston-salem_open,Botic van de Zandschulp,v812,Matteo Arnaldi,a0fc,01:32:29, 6  -  3 , 6  -  3 ,-,-,-
6242,2025,Round of 32,winston-salem_open,Alexandre Muller,mp20,Darwin Blanch,b0no,02:13:28, 6 3  -  7 , 6  -  3 , 7  -  5 ,-,-
6242,2025,Round of 32,winston-salem_open,Giovanni Mpetshi Perricard,m0gz,Pedro Martinez,mo44,01:51:21, 2  -  6 , 6  -  3 , 7  -  6 3 ,-,-
6242,2025,Round of 32,winston-salem_open,Sebastian Baez,b0bi,Pablo Carreno Busta,cd85,01:47:15, 7  -  5 , 6  -  2 ,-,-,-
6242,2025,Round of 32,winston-salem_open,Jaume Munar,mu94,Mattia Bellucci,b0gg,01:28:55, 6  -  3 , 6  -  1 ,-,-,-
6242,2025,Round of 32,winston-salem_open,Miomir Kecmanovic,ki95,Aleksandar Kovacevic,k0az,01:32:02, 6  -  4 , 7  -  6 5 ,-,-,-
6242,2025,Round of 32,winston-salem_open,Roberto Bautista Agut,bd06,Christopher O'Connell,o483,00:51:12,-,-,-,-,-
6242,2025,Round of 32,winston-salem_open,Hamad Medjedovic,m0jf,Jacob Fearnley,f0by,01:34:57, 6  -  4 , 7  -  6 2 ,-,-,-
6242,2025,Round of 32,winston-salem_open,Mariano Navone,n0bs,Marcos Giron,gc88,01:24:07, 6  -  2 , 6  -  2 ,-,-,-
6242,2025,Round of 32,winston-salem_open,Kamil Majchrzak,mq75,Nuno Borges,bt72,01:07:09, 6  -  1 , 6  -  3 ,-,-,-
6242,2025,Round of 32,winston-salem_open,Sebastian Korda,k0ah,Vit Kopriva,ki82,01:23:08, 6  -  3 , 6  -  4 ,-,-,-
6242,2025,Round of 64,winston-salem_open,Nishesh Basavareddy,b0nn,Raphael Collignon,c0jp,01:38:05, 6  -  2 , 7  -  6 2 ,-,-,-
6242,2025,Round of 64,winston-salem_open,Mattia Bellucci,b0gg,Francisco Comesana,c0df,01:20:54, 6  -  4 , 6  -  3 ,-,-,-
6242,2025,Round of 64,winston-salem_open,Darwin Blanch,b0no,Borna Coric,cg80,01:48:37, 6  -  4 , 7  -  6 5 ,-,-,-
6242,2025,Round of 64,winston-salem_open,Stefan Dostanic,d0d4,Aleksandar Vukic,v832,01:04:34, 6  -  4 , 6  -  2 ,-,-,-
6242,2025,Round of 64,winston-salem_open,Marton Fucsovics,f724,Hugo Gaston,g09o,01:21:18, 6  -  3 , 6  -  3 ,-,-,-
6242,2025,Round of 64,winston-salem_open,Aleksandar Kovacevic,k0az,Filip Misolic,m0jz,01:51:06, 7  -  6 2 , 7  -  6 8 ,-,-,-
6242,2025,Round of 64,winston-salem_open,Mariano Navone,n0bs,Dhakshineswar Suresh,s0de,01:19:44, 6  -  3 , 6  -  3 ,-,-,-
6242,2025,Round of 64,winston-salem_open,Christopher O'Connell,o483,Roman Safiullin,sx50,01:21:49, 6  -  3 , 6  -  3 ,-,-,-
6242,2025,Round of 64,winston-salem_open,Yunchaokete Bu,y09v,Chun-Hsin Tseng,t0ap,03:12:28, 6 2  -  7 , 6  -  3 , 7  -  6 4 ,-,-
6242,2025,Round of 64,winston-salem_open,Pablo Carreno Busta,cd85,Yoshihito Nishioka,n732,00:58:17, 6  -  0 , 6  -  3 ,-,-,-
6242,2025,Round of 64,winston-salem_open,Vit Kopriva,ki82,Sebastian Ofner,o513,01:58:01, 3  -  6 , 6  -  4 , 6  -  3 ,-,-
6242,2025,Round of 64,winston-salem_open,Kamil Majchrzak,mq75,Nicolas Jarry,j551,01:39:07, 7  -  6 6 , 6  -  4 ,-,-,-
6242,2025,Round of 64,winston-salem_open,Pedro Martinez,mo44,David Goffin,gb88,01:33:09, 6  -  3 , 6  -  3 ,-,-,-
6242,2025,Round of 64,winston-salem_open,Mackenzie McDonald,mk66,Brandon Holt,h09p,02:32:05, 6  -  4 , 6 2  -  7 , 7  -  6 2 ,-,-
6242,2025,Round of 64,winston-salem_open,Hamad Medjedovic,m0jf,Arthur Rinderknech,rc91,02:07:44, 6  -  3 , 7  -  6 9 ,-,-,-
6242,2025,Round of 64,winston-salem_open,Botic van de Zandschulp,v812,Adam Walton,w09e,02:29:43, 2  -  6 , 7  -  5 , 6  -  3 ,-,-
6242,2025,2nd Round Qualifying,winston-salem_open,Aleksandar Vukic,v832,Karl Poling,p0c1,01:14:06, 6  -  4 , 6  -  2 ,-,-,-
6242,2025,2nd Round Qualifying,winston-salem_open,Nishesh Basavareddy,b0nn,Tristan Schoolkate,s0n0,01:36:09, 6  -  4 , 6  -  3 ,-,-,-
6242,2025,2nd Round Qualifying,winston-salem_open,Dhakshineswar Suresh,s0de,Alejandro Tabilo,te30,02:04:36, 1  -  6 , 7  -  6 4 , 6  -  3 ,-,-
6242,2025,2nd Round Qualifying,winston-salem_open,Darwin Blanch,b0no,Valentin Royer,r0eb,02:06:47, 4  -  6 , 6  -  2 , 7  -  6 5 ,-,-
6242,2025,1st Round Qualifying,winston-salem_open,Aleksandar Vukic,v832,Luca Pow,p0jl,01:05:17, 6  -  3 , 6  -  4 ,-,-,-
6242,2025,1st Round Qualifying,winston-salem_open,Tristan Schoolkate,s0n0,Cannon Kingsley,k0db,02:10:16, 6 5  -  7 , 6  -  4 , 6  -  1 ,-,-
6242,2025,1st Round Qualifying,winston-salem_open,Alejandro Tabilo,te30,Kyle Seelig,sz28,01:51:24, 6  -  3 , 7  -  5 ,-,-,-
6242,2025,1st Round Qualifying,winston-salem_open,Valentin Royer,r0eb,Kenta Miyoshi,m0rx,01:29:15, 6  -  2 , 6  -  4 ,-,-,-
6242,2025,1st Round Qualifying,winston-salem_open,Nishesh Basavareddy,b0nn,Alex Rybakov,rg42,00:54:20, 6  -  2 , 6  -  0 ,-,-,-
6242,2025,1st Round Qualifying,winston-salem_open,Darwin Blanch,b0no,Tristan Boyer,b0ej,01:06:31, 6  -  2 , 6  -  3 ,-,-,-
6242,2025,1st Round Qualifying,winston-salem_open,Dhakshineswar Suresh,s0de,Aidan Mayo,m0nb,01:13:12, 6  -  3 , 6  -  4 ,-,-,-
6242,2025,1st Round Qualifying,winston-salem_open,Karl Poling,p0c1,Thai-Son Kwiatkowski,kd35,02:13:43, 3  -  6 , 7  -  5 , 6  -  3 ,-,-
